{
    "ENFERMEDAD_f1": 0.7458131745441012,
    "ENFERMEDAD_number": 2611,
    "ENFERMEDAD_precision": 0.7252985884907709,
    "ENFERMEDAD_recall": 0.7675220222137112,
    "epoch": 10.0,
    "eval_ENFERMEDAD_f1": 0.7317339149400217,
    "eval_ENFERMEDAD_number": 1801,
    "eval_ENFERMEDAD_precision": 0.7188002142474558,
    "eval_ENFERMEDAD_recall": 0.745141588006663,
    "eval_loss": 0.2301088571548462,
    "eval_overall_accuracy": 0.9653354775305995,
    "eval_overall_f1": 0.7317339149400217,
    "eval_overall_precision": 0.7188002142474558,
    "eval_overall_recall": 0.745141588006663,
    "eval_runtime": 7.6631,
    "eval_samples_per_second": 33.015,
    "eval_steps_per_second": 4.176,
    "overall_accuracy": 0.9663578873562289,
    "overall_f1": 0.7458131745441012,
    "overall_precision": 0.7252985884907709,
    "overall_recall": 0.7675220222137112,
    "total_flos": 9777634496841408.0,
    "train_loss": 0.04025882401249625,
    "train_runtime": 1932.064,
    "train_samples_per_second": 5.455,
    "train_steps_per_second": 0.683
}