{
    "epoch": 10.0,
    "eval_ENFERMEDAD_f1": 0.7317339149400217,
    "eval_ENFERMEDAD_number": 1801,
    "eval_ENFERMEDAD_precision": 0.7188002142474558,
    "eval_ENFERMEDAD_recall": 0.745141588006663,
    "eval_loss": 0.2301088571548462,
    "eval_overall_accuracy": 0.9653354775305995,
    "eval_overall_f1": 0.7317339149400217,
    "eval_overall_precision": 0.7188002142474558,
    "eval_overall_recall": 0.745141588006663,
    "eval_runtime": 7.6631,
    "eval_samples_per_second": 33.015,
    "eval_steps_per_second": 4.176
}