{
    "ACTIVIDAD_f1": 0.3703703703703704,
    "ACTIVIDAD_number": 28,
    "ACTIVIDAD_precision": 0.38461538461538464,
    "ACTIVIDAD_recall": 0.35714285714285715,
    "PROFESION_f1": 0.8336964415395788,
    "PROFESION_number": 696,
    "PROFESION_precision": 0.8428781204111601,
    "PROFESION_recall": 0.8247126436781609,
    "SITUACION_LABORAL_f1": 0.6459259259259259,
    "SITUACION_LABORAL_number": 356,
    "SITUACION_LABORAL_precision": 0.6833855799373041,
    "SITUACION_LABORAL_recall": 0.6123595505617978,
    "epoch": 10.0,
    "eval_ACTIVIDAD_f1": 0.34782608695652173,
    "eval_ACTIVIDAD_number": 20,
    "eval_ACTIVIDAD_precision": 0.3076923076923077,
    "eval_ACTIVIDAD_recall": 0.4,
    "eval_PROFESION_f1": 0.8621908127208481,
    "eval_PROFESION_number": 559,
    "eval_PROFESION_precision": 0.8516579406631762,
    "eval_PROFESION_recall": 0.8729874776386404,
    "eval_SITUACION_LABORAL_f1": 0.6881188118811881,
    "eval_SITUACION_LABORAL_number": 197,
    "eval_SITUACION_LABORAL_precision": 0.6714975845410628,
    "eval_SITUACION_LABORAL_recall": 0.7055837563451777,
    "eval_loss": 0.01297727320343256,
    "eval_overall_accuracy": 0.9975006921735747,
    "eval_overall_f1": 0.8027812895069533,
    "eval_overall_precision": 0.7878411910669976,
    "eval_overall_recall": 0.8182989690721649,
    "eval_runtime": 11.4815,
    "eval_samples_per_second": 76.123,
    "eval_steps_per_second": 9.581,
    "overall_accuracy": 0.996170420544033,
    "overall_f1": 0.7616334283000951,
    "overall_precision": 0.7816764132553606,
    "overall_recall": 0.7425925925925926,
    "total_flos": 9349364780779392.0,
    "train_loss": 0.005860327656513878,
    "train_runtime": 1753.244,
    "train_samples_per_second": 20.408,
    "train_steps_per_second": 2.555
}