{
    "ACTIVIDAD_f1": 0.3703703703703704,
    "ACTIVIDAD_number": 28,
    "ACTIVIDAD_precision": 0.38461538461538464,
    "ACTIVIDAD_recall": 0.35714285714285715,
    "PROFESION_f1": 0.8336964415395788,
    "PROFESION_number": 696,
    "PROFESION_precision": 0.8428781204111601,
    "PROFESION_recall": 0.8247126436781609,
    "SITUACION_LABORAL_f1": 0.6459259259259259,
    "SITUACION_LABORAL_number": 356,
    "SITUACION_LABORAL_precision": 0.6833855799373041,
    "SITUACION_LABORAL_recall": 0.6123595505617978,
    "overall_accuracy": 0.996170420544033,
    "overall_f1": 0.7616334283000951,
    "overall_precision": 0.7816764132553606,
    "overall_recall": 0.7425925925925926
}