{
    "ENFERMEDAD_f1": 0.7580923194790269,
    "ENFERMEDAD_number": 2550,
    "ENFERMEDAD_precision": 0.7409210033695245,
    "ENFERMEDAD_recall": 0.7760784313725491,
    "epoch": 10.0,
    "eval_ENFERMEDAD_f1": 0.7462686567164178,
    "eval_ENFERMEDAD_number": 1708,
    "eval_ENFERMEDAD_precision": 0.7189365165491047,
    "eval_ENFERMEDAD_recall": 0.7757611241217799,
    "eval_loss": 0.18643003702163696,
    "eval_overall_accuracy": 0.9702541493775934,
    "eval_overall_f1": 0.7462686567164178,
    "eval_overall_precision": 0.7189365165491047,
    "eval_overall_recall": 0.7757611241217799,
    "eval_runtime": 2.8973,
    "eval_samples_per_second": 73.863,
    "eval_steps_per_second": 9.319,
    "overall_accuracy": 0.97139320471231,
    "overall_f1": 0.7580923194790269,
    "overall_precision": 0.7409210033695245,
    "overall_recall": 0.7760784313725491,
    "total_flos": 2199730302982080.0,
    "train_loss": 0.029336243994393437,
    "train_runtime": 522.7512,
    "train_samples_per_second": 16.164,
    "train_steps_per_second": 2.028
}