{
    "ENFERMEDAD_f1": 0.7580923194790269,
    "ENFERMEDAD_number": 2550,
    "ENFERMEDAD_precision": 0.7409210033695245,
    "ENFERMEDAD_recall": 0.7760784313725491,
    "overall_accuracy": 0.97139320471231,
    "overall_f1": 0.7580923194790269,
    "overall_precision": 0.7409210033695245,
    "overall_recall": 0.7760784313725491
}