{
    "epoch": 10.0,
    "eval_NORMALIZABLES_f1": 0.896169820027688,
    "eval_NORMALIZABLES_number": 1104,
    "eval_NORMALIZABLES_precision": 0.9134524929444967,
    "eval_NORMALIZABLES_recall": 0.8795289855072463,
    "eval_NO_NORMALIZABLES_f1": 0.10526315789473684,
    "eval_NO_NORMALIZABLES_number": 16,
    "eval_NO_NORMALIZABLES_precision": 0.3333333333333333,
    "eval_NO_NORMALIZABLES_recall": 0.0625,
    "eval_PROTEINAS_f1": 0.8774279973208305,
    "eval_PROTEINAS_number": 733,
    "eval_PROTEINAS_precision": 0.8618421052631579,
    "eval_PROTEINAS_recall": 0.8935879945429741,
    "eval_UNCLEAR_f1": 0.8510638297872342,
    "eval_UNCLEAR_number": 44,
    "eval_UNCLEAR_precision": 0.8,
    "eval_UNCLEAR_recall": 0.9090909090909091,
    "eval_loss": 0.0269350353628397,
    "eval_overall_accuracy": 0.9953423525129704,
    "eval_overall_f1": 0.8836469652796184,
    "eval_overall_precision": 0.8885927505330491,
    "eval_overall_recall": 0.8787559304164471,
    "eval_runtime": 8.7221,
    "eval_samples_per_second": 434.185,
    "eval_steps_per_second": 27.172
}