{
    "NORMALIZABLES_f1": 0.90498687664042,
    "NORMALIZABLES_number": 962,
    "NORMALIZABLES_precision": 0.9141039236479321,
    "NORMALIZABLES_recall": 0.896049896049896,
    "NO_NORMALIZABLES_f1": 0.0,
    "NO_NORMALIZABLES_number": 10,
    "NO_NORMALIZABLES_precision": 0.0,
    "NO_NORMALIZABLES_recall": 0.0,
    "PROTEINAS_f1": 0.8481984642646191,
    "PROTEINAS_number": 830,
    "PROTEINAS_precision": 0.831981460023175,
    "PROTEINAS_recall": 0.8650602409638555,
    "UNCLEAR_f1": 0.7384615384615385,
    "UNCLEAR_number": 34,
    "UNCLEAR_precision": 0.7741935483870968,
    "UNCLEAR_recall": 0.7058823529411765,
    "overall_accuracy": 0.995484762562844,
    "overall_f1": 0.8717391304347826,
    "overall_precision": 0.8698481561822126,
    "overall_recall": 0.8736383442265795
}