{
    "epoch": 9.848,
    "eval_NORMALIZABLES_f1": 0.9122036874451273,
    "eval_NORMALIZABLES_number": 1121,
    "eval_NORMALIZABLES_precision": 0.8980121002592912,
    "eval_NORMALIZABLES_recall": 0.9268510258697591,
    "eval_NO_NORMALIZABLES_f1": 0.18181818181818182,
    "eval_NO_NORMALIZABLES_number": 16,
    "eval_NO_NORMALIZABLES_precision": 0.3333333333333333,
    "eval_NO_NORMALIZABLES_recall": 0.125,
    "eval_PROTEINAS_f1": 0.8846153846153847,
    "eval_PROTEINAS_number": 745,
    "eval_PROTEINAS_precision": 0.8741808650065531,
    "eval_PROTEINAS_recall": 0.8953020134228188,
    "eval_UNCLEAR_f1": 0.7291666666666666,
    "eval_UNCLEAR_number": 44,
    "eval_UNCLEAR_precision": 0.6730769230769231,
    "eval_UNCLEAR_recall": 0.7954545454545454,
    "eval_loss": 0.023683300241827965,
    "eval_overall_accuracy": 0.995289966923925,
    "eval_overall_f1": 0.8929303278688524,
    "eval_overall_precision": 0.8811931243680485,
    "eval_overall_recall": 0.9049844236760125,
    "eval_runtime": 7.1873,
    "eval_samples_per_second": 34.784,
    "eval_steps_per_second": 8.765
}