{
    "PROCEDIMIENTO_f1": 0.7518447663295982,
    "PROCEDIMIENTO_number": 3557,
    "PROCEDIMIENTO_precision": 0.7314544004254188,
    "PROCEDIMIENTO_recall": 0.7734045543997751,
    "epoch": 10.0,
    "eval_PROCEDIMIENTO_f1": 0.7494745691467004,
    "eval_PROCEDIMIENTO_number": 2308,
    "eval_PROCEDIMIENTO_precision": 0.7277551020408163,
    "eval_PROCEDIMIENTO_recall": 0.7725303292894281,
    "eval_loss": 0.18346628546714783,
    "eval_overall_accuracy": 0.963324953282336,
    "eval_overall_f1": 0.7494745691467004,
    "eval_overall_precision": 0.7277551020408163,
    "eval_overall_recall": 0.7725303292894281,
    "eval_runtime": 2.6337,
    "eval_samples_per_second": 78.975,
    "eval_steps_per_second": 4.936,
    "overall_accuracy": 0.9629691031088852,
    "overall_f1": 0.7518447663295982,
    "overall_precision": 0.7314544004254188,
    "overall_recall": 0.7734045543997751,
    "total_flos": 2168456064664320.0,
    "train_loss": 0.07469373417015258,
    "train_runtime": 582.3325,
    "train_samples_per_second": 14.253,
    "train_steps_per_second": 0.893
}