{
    "epoch": 10.0,
    "eval_NORMALIZABLES_f1": 0.901624548736462,
    "eval_NORMALIZABLES_number": 1104,
    "eval_NORMALIZABLES_precision": 0.8983812949640287,
    "eval_NORMALIZABLES_recall": 0.904891304347826,
    "eval_NO_NORMALIZABLES_f1": 0.16666666666666666,
    "eval_NO_NORMALIZABLES_number": 16,
    "eval_NO_NORMALIZABLES_precision": 0.25,
    "eval_NO_NORMALIZABLES_recall": 0.125,
    "eval_PROTEINAS_f1": 0.8699795779441798,
    "eval_PROTEINAS_number": 733,
    "eval_PROTEINAS_precision": 0.8682065217391305,
    "eval_PROTEINAS_recall": 0.8717598908594816,
    "eval_UNCLEAR_f1": 0.8478260869565218,
    "eval_UNCLEAR_number": 44,
    "eval_UNCLEAR_precision": 0.8125,
    "eval_UNCLEAR_recall": 0.8863636363636364,
    "eval_loss": 0.028885474428534508,
    "eval_overall_accuracy": 0.995354690652009,
    "eval_overall_f1": 0.8834517232307288,
    "eval_overall_precision": 0.881827731092437,
    "eval_overall_recall": 0.8850817079599368,
    "eval_runtime": 8.7551,
    "eval_samples_per_second": 432.548,
    "eval_steps_per_second": 27.07
}