{
    "NORMALIZABLES_f1": 0.9122077922077922,
    "NORMALIZABLES_number": 962,
    "NORMALIZABLES_precision": 0.9117341640706127,
    "NORMALIZABLES_recall": 0.9126819126819127,
    "NO_NORMALIZABLES_f1": 0.0,
    "NO_NORMALIZABLES_number": 10,
    "NO_NORMALIZABLES_precision": 0.0,
    "NO_NORMALIZABLES_recall": 0.0,
    "PROTEINAS_f1": 0.8547815820543093,
    "PROTEINAS_number": 830,
    "PROTEINAS_precision": 0.8379629629629629,
    "PROTEINAS_recall": 0.8722891566265061,
    "UNCLEAR_f1": 0.7142857142857144,
    "UNCLEAR_number": 34,
    "UNCLEAR_precision": 0.6944444444444444,
    "UNCLEAR_recall": 0.7352941176470589,
    "overall_accuracy": 0.995752817555815,
    "overall_f1": 0.877088948787062,
    "overall_precision": 0.8681963713980789,
    "overall_recall": 0.8861655773420479
}