{
    "PROCEDIMIENTO_f1": 0.7507499318243797,
    "PROCEDIMIENTO_number": 3542,
    "PROCEDIMIENTO_precision": 0.7260021097046413,
    "PROCEDIMIENTO_recall": 0.777244494635799,
    "epoch": 10.0,
    "eval_PROCEDIMIENTO_f1": 0.7534614589791279,
    "eval_PROCEDIMIENTO_number": 2330,
    "eval_PROCEDIMIENTO_precision": 0.726584296532483,
    "eval_PROCEDIMIENTO_recall": 0.7824034334763948,
    "eval_loss": 0.14612877368927002,
    "eval_overall_accuracy": 0.9666653619841612,
    "eval_overall_f1": 0.7534614589791279,
    "eval_overall_precision": 0.726584296532483,
    "eval_overall_recall": 0.7824034334763948,
    "eval_runtime": 3.8378,
    "eval_samples_per_second": 55.24,
    "eval_steps_per_second": 3.648,
    "overall_accuracy": 0.9638552159808775,
    "overall_f1": 0.7507499318243797,
    "overall_precision": 0.7260021097046413,
    "overall_recall": 0.777244494635799,
    "total_flos": 2210525222840064.0,
    "train_loss": 0.04633617727261669,
    "train_runtime": 506.869,
    "train_samples_per_second": 16.691,
    "train_steps_per_second": 1.046
}