{
    "PROCEDIMIENTO_f1": 0.7507499318243797,
    "PROCEDIMIENTO_number": 3542,
    "PROCEDIMIENTO_precision": 0.7260021097046413,
    "PROCEDIMIENTO_recall": 0.777244494635799,
    "overall_accuracy": 0.9638552159808775,
    "overall_f1": 0.7507499318243797,
    "overall_precision": 0.7260021097046413,
    "overall_recall": 0.777244494635799
}