{
    "ENFERMEDAD_f1": 0.7225118047464278,
    "ENFERMEDAD_number": 7784,
    "ENFERMEDAD_precision": 0.6911885486331104,
    "ENFERMEDAD_recall": 0.756808838643371,
    "epoch": 10.0,
    "eval_ENFERMEDAD_f1": 0.722705771050142,
    "eval_ENFERMEDAD_number": 10184,
    "eval_ENFERMEDAD_precision": 0.6972435195326762,
    "eval_ENFERMEDAD_recall": 0.7500981932443048,
    "eval_loss": 0.2122899889945984,
    "eval_overall_accuracy": 0.9652412027613991,
    "eval_overall_f1": 0.722705771050142,
    "eval_overall_precision": 0.6972435195326762,
    "eval_overall_recall": 0.7500981932443048,
    "eval_runtime": 16.5612,
    "eval_samples_per_second": 15.579,
    "eval_steps_per_second": 3.925,
    "overall_accuracy": 0.9656330401238118,
    "overall_f1": 0.7225118047464278,
    "overall_precision": 0.6911885486331104,
    "overall_recall": 0.756808838643371,
    "total_flos": 4615462244332800.0,
    "train_loss": 0.02897906129360199,
    "train_runtime": 1329.121,
    "train_samples_per_second": 7.524,
    "train_steps_per_second": 0.94
}