{
    "epoch": 10.0,
    "eval_DIAGNOSTICO_f1": 0.6578585191301954,
    "eval_DIAGNOSTICO_number": 3584,
    "eval_DIAGNOSTICO_precision": 0.6491037479630636,
    "eval_DIAGNOSTICO_recall": 0.6668526785714286,
    "eval_PROCEDIMIENTO_f1": 0.5932746196957567,
    "eval_PROCEDIMIENTO_number": 1295,
    "eval_PROCEDIMIENTO_precision": 0.6159600997506235,
    "eval_PROCEDIMIENTO_recall": 0.5722007722007721,
    "eval_loss": 0.16443336009979248,
    "eval_overall_accuracy": 0.9548197978718388,
    "eval_overall_f1": 0.6413355182302335,
    "eval_overall_precision": 0.6409416581371545,
    "eval_overall_recall": 0.641729862676778,
    "eval_runtime": 4.4964,
    "eval_samples_per_second": 77.395,
    "eval_steps_per_second": 9.786
}