{
    "DIAGNOSTICO_f1": 0.6822865208186308,
    "DIAGNOSTICO_number": 3494,
    "DIAGNOSTICO_precision": 0.6730715678084099,
    "DIAGNOSTICO_recall": 0.6917572982255294,
    "PROCEDIMIENTO_f1": 0.5986173241154942,
    "PROCEDIMIENTO_number": 1243,
    "PROCEDIMIENTO_precision": 0.6052631578947368,
    "PROCEDIMIENTO_recall": 0.5921158487530169,
    "overall_accuracy": 0.9561121722521271,
    "overall_f1": 0.660729253981559,
    "overall_precision": 0.655918452257125,
    "overall_recall": 0.6656111462951235
}