{
    "NORMALIZABLES_f1": 0.9314786192684182,
    "NORMALIZABLES_number": 961,
    "NORMALIZABLES_precision": 0.9224489795918367,
    "NORMALIZABLES_recall": 0.9406867845993756,
    "NO_NORMALIZABLES_f1": 0.15384615384615383,
    "NO_NORMALIZABLES_number": 10,
    "NO_NORMALIZABLES_precision": 0.3333333333333333,
    "NO_NORMALIZABLES_recall": 0.1,
    "PROTEINAS_f1": 0.8584686774941995,
    "PROTEINAS_number": 835,
    "PROTEINAS_precision": 0.8323959505061868,
    "PROTEINAS_recall": 0.8862275449101796,
    "UNCLEAR_f1": 0.8405797101449276,
    "UNCLEAR_number": 34,
    "UNCLEAR_precision": 0.8285714285714286,
    "UNCLEAR_recall": 0.8529411764705882,
    "epoch": 9.990654205607477,
    "eval_NORMALIZABLES_f1": 0.9227313566936208,
    "eval_NORMALIZABLES_number": 1104,
    "eval_NORMALIZABLES_precision": 0.9153297682709447,
    "eval_NORMALIZABLES_recall": 0.9302536231884058,
    "eval_NO_NORMALIZABLES_f1": 0.23076923076923075,
    "eval_NO_NORMALIZABLES_number": 16,
    "eval_NO_NORMALIZABLES_precision": 0.3,
    "eval_NO_NORMALIZABLES_recall": 0.1875,
    "eval_PROTEINAS_f1": 0.8968307484828051,
    "eval_PROTEINAS_number": 736,
    "eval_PROTEINAS_precision": 0.8902275769745649,
    "eval_PROTEINAS_recall": 0.9035326086956522,
    "eval_UNCLEAR_f1": 0.9010989010989012,
    "eval_UNCLEAR_number": 44,
    "eval_UNCLEAR_precision": 0.8723404255319149,
    "eval_UNCLEAR_recall": 0.9318181818181818,
    "eval_loss": 0.0381864495575428,
    "eval_overall_accuracy": 0.9952569029002434,
    "eval_overall_f1": 0.9074751698902247,
    "eval_overall_precision": 0.90134994807892,
    "eval_overall_recall": 0.9136842105263158,
    "eval_runtime": 60.6411,
    "eval_samples_per_second": 62.449,
    "eval_steps_per_second": 15.616,
    "overall_accuracy": 0.9952275717369059,
    "overall_f1": 0.8935148118494796,
    "overall_precision": 0.8778185631882538,
    "overall_recall": 0.9097826086956522,
    "total_flos": 2832324460224480.0,
    "train_loss": 0.009054691760111453,
    "train_runtime": 5078.1409,
    "train_samples_per_second": 16.008,
    "train_steps_per_second": 2.001
}