{
    "epoch": 9.990654205607477,
    "eval_NORMALIZABLES_f1": 0.9227313566936208,
    "eval_NORMALIZABLES_number": 1104,
    "eval_NORMALIZABLES_precision": 0.9153297682709447,
    "eval_NORMALIZABLES_recall": 0.9302536231884058,
    "eval_NO_NORMALIZABLES_f1": 0.23076923076923075,
    "eval_NO_NORMALIZABLES_number": 16,
    "eval_NO_NORMALIZABLES_precision": 0.3,
    "eval_NO_NORMALIZABLES_recall": 0.1875,
    "eval_PROTEINAS_f1": 0.8968307484828051,
    "eval_PROTEINAS_number": 736,
    "eval_PROTEINAS_precision": 0.8902275769745649,
    "eval_PROTEINAS_recall": 0.9035326086956522,
    "eval_UNCLEAR_f1": 0.9010989010989012,
    "eval_UNCLEAR_number": 44,
    "eval_UNCLEAR_precision": 0.8723404255319149,
    "eval_UNCLEAR_recall": 0.9318181818181818,
    "eval_loss": 0.0381864495575428,
    "eval_overall_accuracy": 0.9952569029002434,
    "eval_overall_f1": 0.9074751698902247,
    "eval_overall_precision": 0.90134994807892,
    "eval_overall_recall": 0.9136842105263158,
    "eval_runtime": 60.6411,
    "eval_samples_per_second": 62.449,
    "eval_steps_per_second": 15.616
}