{
    "NORMALIZABLES_f1": 0.9314786192684182,
    "NORMALIZABLES_number": 961,
    "NORMALIZABLES_precision": 0.9224489795918367,
    "NORMALIZABLES_recall": 0.9406867845993756,
    "NO_NORMALIZABLES_f1": 0.15384615384615383,
    "NO_NORMALIZABLES_number": 10,
    "NO_NORMALIZABLES_precision": 0.3333333333333333,
    "NO_NORMALIZABLES_recall": 0.1,
    "PROTEINAS_f1": 0.8584686774941995,
    "PROTEINAS_number": 835,
    "PROTEINAS_precision": 0.8323959505061868,
    "PROTEINAS_recall": 0.8862275449101796,
    "UNCLEAR_f1": 0.8405797101449276,
    "UNCLEAR_number": 34,
    "UNCLEAR_precision": 0.8285714285714286,
    "UNCLEAR_recall": 0.8529411764705882,
    "overall_accuracy": 0.9952275717369059,
    "overall_f1": 0.8935148118494796,
    "overall_precision": 0.8778185631882538,
    "overall_recall": 0.9097826086956522
}