{
    "ENFERMEDAD_f1": 0.6808377618005628,
    "ENFERMEDAD_number": 7757,
    "ENFERMEDAD_precision": 0.6609613983976693,
    "ENFERMEDAD_recall": 0.70194662885136,
    "epoch": 10.0,
    "eval_ENFERMEDAD_f1": 0.6752394398443164,
    "eval_ENFERMEDAD_number": 12663,
    "eval_ENFERMEDAD_precision": 0.6532782043709392,
    "eval_ENFERMEDAD_recall": 0.6987285793255943,
    "eval_loss": 0.2712957262992859,
    "eval_overall_accuracy": 0.9566438382596976,
    "eval_overall_f1": 0.6752394398443164,
    "eval_overall_precision": 0.6532782043709392,
    "eval_overall_recall": 0.6987285793255943,
    "eval_runtime": 18.9764,
    "eval_samples_per_second": 74.514,
    "eval_steps_per_second": 9.327,
    "overall_accuracy": 0.958733821540007,
    "overall_f1": 0.6808377618005628,
    "overall_precision": 0.6609613983976693,
    "overall_recall": 0.70194662885136,
    "total_flos": 5017866589745856.0,
    "train_loss": 0.03497178411088049,
    "train_runtime": 1392.4617,
    "train_samples_per_second": 13.803,
    "train_steps_per_second": 1.731
}