{
    "NORMALIZABLES_f1": 0.9299429164504411,
    "NORMALIZABLES_number": 961,
    "NORMALIZABLES_precision": 0.927536231884058,
    "NORMALIZABLES_recall": 0.9323621227887617,
    "NO_NORMALIZABLES_f1": 0.0,
    "NO_NORMALIZABLES_number": 10,
    "NO_NORMALIZABLES_precision": 0.0,
    "NO_NORMALIZABLES_recall": 0.0,
    "PROTEINAS_f1": 0.8613053613053612,
    "PROTEINAS_number": 835,
    "PROTEINAS_precision": 0.8388195232690124,
    "PROTEINAS_recall": 0.8850299401197604,
    "UNCLEAR_f1": 0.8656716417910447,
    "UNCLEAR_number": 34,
    "UNCLEAR_precision": 0.8787878787878788,
    "UNCLEAR_recall": 0.8529411764705882,
    "epoch": 9.990654205607477,
    "eval_NORMALIZABLES_f1": 0.9176470588235294,
    "eval_NORMALIZABLES_number": 1104,
    "eval_NORMALIZABLES_precision": 0.9168173598553345,
    "eval_NORMALIZABLES_recall": 0.9184782608695652,
    "eval_NO_NORMALIZABLES_f1": 0.15384615384615385,
    "eval_NO_NORMALIZABLES_number": 16,
    "eval_NO_NORMALIZABLES_precision": 0.2,
    "eval_NO_NORMALIZABLES_recall": 0.125,
    "eval_PROTEINAS_f1": 0.887390424814565,
    "eval_PROTEINAS_number": 736,
    "eval_PROTEINAS_precision": 0.8808567603748326,
    "eval_PROTEINAS_recall": 0.8940217391304348,
    "eval_UNCLEAR_f1": 0.8510638297872342,
    "eval_UNCLEAR_number": 44,
    "eval_UNCLEAR_precision": 0.8,
    "eval_UNCLEAR_recall": 0.9090909090909091,
    "eval_loss": 0.04582180455327034,
    "eval_overall_accuracy": 0.9944366680634433,
    "eval_overall_f1": 0.8990296354576448,
    "eval_overall_precision": 0.8959749085206482,
    "eval_overall_recall": 0.9021052631578947,
    "eval_runtime": 113.5139,
    "eval_samples_per_second": 33.362,
    "eval_steps_per_second": 8.343,
    "overall_accuracy": 0.9952447696765927,
    "overall_f1": 0.8943832303144317,
    "overall_precision": 0.8846358320042531,
    "overall_recall": 0.9043478260869565,
    "total_flos": 2832324460224480.0,
    "train_loss": 0.008116501428857885,
    "train_runtime": 11101.4702,
    "train_samples_per_second": 7.322,
    "train_steps_per_second": 0.915
}