{
    "epoch": 9.990654205607477,
    "eval_NORMALIZABLES_f1": 0.9176470588235294,
    "eval_NORMALIZABLES_number": 1104,
    "eval_NORMALIZABLES_precision": 0.9168173598553345,
    "eval_NORMALIZABLES_recall": 0.9184782608695652,
    "eval_NO_NORMALIZABLES_f1": 0.15384615384615385,
    "eval_NO_NORMALIZABLES_number": 16,
    "eval_NO_NORMALIZABLES_precision": 0.2,
    "eval_NO_NORMALIZABLES_recall": 0.125,
    "eval_PROTEINAS_f1": 0.887390424814565,
    "eval_PROTEINAS_number": 736,
    "eval_PROTEINAS_precision": 0.8808567603748326,
    "eval_PROTEINAS_recall": 0.8940217391304348,
    "eval_UNCLEAR_f1": 0.8510638297872342,
    "eval_UNCLEAR_number": 44,
    "eval_UNCLEAR_precision": 0.8,
    "eval_UNCLEAR_recall": 0.9090909090909091,
    "eval_loss": 0.04582180455327034,
    "eval_overall_accuracy": 0.9944366680634433,
    "eval_overall_f1": 0.8990296354576448,
    "eval_overall_precision": 0.8959749085206482,
    "eval_overall_recall": 0.9021052631578947,
    "eval_runtime": 113.5139,
    "eval_samples_per_second": 33.362,
    "eval_steps_per_second": 8.343
}