{
    "NORMALIZABLES_f1": 0.9299429164504411,
    "NORMALIZABLES_number": 961,
    "NORMALIZABLES_precision": 0.927536231884058,
    "NORMALIZABLES_recall": 0.9323621227887617,
    "NO_NORMALIZABLES_f1": 0.0,
    "NO_NORMALIZABLES_number": 10,
    "NO_NORMALIZABLES_precision": 0.0,
    "NO_NORMALIZABLES_recall": 0.0,
    "PROTEINAS_f1": 0.8613053613053612,
    "PROTEINAS_number": 835,
    "PROTEINAS_precision": 0.8388195232690124,
    "PROTEINAS_recall": 0.8850299401197604,
    "UNCLEAR_f1": 0.8656716417910447,
    "UNCLEAR_number": 34,
    "UNCLEAR_precision": 0.8787878787878788,
    "UNCLEAR_recall": 0.8529411764705882,
    "overall_accuracy": 0.9952447696765927,
    "overall_f1": 0.8943832303144317,
    "overall_precision": 0.8846358320042531,
    "overall_recall": 0.9043478260869565
}