{
    "epoch": 9.990654205607477,
    "total_flos": 2832324460224480.0,
    "train_loss": 0.008116501428857885,
    "train_runtime": 11101.4702,
    "train_samples_per_second": 7.322,
    "train_steps_per_second": 0.915
}