{
    "NORMALIZABLES_f1": 0.9242658423493044,
    "NORMALIZABLES_number": 961,
    "NORMALIZABLES_precision": 0.9153061224489796,
    "NORMALIZABLES_recall": 0.9334027055150884,
    "NO_NORMALIZABLES_f1": 0.0,
    "NO_NORMALIZABLES_number": 10,
    "NO_NORMALIZABLES_precision": 0.0,
    "NO_NORMALIZABLES_recall": 0.0,
    "PROTEINAS_f1": 0.8606413994169096,
    "PROTEINAS_number": 835,
    "PROTEINAS_precision": 0.8386363636363636,
    "PROTEINAS_recall": 0.8838323353293414,
    "UNCLEAR_f1": 0.8358208955223881,
    "UNCLEAR_number": 34,
    "UNCLEAR_precision": 0.8484848484848485,
    "UNCLEAR_recall": 0.8235294117647058,
    "epoch": 9.990654205607477,
    "eval_NORMALIZABLES_f1": 0.923076923076923,
    "eval_NORMALIZABLES_number": 1104,
    "eval_NORMALIZABLES_precision": 0.9222423146473779,
    "eval_NORMALIZABLES_recall": 0.9239130434782609,
    "eval_NO_NORMALIZABLES_f1": 0.18181818181818182,
    "eval_NO_NORMALIZABLES_number": 16,
    "eval_NO_NORMALIZABLES_precision": 0.3333333333333333,
    "eval_NO_NORMALIZABLES_recall": 0.125,
    "eval_PROTEINAS_f1": 0.8941655359565808,
    "eval_PROTEINAS_number": 736,
    "eval_PROTEINAS_precision": 0.8929539295392954,
    "eval_PROTEINAS_recall": 0.8953804347826086,
    "eval_UNCLEAR_f1": 0.8510638297872342,
    "eval_UNCLEAR_number": 44,
    "eval_UNCLEAR_precision": 0.8,
    "eval_UNCLEAR_recall": 0.9090909090909091,
    "eval_loss": 0.04674942418932915,
    "eval_overall_accuracy": 0.9945347396200173,
    "eval_overall_f1": 0.9057894736842105,
    "eval_overall_precision": 0.9057894736842105,
    "eval_overall_recall": 0.9057894736842105,
    "eval_runtime": 42.3579,
    "eval_samples_per_second": 89.405,
    "eval_steps_per_second": 22.357,
    "overall_accuracy": 0.9950727902797245,
    "overall_f1": 0.8904953145917002,
    "overall_precision": 0.8775725593667546,
    "overall_recall": 0.903804347826087,
    "total_flos": 2832324460224480.0,
    "train_loss": 0.007737841052699863,
    "train_runtime": 4087.9152,
    "train_samples_per_second": 19.885,
    "train_steps_per_second": 2.485
}