{
    "epoch": 9.990654205607477,
    "eval_NORMALIZABLES_f1": 0.923076923076923,
    "eval_NORMALIZABLES_number": 1104,
    "eval_NORMALIZABLES_precision": 0.9222423146473779,
    "eval_NORMALIZABLES_recall": 0.9239130434782609,
    "eval_NO_NORMALIZABLES_f1": 0.18181818181818182,
    "eval_NO_NORMALIZABLES_number": 16,
    "eval_NO_NORMALIZABLES_precision": 0.3333333333333333,
    "eval_NO_NORMALIZABLES_recall": 0.125,
    "eval_PROTEINAS_f1": 0.8941655359565808,
    "eval_PROTEINAS_number": 736,
    "eval_PROTEINAS_precision": 0.8929539295392954,
    "eval_PROTEINAS_recall": 0.8953804347826086,
    "eval_UNCLEAR_f1": 0.8510638297872342,
    "eval_UNCLEAR_number": 44,
    "eval_UNCLEAR_precision": 0.8,
    "eval_UNCLEAR_recall": 0.9090909090909091,
    "eval_loss": 0.04674942418932915,
    "eval_overall_accuracy": 0.9945347396200173,
    "eval_overall_f1": 0.9057894736842105,
    "eval_overall_precision": 0.9057894736842105,
    "eval_overall_recall": 0.9057894736842105,
    "eval_runtime": 42.3579,
    "eval_samples_per_second": 89.405,
    "eval_steps_per_second": 22.357
}