{
    "NORMALIZABLES_f1": 0.9242658423493044,
    "NORMALIZABLES_number": 961,
    "NORMALIZABLES_precision": 0.9153061224489796,
    "NORMALIZABLES_recall": 0.9334027055150884,
    "NO_NORMALIZABLES_f1": 0.0,
    "NO_NORMALIZABLES_number": 10,
    "NO_NORMALIZABLES_precision": 0.0,
    "NO_NORMALIZABLES_recall": 0.0,
    "PROTEINAS_f1": 0.8606413994169096,
    "PROTEINAS_number": 835,
    "PROTEINAS_precision": 0.8386363636363636,
    "PROTEINAS_recall": 0.8838323353293414,
    "UNCLEAR_f1": 0.8358208955223881,
    "UNCLEAR_number": 34,
    "UNCLEAR_precision": 0.8484848484848485,
    "UNCLEAR_recall": 0.8235294117647058,
    "overall_accuracy": 0.9950727902797245,
    "overall_f1": 0.8904953145917002,
    "overall_precision": 0.8775725593667546,
    "overall_recall": 0.903804347826087
}