{
    "PROCEDIMIENTO_f1": 0.7316473000683528,
    "PROCEDIMIENTO_number": 3533,
    "PROCEDIMIENTO_precision": 0.7075621364357483,
    "PROCEDIMIENTO_recall": 0.7574299462213416,
    "epoch": 10.0,
    "eval_PROCEDIMIENTO_f1": 0.7407551576488907,
    "eval_PROCEDIMIENTO_number": 2459,
    "eval_PROCEDIMIENTO_precision": 0.7103396789846957,
    "eval_PROCEDIMIENTO_recall": 0.7738918259455063,
    "eval_loss": 0.19562792778015137,
    "eval_overall_accuracy": 0.9647856594288906,
    "eval_overall_f1": 0.7407551576488907,
    "eval_overall_precision": 0.7103396789846957,
    "eval_overall_recall": 0.7738918259455063,
    "eval_runtime": 3.6827,
    "eval_samples_per_second": 75.488,
    "eval_steps_per_second": 9.504,
    "overall_accuracy": 0.962500452237672,
    "overall_f1": 0.7316473000683528,
    "overall_precision": 0.7075621364357483,
    "overall_recall": 0.7574299462213416,
    "total_flos": 3030046638943104.0,
    "train_loss": 0.04462388383931127,
    "train_runtime": 905.571,
    "train_samples_per_second": 12.81,
    "train_steps_per_second": 1.601
}