{
    "NORMALIZABLES_f1": 0.9086320040383645,
    "NORMALIZABLES_number": 990,
    "NORMALIZABLES_precision": 0.9081735620585267,
    "NORMALIZABLES_recall": 0.9090909090909091,
    "NO_NORMALIZABLES_f1": 0.0,
    "NO_NORMALIZABLES_number": 10,
    "NO_NORMALIZABLES_precision": 0.0,
    "NO_NORMALIZABLES_recall": 0.0,
    "PROTEINAS_f1": 0.8565310492505355,
    "PROTEINAS_number": 895,
    "PROTEINAS_precision": 0.8221993833504625,
    "PROTEINAS_recall": 0.8938547486033519,
    "UNCLEAR_f1": 0.759493670886076,
    "UNCLEAR_number": 35,
    "UNCLEAR_precision": 0.6818181818181818,
    "UNCLEAR_recall": 0.8571428571428571,
    "epoch": 10.0,
    "eval_NORMALIZABLES_f1": 0.8951883625512869,
    "eval_NORMALIZABLES_number": 1344,
    "eval_NORMALIZABLES_precision": 0.8975317875841436,
    "eval_NORMALIZABLES_recall": 0.8928571428571429,
    "eval_NO_NORMALIZABLES_f1": 0.11428571428571428,
    "eval_NO_NORMALIZABLES_number": 17,
    "eval_NO_NORMALIZABLES_precision": 0.1111111111111111,
    "eval_NO_NORMALIZABLES_recall": 0.11764705882352941,
    "eval_PROTEINAS_f1": 0.8782017773131208,
    "eval_PROTEINAS_number": 921,
    "eval_PROTEINAS_precision": 0.8467741935483871,
    "eval_PROTEINAS_recall": 0.9120521172638436,
    "eval_UNCLEAR_f1": 0.7678571428571428,
    "eval_UNCLEAR_number": 50,
    "eval_UNCLEAR_precision": 0.6935483870967742,
    "eval_UNCLEAR_recall": 0.86,
    "eval_loss": 0.0311745572835207,
    "eval_overall_accuracy": 0.9946279299462794,
    "eval_overall_f1": 0.8795612739928285,
    "eval_overall_precision": 0.8655043586550436,
    "eval_overall_recall": 0.894082332761578,
    "eval_runtime": 9.8412,
    "eval_samples_per_second": 42.373,
    "eval_steps_per_second": 5.386,
    "overall_accuracy": 0.995109697763288,
    "overall_f1": 0.8766151507474031,
    "overall_precision": 0.857709469509172,
    "overall_recall": 0.8963730569948186,
    "total_flos": 8139961707238272.0,
    "train_loss": 0.011070739832622084,
    "train_runtime": 1806.54,
    "train_samples_per_second": 4.855,
    "train_steps_per_second": 0.609
}