{
    "epoch": 10.0,
    "eval_NORMALIZABLES_f1": 0.8951883625512869,
    "eval_NORMALIZABLES_number": 1344,
    "eval_NORMALIZABLES_precision": 0.8975317875841436,
    "eval_NORMALIZABLES_recall": 0.8928571428571429,
    "eval_NO_NORMALIZABLES_f1": 0.11428571428571428,
    "eval_NO_NORMALIZABLES_number": 17,
    "eval_NO_NORMALIZABLES_precision": 0.1111111111111111,
    "eval_NO_NORMALIZABLES_recall": 0.11764705882352941,
    "eval_PROTEINAS_f1": 0.8782017773131208,
    "eval_PROTEINAS_number": 921,
    "eval_PROTEINAS_precision": 0.8467741935483871,
    "eval_PROTEINAS_recall": 0.9120521172638436,
    "eval_UNCLEAR_f1": 0.7678571428571428,
    "eval_UNCLEAR_number": 50,
    "eval_UNCLEAR_precision": 0.6935483870967742,
    "eval_UNCLEAR_recall": 0.86,
    "eval_loss": 0.0311745572835207,
    "eval_overall_accuracy": 0.9946279299462794,
    "eval_overall_f1": 0.8795612739928285,
    "eval_overall_precision": 0.8655043586550436,
    "eval_overall_recall": 0.894082332761578,
    "eval_runtime": 9.8412,
    "eval_samples_per_second": 42.373,
    "eval_steps_per_second": 5.386
}