{
    "NORMALIZABLES_f1": 0.9086320040383645,
    "NORMALIZABLES_number": 990,
    "NORMALIZABLES_precision": 0.9081735620585267,
    "NORMALIZABLES_recall": 0.9090909090909091,
    "NO_NORMALIZABLES_f1": 0.0,
    "NO_NORMALIZABLES_number": 10,
    "NO_NORMALIZABLES_precision": 0.0,
    "NO_NORMALIZABLES_recall": 0.0,
    "PROTEINAS_f1": 0.8565310492505355,
    "PROTEINAS_number": 895,
    "PROTEINAS_precision": 0.8221993833504625,
    "PROTEINAS_recall": 0.8938547486033519,
    "UNCLEAR_f1": 0.759493670886076,
    "UNCLEAR_number": 35,
    "UNCLEAR_precision": 0.6818181818181818,
    "UNCLEAR_recall": 0.8571428571428571,
    "overall_accuracy": 0.995109697763288,
    "overall_f1": 0.8766151507474031,
    "overall_precision": 0.857709469509172,
    "overall_recall": 0.8963730569948186
}