{
    "NORMALIZABLES_f1": 0.9287169042769857,
    "NORMALIZABLES_number": 973,
    "NORMALIZABLES_precision": 0.9202825428859738,
    "NORMALIZABLES_recall": 0.9373072970195272,
    "NO_NORMALIZABLES_f1": 0.0,
    "NO_NORMALIZABLES_number": 10,
    "NO_NORMALIZABLES_precision": 0.0,
    "NO_NORMALIZABLES_recall": 0.0,
    "PROTEINAS_f1": 0.8877492877492879,
    "PROTEINAS_number": 859,
    "PROTEINAS_precision": 0.8694196428571429,
    "PROTEINAS_recall": 0.9068684516880093,
    "UNCLEAR_f1": 0.7761194029850745,
    "UNCLEAR_number": 34,
    "UNCLEAR_precision": 0.7878787878787878,
    "UNCLEAR_recall": 0.7647058823529411,
    "epoch": 10.0,
    "eval_NORMALIZABLES_f1": 0.9221789883268483,
    "eval_NORMALIZABLES_number": 1275,
    "eval_NORMALIZABLES_precision": 0.915057915057915,
    "eval_NORMALIZABLES_recall": 0.9294117647058824,
    "eval_NO_NORMALIZABLES_f1": 0.14814814814814814,
    "eval_NO_NORMALIZABLES_number": 19,
    "eval_NO_NORMALIZABLES_precision": 0.25,
    "eval_NO_NORMALIZABLES_recall": 0.10526315789473684,
    "eval_PROTEINAS_f1": 0.8994770482277745,
    "eval_PROTEINAS_number": 847,
    "eval_PROTEINAS_precision": 0.88558352402746,
    "eval_PROTEINAS_recall": 0.9138134592680047,
    "eval_UNCLEAR_f1": 0.7741935483870969,
    "eval_UNCLEAR_number": 45,
    "eval_UNCLEAR_precision": 0.75,
    "eval_UNCLEAR_recall": 0.8,
    "eval_loss": 0.022268999367952347,
    "eval_overall_accuracy": 0.99554927923711,
    "eval_overall_f1": 0.9054636136930401,
    "eval_overall_precision": 0.8975280898876404,
    "eval_overall_recall": 0.9135407136322049,
    "eval_runtime": 5.6669,
    "eval_samples_per_second": 61.586,
    "eval_steps_per_second": 7.764,
    "overall_accuracy": 0.9959535508441437,
    "overall_f1": 0.9022595901208618,
    "overall_precision": 0.8896373056994819,
    "overall_recall": 0.9152452025586354,
    "total_flos": 1854793589888160.0,
    "train_loss": 0.01635178930229611,
    "train_runtime": 480.2776,
    "train_samples_per_second": 14.866,
    "train_steps_per_second": 1.874
}