{
    "NORMALIZABLES_f1": 0.9287169042769857,
    "NORMALIZABLES_number": 973,
    "NORMALIZABLES_precision": 0.9202825428859738,
    "NORMALIZABLES_recall": 0.9373072970195272,
    "NO_NORMALIZABLES_f1": 0.0,
    "NO_NORMALIZABLES_number": 10,
    "NO_NORMALIZABLES_precision": 0.0,
    "NO_NORMALIZABLES_recall": 0.0,
    "PROTEINAS_f1": 0.8877492877492879,
    "PROTEINAS_number": 859,
    "PROTEINAS_precision": 0.8694196428571429,
    "PROTEINAS_recall": 0.9068684516880093,
    "UNCLEAR_f1": 0.7761194029850745,
    "UNCLEAR_number": 34,
    "UNCLEAR_precision": 0.7878787878787878,
    "UNCLEAR_recall": 0.7647058823529411,
    "overall_accuracy": 0.9959535508441437,
    "overall_f1": 0.9022595901208618,
    "overall_precision": 0.8896373056994819,
    "overall_recall": 0.9152452025586354
}