{
    "FAMILIAR_f1": 0.47619047619047616,
    "FAMILIAR_number": 51,
    "FAMILIAR_precision": 0.46296296296296297,
    "FAMILIAR_recall": 0.49019607843137253,
    "OTROS_f1": 0.6738351254480286,
    "OTROS_number": 146,
    "OTROS_precision": 0.706766917293233,
    "OTROS_recall": 0.6438356164383562,
    "PACIENTE_f1": 0.6474694589877835,
    "PACIENTE_number": 592,
    "PACIENTE_precision": 0.6696750902527075,
    "PACIENTE_recall": 0.6266891891891891,
    "SANITARIO_f1": 0.9016393442622952,
    "SANITARIO_number": 292,
    "SANITARIO_precision": 0.8647798742138365,
    "SANITARIO_recall": 0.9417808219178082,
    "epoch": 10.0,
    "eval_FAMILIAR_f1": 0.6829268292682927,
    "eval_FAMILIAR_number": 59,
    "eval_FAMILIAR_precision": 0.65625,
    "eval_FAMILIAR_recall": 0.711864406779661,
    "eval_OTROS_f1": 0.726643598615917,
    "eval_OTROS_number": 159,
    "eval_OTROS_precision": 0.8076923076923077,
    "eval_OTROS_recall": 0.660377358490566,
    "eval_PACIENTE_f1": 0.6541554959785523,
    "eval_PACIENTE_number": 358,
    "eval_PACIENTE_precision": 0.6288659793814433,
    "eval_PACIENTE_recall": 0.6815642458100558,
    "eval_SANITARIO_f1": 0.88339222614841,
    "eval_SANITARIO_number": 270,
    "eval_SANITARIO_precision": 0.8445945945945946,
    "eval_SANITARIO_recall": 0.9259259259259259,
    "eval_loss": 0.018045788630843163,
    "eval_overall_accuracy": 0.9966640172416429,
    "eval_overall_f1": 0.7436194895591647,
    "eval_overall_precision": 0.7300683371298405,
    "eval_overall_recall": 0.7576832151300237,
    "eval_runtime": 9.4247,
    "eval_samples_per_second": 64.511,
    "eval_steps_per_second": 8.064,
    "overall_accuracy": 0.9955886019447148,
    "overall_f1": 0.7149532710280374,
    "overall_precision": 0.7223796033994334,
    "overall_recall": 0.7076780758556892,
    "total_flos": 6783415449005376.0,
    "train_loss": 0.015089878549942603,
    "train_runtime": 1444.7932,
    "train_samples_per_second": 17.968,
    "train_steps_per_second": 2.249
}