{
    "epoch": 10.0,
    "eval_FAMILIAR_f1": 0.6829268292682927,
    "eval_FAMILIAR_number": 59,
    "eval_FAMILIAR_precision": 0.65625,
    "eval_FAMILIAR_recall": 0.711864406779661,
    "eval_OTROS_f1": 0.726643598615917,
    "eval_OTROS_number": 159,
    "eval_OTROS_precision": 0.8076923076923077,
    "eval_OTROS_recall": 0.660377358490566,
    "eval_PACIENTE_f1": 0.6541554959785523,
    "eval_PACIENTE_number": 358,
    "eval_PACIENTE_precision": 0.6288659793814433,
    "eval_PACIENTE_recall": 0.6815642458100558,
    "eval_SANITARIO_f1": 0.88339222614841,
    "eval_SANITARIO_number": 270,
    "eval_SANITARIO_precision": 0.8445945945945946,
    "eval_SANITARIO_recall": 0.9259259259259259,
    "eval_loss": 0.018045788630843163,
    "eval_overall_accuracy": 0.9966640172416429,
    "eval_overall_f1": 0.7436194895591647,
    "eval_overall_precision": 0.7300683371298405,
    "eval_overall_recall": 0.7576832151300237,
    "eval_runtime": 9.4247,
    "eval_samples_per_second": 64.511,
    "eval_steps_per_second": 8.064
}