{
    "FAMILIAR_f1": 0.47619047619047616,
    "FAMILIAR_number": 51,
    "FAMILIAR_precision": 0.46296296296296297,
    "FAMILIAR_recall": 0.49019607843137253,
    "OTROS_f1": 0.6738351254480286,
    "OTROS_number": 146,
    "OTROS_precision": 0.706766917293233,
    "OTROS_recall": 0.6438356164383562,
    "PACIENTE_f1": 0.6474694589877835,
    "PACIENTE_number": 592,
    "PACIENTE_precision": 0.6696750902527075,
    "PACIENTE_recall": 0.6266891891891891,
    "SANITARIO_f1": 0.9016393442622952,
    "SANITARIO_number": 292,
    "SANITARIO_precision": 0.8647798742138365,
    "SANITARIO_recall": 0.9417808219178082,
    "overall_accuracy": 0.9955886019447148,
    "overall_f1": 0.7149532710280374,
    "overall_precision": 0.7223796033994334,
    "overall_recall": 0.7076780758556892
}