{
    "ENFERMEDAD_f1": 0.7462913655382275,
    "ENFERMEDAD_number": 2550,
    "ENFERMEDAD_precision": 0.7245199409158051,
    "ENFERMEDAD_recall": 0.7694117647058824,
    "epoch": 10.0,
    "eval_ENFERMEDAD_f1": 0.7519308001235713,
    "eval_ENFERMEDAD_number": 1559,
    "eval_ENFERMEDAD_precision": 0.7252681764004768,
    "eval_ENFERMEDAD_recall": 0.7806286080821039,
    "eval_loss": 0.16442668437957764,
    "eval_overall_accuracy": 0.971738625812442,
    "eval_overall_f1": 0.7519308001235713,
    "eval_overall_precision": 0.7252681764004768,
    "eval_overall_recall": 0.7806286080821039,
    "eval_runtime": 5.1959,
    "eval_samples_per_second": 28.869,
    "eval_steps_per_second": 7.313,
    "overall_accuracy": 0.9710517329690969,
    "overall_f1": 0.7462913655382275,
    "overall_precision": 0.7245199409158051,
    "overall_recall": 0.7694117647058824,
    "total_flos": 2782933889020992.0,
    "train_loss": 0.03384087610244751,
    "train_runtime": 1056.1874,
    "train_samples_per_second": 5.681,
    "train_steps_per_second": 0.71
}