{
    "ENFERMEDAD_f1": 0.7462913655382275,
    "ENFERMEDAD_number": 2550,
    "ENFERMEDAD_precision": 0.7245199409158051,
    "ENFERMEDAD_recall": 0.7694117647058824,
    "overall_accuracy": 0.9710517329690969,
    "overall_f1": 0.7462913655382275,
    "overall_precision": 0.7245199409158051,
    "overall_recall": 0.7694117647058824
}