{
    "NORMALIZABLES_f1": 0.9251700680272109,
    "NORMALIZABLES_number": 961,
    "NORMALIZABLES_precision": 0.9305263157894736,
    "NORMALIZABLES_recall": 0.9198751300728408,
    "NO_NORMALIZABLES_f1": 0.0,
    "NO_NORMALIZABLES_number": 10,
    "NO_NORMALIZABLES_precision": 0.0,
    "NO_NORMALIZABLES_recall": 0.0,
    "PROTEINAS_f1": 0.8680351906158358,
    "PROTEINAS_number": 835,
    "PROTEINAS_precision": 0.8505747126436781,
    "PROTEINAS_recall": 0.8862275449101796,
    "UNCLEAR_f1": 0.8405797101449276,
    "UNCLEAR_number": 34,
    "UNCLEAR_precision": 0.8285714285714286,
    "UNCLEAR_recall": 0.8529411764705882,
    "epoch": 9.990654205607477,
    "eval_NORMALIZABLES_f1": 0.9271163422363061,
    "eval_NORMALIZABLES_number": 1104,
    "eval_NORMALIZABLES_precision": 0.9266968325791856,
    "eval_NORMALIZABLES_recall": 0.927536231884058,
    "eval_NO_NORMALIZABLES_f1": 0.19047619047619047,
    "eval_NO_NORMALIZABLES_number": 16,
    "eval_NO_NORMALIZABLES_precision": 0.4,
    "eval_NO_NORMALIZABLES_recall": 0.125,
    "eval_PROTEINAS_f1": 0.8802721088435373,
    "eval_PROTEINAS_number": 736,
    "eval_PROTEINAS_precision": 0.8814713896457765,
    "eval_PROTEINAS_recall": 0.8790760869565217,
    "eval_UNCLEAR_f1": 0.8695652173913043,
    "eval_UNCLEAR_number": 44,
    "eval_UNCLEAR_precision": 0.8333333333333334,
    "eval_UNCLEAR_recall": 0.9090909090909091,
    "eval_loss": 0.04865735024213791,
    "eval_overall_accuracy": 0.9946506423686956,
    "eval_overall_f1": 0.9034810126582278,
    "eval_overall_precision": 0.9053911205073996,
    "eval_overall_recall": 0.901578947368421,
    "eval_runtime": 113.4584,
    "eval_samples_per_second": 33.378,
    "eval_steps_per_second": 8.347,
    "overall_accuracy": 0.9950383944003508,
    "overall_f1": 0.8939967550027043,
    "overall_precision": 0.8896663078579118,
    "overall_recall": 0.8983695652173913,
    "total_flos": 2832324460224480.0,
    "train_loss": 0.009024994072731673,
    "train_runtime": 11146.4042,
    "train_samples_per_second": 7.293,
    "train_steps_per_second": 0.912
}