{
    "epoch": 9.990654205607477,
    "eval_NORMALIZABLES_f1": 0.9271163422363061,
    "eval_NORMALIZABLES_number": 1104,
    "eval_NORMALIZABLES_precision": 0.9266968325791856,
    "eval_NORMALIZABLES_recall": 0.927536231884058,
    "eval_NO_NORMALIZABLES_f1": 0.19047619047619047,
    "eval_NO_NORMALIZABLES_number": 16,
    "eval_NO_NORMALIZABLES_precision": 0.4,
    "eval_NO_NORMALIZABLES_recall": 0.125,
    "eval_PROTEINAS_f1": 0.8802721088435373,
    "eval_PROTEINAS_number": 736,
    "eval_PROTEINAS_precision": 0.8814713896457765,
    "eval_PROTEINAS_recall": 0.8790760869565217,
    "eval_UNCLEAR_f1": 0.8695652173913043,
    "eval_UNCLEAR_number": 44,
    "eval_UNCLEAR_precision": 0.8333333333333334,
    "eval_UNCLEAR_recall": 0.9090909090909091,
    "eval_loss": 0.04865735024213791,
    "eval_overall_accuracy": 0.9946506423686956,
    "eval_overall_f1": 0.9034810126582278,
    "eval_overall_precision": 0.9053911205073996,
    "eval_overall_recall": 0.901578947368421,
    "eval_runtime": 113.4584,
    "eval_samples_per_second": 33.378,
    "eval_steps_per_second": 8.347
}