{
    "NORMALIZABLES_f1": 0.9251700680272109,
    "NORMALIZABLES_number": 961,
    "NORMALIZABLES_precision": 0.9305263157894736,
    "NORMALIZABLES_recall": 0.9198751300728408,
    "NO_NORMALIZABLES_f1": 0.0,
    "NO_NORMALIZABLES_number": 10,
    "NO_NORMALIZABLES_precision": 0.0,
    "NO_NORMALIZABLES_recall": 0.0,
    "PROTEINAS_f1": 0.8680351906158358,
    "PROTEINAS_number": 835,
    "PROTEINAS_precision": 0.8505747126436781,
    "PROTEINAS_recall": 0.8862275449101796,
    "UNCLEAR_f1": 0.8405797101449276,
    "UNCLEAR_number": 34,
    "UNCLEAR_precision": 0.8285714285714286,
    "UNCLEAR_recall": 0.8529411764705882,
    "overall_accuracy": 0.9950383944003508,
    "overall_f1": 0.8939967550027043,
    "overall_precision": 0.8896663078579118,
    "overall_recall": 0.8983695652173913
}