{
    "epoch": 9.990654205607477,
    "total_flos": 2832324460224480.0,
    "train_loss": 0.009024994072731673,
    "train_runtime": 11146.4042,
    "train_samples_per_second": 7.293,
    "train_steps_per_second": 0.912
}