{
    "SINTOMA_f1": 0.6977925996506273,
    "SINTOMA_number": 3081,
    "SINTOMA_precision": 0.6831467661691543,
    "SINTOMA_recall": 0.7130801687763713,
    "epoch": 9.87248322147651,
    "eval_SINTOMA_f1": 0.6784140969162996,
    "eval_SINTOMA_number": 1827,
    "eval_SINTOMA_precision": 0.6441929133858267,
    "eval_SINTOMA_recall": 0.7164750957854407,
    "eval_loss": 0.32189029455184937,
    "eval_overall_accuracy": 0.9471397733405289,
    "eval_overall_f1": 0.6784140969162996,
    "eval_overall_precision": 0.6441929133858267,
    "eval_overall_recall": 0.7164750957854407,
    "eval_runtime": 4.5209,
    "eval_samples_per_second": 32.958,
    "eval_steps_per_second": 8.405,
    "overall_accuracy": 0.9439559501451255,
    "overall_f1": 0.6977925996506273,
    "overall_precision": 0.6831467661691543,
    "overall_recall": 0.7130801687763713,
    "total_flos": 2700586367156160.0,
    "train_loss": 0.05293979515900483,
    "train_runtime": 795.9826,
    "train_samples_per_second": 7.475,
    "train_steps_per_second": 0.93
}