{
    "epoch": 9.87248322147651,
    "eval_SINTOMA_f1": 0.6784140969162996,
    "eval_SINTOMA_number": 1827,
    "eval_SINTOMA_precision": 0.6441929133858267,
    "eval_SINTOMA_recall": 0.7164750957854407,
    "eval_loss": 0.32189029455184937,
    "eval_overall_accuracy": 0.9471397733405289,
    "eval_overall_f1": 0.6784140969162996,
    "eval_overall_precision": 0.6441929133858267,
    "eval_overall_recall": 0.7164750957854407,
    "eval_runtime": 4.5209,
    "eval_samples_per_second": 32.958,
    "eval_steps_per_second": 8.405
}