{
    "epoch": 9.87248322147651,
    "total_flos": 2700586367156160.0,
    "train_loss": 0.05293979515900483,
    "train_runtime": 795.9826,
    "train_samples_per_second": 7.475,
    "train_steps_per_second": 0.93
}