{
    "ACTIVIDAD_f1": 0.34782608695652173,
    "ACTIVIDAD_number": 28,
    "ACTIVIDAD_precision": 0.4444444444444444,
    "ACTIVIDAD_recall": 0.2857142857142857,
    "PROFESION_f1": 0.8315715292459479,
    "PROFESION_number": 695,
    "PROFESION_precision": 0.8149171270718232,
    "PROFESION_recall": 0.8489208633093526,
    "SITUACION_LABORAL_f1": 0.6096551724137931,
    "SITUACION_LABORAL_number": 356,
    "SITUACION_LABORAL_precision": 0.5989159891598916,
    "SITUACION_LABORAL_recall": 0.6207865168539326,
    "epoch": 10.0,
    "eval_ACTIVIDAD_f1": 0.21621621621621623,
    "eval_ACTIVIDAD_number": 18,
    "eval_ACTIVIDAD_precision": 0.21052631578947367,
    "eval_ACTIVIDAD_recall": 0.2222222222222222,
    "eval_PROFESION_f1": 0.8344760039177277,
    "eval_PROFESION_number": 495,
    "eval_PROFESION_precision": 0.8098859315589354,
    "eval_PROFESION_recall": 0.8606060606060606,
    "eval_SITUACION_LABORAL_f1": 0.6513994910941476,
    "eval_SITUACION_LABORAL_number": 175,
    "eval_SITUACION_LABORAL_precision": 0.5871559633027523,
    "eval_SITUACION_LABORAL_recall": 0.7314285714285714,
    "eval_loss": 0.01704818569123745,
    "eval_overall_accuracy": 0.9969234182913663,
    "eval_overall_f1": 0.7691247415575466,
    "eval_overall_precision": 0.7313237221494102,
    "eval_overall_recall": 0.811046511627907,
    "eval_runtime": 18.2799,
    "eval_samples_per_second": 14.278,
    "eval_steps_per_second": 3.611,
    "overall_accuracy": 0.9959027962925208,
    "overall_f1": 0.7479452054794521,
    "overall_precision": 0.7371737173717372,
    "overall_recall": 0.7590361445783133,
    "total_flos": 9905464568611200.0,
    "train_loss": 0.0124579957650818,
    "train_runtime": 3075.3177,
    "train_samples_per_second": 3.408,
    "train_steps_per_second": 0.426
}