{
    "ACTIVIDAD_f1": 0.34782608695652173,
    "ACTIVIDAD_number": 28,
    "ACTIVIDAD_precision": 0.4444444444444444,
    "ACTIVIDAD_recall": 0.2857142857142857,
    "PROFESION_f1": 0.8315715292459479,
    "PROFESION_number": 695,
    "PROFESION_precision": 0.8149171270718232,
    "PROFESION_recall": 0.8489208633093526,
    "SITUACION_LABORAL_f1": 0.6096551724137931,
    "SITUACION_LABORAL_number": 356,
    "SITUACION_LABORAL_precision": 0.5989159891598916,
    "SITUACION_LABORAL_recall": 0.6207865168539326,
    "overall_accuracy": 0.9959027962925208,
    "overall_f1": 0.7479452054794521,
    "overall_precision": 0.7371737173717372,
    "overall_recall": 0.7590361445783133
}