{
    "ENFERMEDAD_f1": 0.747806180847005,
    "ENFERMEDAD_number": 2550,
    "ENFERMEDAD_precision": 0.7280832095096582,
    "ENFERMEDAD_recall": 0.7686274509803922,
    "epoch": 10.0,
    "eval_ENFERMEDAD_f1": 0.746885617214043,
    "eval_ENFERMEDAD_number": 1708,
    "eval_ENFERMEDAD_precision": 0.7231359649122807,
    "eval_ENFERMEDAD_recall": 0.772248243559719,
    "eval_loss": 0.18758624792099,
    "eval_overall_accuracy": 0.9706561203319503,
    "eval_overall_f1": 0.746885617214043,
    "eval_overall_precision": 0.7231359649122807,
    "eval_overall_recall": 0.772248243559719,
    "eval_runtime": 2.9055,
    "eval_samples_per_second": 73.654,
    "eval_steps_per_second": 9.293,
    "overall_accuracy": 0.9705224517671163,
    "overall_f1": 0.747806180847005,
    "overall_precision": 0.7280832095096582,
    "overall_recall": 0.7686274509803922,
    "total_flos": 2199730302982080.0,
    "train_loss": 0.029921964675469218,
    "train_runtime": 527.412,
    "train_samples_per_second": 16.022,
    "train_steps_per_second": 2.01
}