{
    "epoch": 10.0,
    "eval_ENFERMEDAD_f1": 0.746885617214043,
    "eval_ENFERMEDAD_number": 1708,
    "eval_ENFERMEDAD_precision": 0.7231359649122807,
    "eval_ENFERMEDAD_recall": 0.772248243559719,
    "eval_loss": 0.18758624792099,
    "eval_overall_accuracy": 0.9706561203319503,
    "eval_overall_f1": 0.746885617214043,
    "eval_overall_precision": 0.7231359649122807,
    "eval_overall_recall": 0.772248243559719,
    "eval_runtime": 2.9055,
    "eval_samples_per_second": 73.654,
    "eval_steps_per_second": 9.293
}