{
    "PROCEDIMIENTO_f1": 0.7602813852813853,
    "PROCEDIMIENTO_number": 3542,
    "PROCEDIMIENTO_precision": 0.7298701298701299,
    "PROCEDIMIENTO_recall": 0.7933370976849238,
    "epoch": 9.746666666666666,
    "eval_PROCEDIMIENTO_f1": 0.7634359209921912,
    "eval_PROCEDIMIENTO_number": 2084,
    "eval_PROCEDIMIENTO_precision": 0.73215859030837,
    "eval_PROCEDIMIENTO_recall": 0.7975047984644914,
    "eval_loss": 0.14743158221244812,
    "eval_overall_accuracy": 0.9664100362387391,
    "eval_overall_f1": 0.7634359209921912,
    "eval_overall_precision": 0.73215859030837,
    "eval_overall_recall": 0.7975047984644914,
    "eval_runtime": 6.4264,
    "eval_samples_per_second": 23.341,
    "eval_steps_per_second": 5.913,
    "overall_accuracy": 0.9644186443571794,
    "overall_f1": 0.7602813852813853,
    "overall_precision": 0.7298701298701299,
    "overall_recall": 0.7933370976849238,
    "total_flos": 2712594530204496.0,
    "train_loss": 0.05700385634963577,
    "train_runtime": 1167.7476,
    "train_samples_per_second": 5.13,
    "train_steps_per_second": 0.317
}