{
    "epoch": 9.746666666666666,
    "eval_PROCEDIMIENTO_f1": 0.7634359209921912,
    "eval_PROCEDIMIENTO_number": 2084,
    "eval_PROCEDIMIENTO_precision": 0.73215859030837,
    "eval_PROCEDIMIENTO_recall": 0.7975047984644914,
    "eval_loss": 0.14743158221244812,
    "eval_overall_accuracy": 0.9664100362387391,
    "eval_overall_f1": 0.7634359209921912,
    "eval_overall_precision": 0.73215859030837,
    "eval_overall_recall": 0.7975047984644914,
    "eval_runtime": 6.4264,
    "eval_samples_per_second": 23.341,
    "eval_steps_per_second": 5.913
}