{
    "MORFOLOGIA_NEOPLASIA_f1": 0.8379948655587083,
    "MORFOLOGIA_NEOPLASIA_number": 3562,
    "MORFOLOGIA_NEOPLASIA_precision": 0.807762438134931,
    "MORFOLOGIA_NEOPLASIA_recall": 0.8705783267827063,
    "overall_accuracy": 0.9914979338842975,
    "overall_f1": 0.8379948655587083,
    "overall_precision": 0.807762438134931,
    "overall_recall": 0.8705783267827063
}