{
    "FAMILIAR_f1": 0.2588235294117647,
    "FAMILIAR_number": 51,
    "FAMILIAR_precision": 0.3235294117647059,
    "FAMILIAR_recall": 0.21568627450980393,
    "OTROS_f1": 0.6254295532646048,
    "OTROS_number": 146,
    "OTROS_precision": 0.6275862068965518,
    "OTROS_recall": 0.6232876712328768,
    "PACIENTE_f1": 0.5908699397071491,
    "PACIENTE_number": 590,
    "PACIENTE_precision": 0.6007005253940455,
    "PACIENTE_recall": 0.5813559322033899,
    "SANITARIO_f1": 0.8986486486486486,
    "SANITARIO_number": 291,
    "SANITARIO_precision": 0.8837209302325582,
    "SANITARIO_recall": 0.9140893470790378,
    "epoch": 9.706827309236948,
    "eval_FAMILIAR_f1": 0.410958904109589,
    "eval_FAMILIAR_number": 41,
    "eval_FAMILIAR_precision": 0.46875,
    "eval_FAMILIAR_recall": 0.36585365853658536,
    "eval_OTROS_f1": 0.7520661157024793,
    "eval_OTROS_number": 129,
    "eval_OTROS_precision": 0.8053097345132744,
    "eval_OTROS_recall": 0.7054263565891473,
    "eval_PACIENTE_f1": 0.6231454005934718,
    "eval_PACIENTE_number": 326,
    "eval_PACIENTE_precision": 0.603448275862069,
    "eval_PACIENTE_recall": 0.6441717791411042,
    "eval_SANITARIO_f1": 0.8658536585365854,
    "eval_SANITARIO_number": 237,
    "eval_SANITARIO_precision": 0.8352941176470589,
    "eval_SANITARIO_recall": 0.8987341772151899,
    "eval_loss": 0.017754139378666878,
    "eval_overall_accuracy": 0.9962816063460586,
    "eval_overall_f1": 0.7143821742066172,
    "eval_overall_precision": 0.7072192513368984,
    "eval_overall_recall": 0.7216916780354706,
    "eval_runtime": 10.1312,
    "eval_samples_per_second": 24.479,
    "eval_steps_per_second": 6.12,
    "overall_accuracy": 0.9950951178583191,
    "overall_f1": 0.6679192108971348,
    "overall_precision": 0.6764985727878211,
    "overall_recall": 0.6595547309833024,
    "total_flos": 1.0003810617875808e+16,
    "train_loss": 0.025972086383450416,
    "train_runtime": 1777.163,
    "train_samples_per_second": 5.599,
    "train_steps_per_second": 0.174
}