{
    "epoch": 9.706827309236948,
    "eval_FAMILIAR_f1": 0.410958904109589,
    "eval_FAMILIAR_number": 41,
    "eval_FAMILIAR_precision": 0.46875,
    "eval_FAMILIAR_recall": 0.36585365853658536,
    "eval_OTROS_f1": 0.7520661157024793,
    "eval_OTROS_number": 129,
    "eval_OTROS_precision": 0.8053097345132744,
    "eval_OTROS_recall": 0.7054263565891473,
    "eval_PACIENTE_f1": 0.6231454005934718,
    "eval_PACIENTE_number": 326,
    "eval_PACIENTE_precision": 0.603448275862069,
    "eval_PACIENTE_recall": 0.6441717791411042,
    "eval_SANITARIO_f1": 0.8658536585365854,
    "eval_SANITARIO_number": 237,
    "eval_SANITARIO_precision": 0.8352941176470589,
    "eval_SANITARIO_recall": 0.8987341772151899,
    "eval_loss": 0.017754139378666878,
    "eval_overall_accuracy": 0.9962816063460586,
    "eval_overall_f1": 0.7143821742066172,
    "eval_overall_precision": 0.7072192513368984,
    "eval_overall_recall": 0.7216916780354706,
    "eval_runtime": 10.1312,
    "eval_samples_per_second": 24.479,
    "eval_steps_per_second": 6.12
}