{
    "FAMILIAR_f1": 0.2588235294117647,
    "FAMILIAR_number": 51,
    "FAMILIAR_precision": 0.3235294117647059,
    "FAMILIAR_recall": 0.21568627450980393,
    "OTROS_f1": 0.6254295532646048,
    "OTROS_number": 146,
    "OTROS_precision": 0.6275862068965518,
    "OTROS_recall": 0.6232876712328768,
    "PACIENTE_f1": 0.5908699397071491,
    "PACIENTE_number": 590,
    "PACIENTE_precision": 0.6007005253940455,
    "PACIENTE_recall": 0.5813559322033899,
    "SANITARIO_f1": 0.8986486486486486,
    "SANITARIO_number": 291,
    "SANITARIO_precision": 0.8837209302325582,
    "SANITARIO_recall": 0.9140893470790378,
    "overall_accuracy": 0.9950951178583191,
    "overall_f1": 0.6679192108971348,
    "overall_precision": 0.6764985727878211,
    "overall_recall": 0.6595547309833024
}