{
    "epoch": 9.706827309236948,
    "total_flos": 1.0003810617875808e+16,
    "train_loss": 0.025972086383450416,
    "train_runtime": 1777.163,
    "train_samples_per_second": 5.599,
    "train_steps_per_second": 0.174
}