{
    "CALLE_f1": 0.9392133492252682,
    "CALLE_number": 413,
    "CALLE_precision": 0.9248826291079812,
    "CALLE_recall": 0.9539951573849879,
    "CENTRO_SALUD_f1": 0.0,
    "CENTRO_SALUD_number": 6,
    "CENTRO_SALUD_precision": 0.0,
    "CENTRO_SALUD_recall": 0.0,
    "CORREO_ELECTRONICO_f1": 0.9900199600798402,
    "CORREO_ELECTRONICO_number": 249,
    "CORREO_ELECTRONICO_precision": 0.9841269841269841,
    "CORREO_ELECTRONICO_recall": 0.9959839357429718,
    "EDAD_SUJETO_ASISTENCIA_f1": 0.9827915869980879,
    "EDAD_SUJETO_ASISTENCIA_number": 518,
    "EDAD_SUJETO_ASISTENCIA_precision": 0.9734848484848485,
    "EDAD_SUJETO_ASISTENCIA_recall": 0.9922779922779923,
    "FAMILIARES_SUJETO_ASISTENCIA_f1": 0.7167630057803468,
    "FAMILIARES_SUJETO_ASISTENCIA_number": 81,
    "FAMILIARES_SUJETO_ASISTENCIA_precision": 0.6739130434782609,
    "FAMILIARES_SUJETO_ASISTENCIA_recall": 0.7654320987654321,
    "FECHAS_f1": 0.9910350448247758,
    "FECHAS_number": 611,
    "FECHAS_precision": 0.987012987012987,
    "FECHAS_recall": 0.9950900163666121,
    "HOSPITAL_f1": 0.9501915708812262,
    "HOSPITAL_number": 130,
    "HOSPITAL_precision": 0.9465648854961832,
    "HOSPITAL_recall": 0.9538461538461539,
    "ID_ASEGURAMIENTO_f1": 0.9974683544303797,
    "ID_ASEGURAMIENTO_number": 198,
    "ID_ASEGURAMIENTO_precision": 1.0,
    "ID_ASEGURAMIENTO_recall": 0.9949494949494949,
    "ID_CONTACTO_ASISTENCIAL_f1": 1.0,
    "ID_CONTACTO_ASISTENCIAL_number": 39,
    "ID_CONTACTO_ASISTENCIAL_precision": 1.0,
    "ID_CONTACTO_ASISTENCIAL_recall": 1.0,
    "ID_SUJETO_ASISTENCIA_f1": 0.9894366197183098,
    "ID_SUJETO_ASISTENCIA_number": 283,
    "ID_SUJETO_ASISTENCIA_precision": 0.9859649122807017,
    "ID_SUJETO_ASISTENCIA_recall": 0.9929328621908127,
    "ID_TITULACION_PERSONAL_SANITARIO_f1": 0.9936305732484078,
    "ID_TITULACION_PERSONAL_SANITARIO_number": 234,
    "ID_TITULACION_PERSONAL_SANITARIO_precision": 0.9873417721518988,
    "ID_TITULACION_PERSONAL_SANITARIO_recall": 1.0,
    "INSTITUCION_f1": 0.4594594594594595,
    "INSTITUCION_number": 67,
    "INSTITUCION_precision": 0.41975308641975306,
    "INSTITUCION_recall": 0.5074626865671642,
    "NOMBRE_PERSONAL_SANITARIO_f1": 0.9960159362549801,
    "NOMBRE_PERSONAL_SANITARIO_number": 501,
    "NOMBRE_PERSONAL_SANITARIO_precision": 0.9940357852882704,
    "NOMBRE_PERSONAL_SANITARIO_recall": 0.998003992015968,
    "NOMBRE_SUJETO_ASISTENCIA_f1": 0.9970149253731343,
    "NOMBRE_SUJETO_ASISTENCIA_number": 502,
    "NOMBRE_SUJETO_ASISTENCIA_precision": 0.9960238568588469,
    "NOMBRE_SUJETO_ASISTENCIA_recall": 0.99800796812749,
    "NUMERO_FAX_f1": 0.7142857142857143,
    "NUMERO_FAX_number": 7,
    "NUMERO_FAX_precision": 0.7142857142857143,
    "NUMERO_FAX_recall": 0.7142857142857143,
    "NUMERO_TELEFONO_f1": 0.830188679245283,
    "NUMERO_TELEFONO_number": 26,
    "NUMERO_TELEFONO_precision": 0.8148148148148148,
    "NUMERO_TELEFONO_recall": 0.8461538461538461,
    "OTROS_SUJETO_ASISTENCIA_f1": 0.0,
    "OTROS_SUJETO_ASISTENCIA_number": 7,
    "OTROS_SUJETO_ASISTENCIA_precision": 0.0,
    "OTROS_SUJETO_ASISTENCIA_recall": 0.0,
    "PAIS_f1": 0.9836065573770492,
    "PAIS_number": 363,
    "PAIS_precision": 0.975609756097561,
    "PAIS_recall": 0.9917355371900827,
    "PROFESION_f1": 0.46153846153846156,
    "PROFESION_number": 9,
    "PROFESION_precision": 0.35294117647058826,
    "PROFESION_recall": 0.6666666666666666,
    "SEXO_SUJETO_ASISTENCIA_f1": 0.9902702702702704,
    "SEXO_SUJETO_ASISTENCIA_number": 461,
    "SEXO_SUJETO_ASISTENCIA_precision": 0.9870689655172413,
    "SEXO_SUJETO_ASISTENCIA_recall": 0.9934924078091106,
    "TERRITORIO_f1": 0.965194805194805,
    "TERRITORIO_number": 956,
    "TERRITORIO_precision": 0.9587203302373581,
    "TERRITORIO_recall": 0.9717573221757322,
    "epoch": 9.848,
    "eval_CALLE_f1": 0.9002267573696145,
    "eval_CALLE_number": 434,
    "eval_CALLE_precision": 0.8861607142857143,
    "eval_CALLE_recall": 0.9147465437788018,
    "eval_CENTRO_SALUD_f1": 0.0,
    "eval_CENTRO_SALUD_number": 2,
    "eval_CENTRO_SALUD_precision": 0.0,
    "eval_CENTRO_SALUD_recall": 0.0,
    "eval_CORREO_ELECTRONICO_f1": 0.9768421052631578,
    "eval_CORREO_ELECTRONICO_number": 235,
    "eval_CORREO_ELECTRONICO_precision": 0.9666666666666667,
    "eval_CORREO_ELECTRONICO_recall": 0.9872340425531915,
    "eval_EDAD_SUJETO_ASISTENCIA_f1": 0.9678048780487805,
    "eval_EDAD_SUJETO_ASISTENCIA_number": 521,
    "eval_EDAD_SUJETO_ASISTENCIA_precision": 0.9841269841269841,
    "eval_EDAD_SUJETO_ASISTENCIA_recall": 0.9520153550863724,
    "eval_FAMILIARES_SUJETO_ASISTENCIA_f1": 0.718232044198895,
    "eval_FAMILIARES_SUJETO_ASISTENCIA_number": 92,
    "eval_FAMILIARES_SUJETO_ASISTENCIA_precision": 0.7303370786516854,
    "eval_FAMILIARES_SUJETO_ASISTENCIA_recall": 0.7065217391304348,
    "eval_FECHAS_f1": 0.9708333333333333,
    "eval_FECHAS_number": 724,
    "eval_FECHAS_precision": 0.9762569832402235,
    "eval_FECHAS_recall": 0.9654696132596685,
    "eval_HOSPITAL_f1": 0.8873239436619719,
    "eval_HOSPITAL_number": 140,
    "eval_HOSPITAL_precision": 0.875,
    "eval_HOSPITAL_recall": 0.9,
    "eval_ID_ASEGURAMIENTO_f1": 0.9791666666666666,
    "eval_ID_ASEGURAMIENTO_number": 194,
    "eval_ID_ASEGURAMIENTO_precision": 0.9894736842105263,
    "eval_ID_ASEGURAMIENTO_recall": 0.9690721649484536,
    "eval_ID_CONTACTO_ASISTENCIAL_f1": 0.96875,
    "eval_ID_CONTACTO_ASISTENCIAL_number": 32,
    "eval_ID_CONTACTO_ASISTENCIAL_precision": 0.96875,
    "eval_ID_CONTACTO_ASISTENCIAL_recall": 0.96875,
    "eval_ID_SUJETO_ASISTENCIA_f1": 0.9499136442141624,
    "eval_ID_SUJETO_ASISTENCIA_number": 292,
    "eval_ID_SUJETO_ASISTENCIA_precision": 0.9581881533101045,
    "eval_ID_SUJETO_ASISTENCIA_recall": 0.9417808219178082,
    "eval_ID_TITULACION_PERSONAL_SANITARIO_f1": 0.9755011135857461,
    "eval_ID_TITULACION_PERSONAL_SANITARIO_number": 226,
    "eval_ID_TITULACION_PERSONAL_SANITARIO_precision": 0.9820627802690582,
    "eval_ID_TITULACION_PERSONAL_SANITARIO_recall": 0.9690265486725663,
    "eval_INSTITUCION_f1": 0.7169811320754716,
    "eval_INSTITUCION_number": 72,
    "eval_INSTITUCION_precision": 0.6551724137931034,
    "eval_INSTITUCION_recall": 0.7916666666666666,
    "eval_NOMBRE_PERSONAL_SANITARIO_f1": 0.9634888438133875,
    "eval_NOMBRE_PERSONAL_SANITARIO_number": 497,
    "eval_NOMBRE_PERSONAL_SANITARIO_precision": 0.9713701431492843,
    "eval_NOMBRE_PERSONAL_SANITARIO_recall": 0.9557344064386318,
    "eval_NOMBRE_SUJETO_ASISTENCIA_f1": 0.9797979797979798,
    "eval_NOMBRE_SUJETO_ASISTENCIA_number": 503,
    "eval_NOMBRE_SUJETO_ASISTENCIA_precision": 0.9958932238193019,
    "eval_NOMBRE_SUJETO_ASISTENCIA_recall": 0.9642147117296223,
    "eval_NUMERO_FAX_f1": 0.8333333333333334,
    "eval_NUMERO_FAX_number": 6,
    "eval_NUMERO_FAX_precision": 0.8333333333333334,
    "eval_NUMERO_FAX_recall": 0.8333333333333334,
    "eval_NUMERO_TELEFONO_f1": 0.9166666666666666,
    "eval_NUMERO_TELEFONO_number": 24,
    "eval_NUMERO_TELEFONO_precision": 0.9166666666666666,
    "eval_NUMERO_TELEFONO_recall": 0.9166666666666666,
    "eval_OTROS_SUJETO_ASISTENCIA_f1": 0.0,
    "eval_OTROS_SUJETO_ASISTENCIA_number": 6,
    "eval_OTROS_SUJETO_ASISTENCIA_precision": 0.0,
    "eval_OTROS_SUJETO_ASISTENCIA_recall": 0.0,
    "eval_PAIS_f1": 0.9781659388646288,
    "eval_PAIS_number": 347,
    "eval_PAIS_precision": 0.9882352941176471,
    "eval_PAIS_recall": 0.968299711815562,
    "eval_PROFESION_f1": 0.6,
    "eval_PROFESION_number": 4,
    "eval_PROFESION_precision": 0.5,
    "eval_PROFESION_recall": 0.75,
    "eval_SEXO_SUJETO_ASISTENCIA_f1": 0.9722530521642618,
    "eval_SEXO_SUJETO_ASISTENCIA_number": 455,
    "eval_SEXO_SUJETO_ASISTENCIA_precision": 0.9820627802690582,
    "eval_SEXO_SUJETO_ASISTENCIA_recall": 0.9626373626373627,
    "eval_TERRITORIO_f1": 0.959958932238193,
    "eval_TERRITORIO_number": 975,
    "eval_TERRITORIO_precision": 0.9609455292908531,