{
    "FAMILIAR_f1": 0.25742574257425743,
    "FAMILIAR_number": 51,
    "FAMILIAR_precision": 0.26,
    "FAMILIAR_recall": 0.2549019607843137,
    "OTROS_f1": 0.6712802768166091,
    "OTROS_number": 146,
    "OTROS_precision": 0.6783216783216783,
    "OTROS_recall": 0.6643835616438356,
    "PACIENTE_f1": 0.5736040609137055,
    "PACIENTE_number": 590,
    "PACIENTE_precision": 0.5726351351351351,
    "PACIENTE_recall": 0.5745762711864407,
    "SANITARIO_f1": 0.9021558872305141,
    "SANITARIO_number": 291,
    "SANITARIO_precision": 0.8717948717948718,
    "SANITARIO_recall": 0.9347079037800687,
    "epoch": 9.97338403041825,
    "eval_FAMILIAR_f1": 0.4096385542168674,
    "eval_FAMILIAR_number": 41,
    "eval_FAMILIAR_precision": 0.40476190476190477,
    "eval_FAMILIAR_recall": 0.4146341463414634,
    "eval_OTROS_f1": 0.7407407407407407,
    "eval_OTROS_number": 132,
    "eval_OTROS_precision": 0.8108108108108109,
    "eval_OTROS_recall": 0.6818181818181818,
    "eval_PACIENTE_f1": 0.5902578796561605,
    "eval_PACIENTE_number": 326,
    "eval_PACIENTE_precision": 0.553763440860215,
    "eval_PACIENTE_recall": 0.6319018404907976,
    "eval_SANITARIO_f1": 0.8577154308617234,
    "eval_SANITARIO_number": 239,
    "eval_SANITARIO_precision": 0.823076923076923,
    "eval_SANITARIO_recall": 0.895397489539749,
    "eval_loss": 0.0192081518471241,
    "eval_overall_accuracy": 0.9960183300302212,
    "eval_overall_f1": 0.6920551543007223,
    "eval_overall_precision": 0.6713375796178344,
    "eval_overall_recall": 0.7140921409214093,
    "eval_runtime": 15.6119,
    "eval_samples_per_second": 16.462,
    "eval_steps_per_second": 4.163,
    "overall_accuracy": 0.9949539701707887,
    "overall_f1": 0.6629885057471264,
    "overall_precision": 0.6572470373746582,
    "overall_recall": 0.6688311688311688,
    "total_flos": 9865065149155584.0,
    "train_loss": 0.02939947247505188,
    "train_runtime": 2680.4606,
    "train_samples_per_second": 3.925,
    "train_steps_per_second": 0.119
}