{
    "epoch": 9.97338403041825,
    "eval_FAMILIAR_f1": 0.4096385542168674,
    "eval_FAMILIAR_number": 41,
    "eval_FAMILIAR_precision": 0.40476190476190477,
    "eval_FAMILIAR_recall": 0.4146341463414634,
    "eval_OTROS_f1": 0.7407407407407407,
    "eval_OTROS_number": 132,
    "eval_OTROS_precision": 0.8108108108108109,
    "eval_OTROS_recall": 0.6818181818181818,
    "eval_PACIENTE_f1": 0.5902578796561605,
    "eval_PACIENTE_number": 326,
    "eval_PACIENTE_precision": 0.553763440860215,
    "eval_PACIENTE_recall": 0.6319018404907976,
    "eval_SANITARIO_f1": 0.8577154308617234,
    "eval_SANITARIO_number": 239,
    "eval_SANITARIO_precision": 0.823076923076923,
    "eval_SANITARIO_recall": 0.895397489539749,
    "eval_loss": 0.0192081518471241,
    "eval_overall_accuracy": 0.9960183300302212,
    "eval_overall_f1": 0.6920551543007223,
    "eval_overall_precision": 0.6713375796178344,
    "eval_overall_recall": 0.7140921409214093,
    "eval_runtime": 15.6119,
    "eval_samples_per_second": 16.462,
    "eval_steps_per_second": 4.163
}