{
    "MORFOLOGIA_NEOPLASIA_f1": 0.8393194706994329,
    "MORFOLOGIA_NEOPLASIA_number": 3586,
    "MORFOLOGIA_NEOPLASIA_precision": 0.8136125654450261,
    "MORFOLOGIA_NEOPLASIA_recall": 0.8667038482989403,
    "overall_accuracy": 0.9911652129821016,
    "overall_f1": 0.8393194706994329,
    "overall_precision": 0.8136125654450261,
    "overall_recall": 0.8667038482989403
}