{
    "epoch": 10.0,
    "total_flos": 2.947765964470272e+16,
    "train_loss": 0.06460662535087547,
    "train_runtime": 3313.2491,
    "train_samples_per_second": 9.58,
    "train_steps_per_second": 0.601
}