{
    "FARMACO_f1": 0.9152155295461034,
    "FARMACO_number": 1717,
    "FARMACO_precision": 0.8975363941769317,
    "FARMACO_recall": 0.9336051252184042,
    "epoch": 10.0,
    "eval_FARMACO_f1": 0.9083055173767917,
    "eval_FARMACO_number": 2509,
    "eval_FARMACO_precision": 0.8951238390092879,
    "eval_FARMACO_recall": 0.9218812275807095,
    "eval_loss": 0.011589226312935352,
    "eval_overall_accuracy": 0.998111505130411,
    "eval_overall_f1": 0.9083055173767917,
    "eval_overall_precision": 0.8951238390092879,
    "eval_overall_recall": 0.9218812275807095,
    "eval_runtime": 16.4557,
    "eval_samples_per_second": 15.678,
    "eval_steps_per_second": 3.95,
    "overall_accuracy": 0.9983242040790844,
    "overall_f1": 0.9152155295461034,
    "overall_precision": 0.8975363941769317,
    "overall_recall": 0.9336051252184042,
    "total_flos": 4615462244332800.0,
    "train_loss": 0.004642641338706017,
    "train_runtime": 1368.7771,
    "train_samples_per_second": 7.306,
    "train_steps_per_second": 0.913
}