{
    "FARMACO_f1": 0.9152155295461034,
    "FARMACO_number": 1717,
    "FARMACO_precision": 0.8975363941769317,
    "FARMACO_recall": 0.9336051252184042,
    "overall_accuracy": 0.9983242040790844,
    "overall_f1": 0.9152155295461034,
    "overall_precision": 0.8975363941769317,
    "overall_recall": 0.9336051252184042
}