{
    "epoch": 9.848,
    "eval_NORMALIZABLES_f1": 0.9230769230769231,
    "eval_NORMALIZABLES_number": 1121,
    "eval_NORMALIZABLES_precision": 0.9149868536371604,
    "eval_NORMALIZABLES_recall": 0.9313113291703836,
    "eval_NO_NORMALIZABLES_f1": 0.09090909090909091,
    "eval_NO_NORMALIZABLES_number": 16,
    "eval_NO_NORMALIZABLES_precision": 0.16666666666666666,
    "eval_NO_NORMALIZABLES_recall": 0.0625,
    "eval_PROTEINAS_f1": 0.8912466843501327,
    "eval_PROTEINAS_number": 745,
    "eval_PROTEINAS_precision": 0.8807339449541285,
    "eval_PROTEINAS_recall": 0.9020134228187919,
    "eval_UNCLEAR_f1": 0.7659574468085107,
    "eval_UNCLEAR_number": 44,
    "eval_UNCLEAR_precision": 0.72,
    "eval_UNCLEAR_recall": 0.8181818181818182,
    "eval_loss": 0.0243751872330904,
    "eval_overall_accuracy": 0.9951576626240353,
    "eval_overall_f1": 0.9022130725681935,
    "eval_overall_precision": 0.8943877551020408,
    "eval_overall_recall": 0.9101765316718587,
    "eval_runtime": 8.8046,
    "eval_samples_per_second": 28.394,
    "eval_steps_per_second": 7.155
}