{
    "ENFERMEDAD_f1": 0.7426128972309981,
    "ENFERMEDAD_number": 2611,
    "ENFERMEDAD_precision": 0.7212996389891697,
    "ENFERMEDAD_recall": 0.7652240520873229,
    "epoch": 10.0,
    "eval_ENFERMEDAD_f1": 0.7175202156334233,
    "eval_ENFERMEDAD_number": 1801,
    "eval_ENFERMEDAD_precision": 0.6972236773179675,
    "eval_ENFERMEDAD_recall": 0.7390338700721821,
    "eval_loss": 0.2452310025691986,
    "eval_overall_accuracy": 0.9636677685458174,
    "eval_overall_f1": 0.7175202156334233,
    "eval_overall_precision": 0.6972236773179675,
    "eval_overall_recall": 0.7390338700721821,
    "eval_runtime": 6.1487,
    "eval_samples_per_second": 41.147,
    "eval_steps_per_second": 5.204,
    "overall_accuracy": 0.9659466310694012,
    "overall_f1": 0.7426128972309981,
    "overall_precision": 0.7212996389891697,
    "overall_recall": 0.7652240520873229,
    "total_flos": 9777634496841408.0,
    "train_loss": 0.037621205096895045,
    "train_runtime": 1934.5014,
    "train_samples_per_second": 5.448,
    "train_steps_per_second": 0.682
}