{
    "MORFOLOGIA_NEOPLASIA_f1": 0.8374424275264155,
    "MORFOLOGIA_NEOPLASIA_number": 3562,
    "MORFOLOGIA_NEOPLASIA_precision": 0.8091623036649215,
    "MORFOLOGIA_NEOPLASIA_recall": 0.8677709152161707,
    "epoch": 10.0,
    "eval_MORFOLOGIA_NEOPLASIA_f1": 0.8393653941497273,
    "eval_MORFOLOGIA_NEOPLASIA_number": 5901,
    "eval_MORFOLOGIA_NEOPLASIA_precision": 0.8190614417029511,
    "eval_MORFOLOGIA_NEOPLASIA_recall": 0.8607015760040672,
    "eval_loss": 0.05268393084406853,
    "eval_overall_accuracy": 0.9911022964509395,
    "eval_overall_f1": 0.8393653941497273,
    "eval_overall_precision": 0.8190614417029511,
    "eval_overall_recall": 0.8607015760040672,
    "eval_runtime": 22.7423,
    "eval_samples_per_second": 21.986,
    "eval_steps_per_second": 5.496,
    "overall_accuracy": 0.9914118457300275,
    "overall_f1": 0.8374424275264155,
    "overall_precision": 0.8091623036649215,
    "overall_recall": 0.8677709152161707,
    "total_flos": 4650369101642880.0,
    "train_loss": 0.018221859255480387,
    "train_runtime": 1275.9778,
    "train_samples_per_second": 3.926,
    "train_steps_per_second": 0.494
}