{
    "MORFOLOGIA_NEOPLASIA_f1": 0.8374424275264155,
    "MORFOLOGIA_NEOPLASIA_number": 3562,
    "MORFOLOGIA_NEOPLASIA_precision": 0.8091623036649215,
    "MORFOLOGIA_NEOPLASIA_recall": 0.8677709152161707,
    "overall_accuracy": 0.9914118457300275,
    "overall_f1": 0.8374424275264155,
    "overall_precision": 0.8091623036649215,
    "overall_recall": 0.8677709152161707
}