{
    "ENFERMEDAD_f1": 0.7146557436299017,
    "ENFERMEDAD_number": 7784,
    "ENFERMEDAD_precision": 0.6727911988204605,
    "ENFERMEDAD_recall": 0.7620760534429599,
    "epoch": 10.0,
    "eval_ENFERMEDAD_f1": 0.7111151870873076,
    "eval_ENFERMEDAD_number": 10305,
    "eval_ENFERMEDAD_precision": 0.6740850212987917,
    "eval_ENFERMEDAD_recall": 0.7524502668607472,
    "eval_loss": 0.20205114781856537,
    "eval_overall_accuracy": 0.9646470661336758,
    "eval_overall_f1": 0.7111151870873076,
    "eval_overall_precision": 0.6740850212987917,
    "eval_overall_recall": 0.7524502668607472,
    "eval_runtime": 23.1764,
    "eval_samples_per_second": 12.815,
    "eval_steps_per_second": 3.236,
    "overall_accuracy": 0.9640853933027309,
    "overall_f1": 0.7146557436299017,
    "overall_precision": 0.6727911988204605,
    "overall_recall": 0.7620760534429599,
    "total_flos": 4615462244332800.0,
    "train_loss": 0.027751479983329774,
    "train_runtime": 1961.2777,
    "train_samples_per_second": 5.099,
    "train_steps_per_second": 0.637
}