{
    "ENFERMEDAD_f1": 0.7146557436299017,
    "ENFERMEDAD_number": 7784,
    "ENFERMEDAD_precision": 0.6727911988204605,
    "ENFERMEDAD_recall": 0.7620760534429599,
    "overall_accuracy": 0.9640853933027309,
    "overall_f1": 0.7146557436299017,
    "overall_precision": 0.6727911988204605,
    "overall_recall": 0.7620760534429599
}