{
    "epoch": 10.0,
    "total_flos": 1.6092921499535616e+16,
    "train_loss": 0.0031057961679960724,
    "train_runtime": 2761.3597,
    "train_samples_per_second": 6.28,
    "train_steps_per_second": 0.786
}