{
    "SINTOMA_f1": 0.6824229143840976,
    "SINTOMA_number": 3081,
    "SINTOMA_precision": 0.6590084643288996,
    "SINTOMA_recall": 0.7075624797143785,
    "epoch": 9.87248322147651,
    "eval_SINTOMA_f1": 0.6752982990606754,
    "eval_SINTOMA_number": 1827,
    "eval_SINTOMA_precision": 0.6297348484848485,
    "eval_SINTOMA_recall": 0.7279693486590039,
    "eval_loss": 0.2790210247039795,
    "eval_overall_accuracy": 0.9478008634646519,
    "eval_overall_f1": 0.6752982990606754,
    "eval_overall_precision": 0.6297348484848485,
    "eval_overall_recall": 0.7279693486590039,
    "eval_runtime": 5.4797,
    "eval_samples_per_second": 27.191,
    "eval_steps_per_second": 6.935,
    "overall_accuracy": 0.9438620454157418,
    "overall_f1": 0.6824229143840976,
    "overall_precision": 0.6590084643288996,
    "overall_recall": 0.7075624797143785,
    "total_flos": 2700586367156160.0,
    "train_loss": 0.05515548023017677,
    "train_runtime": 1028.7486,
    "train_samples_per_second": 5.784,
    "train_steps_per_second": 0.719
}