{
    "epoch": 10.0,
    "eval_MORFOLOGIA_NEOPLASIA_f1": 0.8232695139911635,
    "eval_MORFOLOGIA_NEOPLASIA_number": 7433,
    "eval_MORFOLOGIA_NEOPLASIA_precision": 0.8193204530313125,
    "eval_MORFOLOGIA_NEOPLASIA_recall": 0.8272568276604332,
    "eval_loss": 0.07325991243124008,
    "eval_overall_accuracy": 0.9895384652260933,
    "eval_overall_f1": 0.8232695139911635,
    "eval_overall_precision": 0.8193204530313125,
    "eval_overall_recall": 0.8272568276604332,
    "eval_runtime": 24.4073,
    "eval_samples_per_second": 73.707,
    "eval_steps_per_second": 9.219
}