{
    "MORFOLOGIA_NEOPLASIA_f1": 0.8389066185652837,
    "MORFOLOGIA_NEOPLASIA_number": 3540,
    "MORFOLOGIA_NEOPLASIA_precision": 0.8243796018543769,
    "MORFOLOGIA_NEOPLASIA_recall": 0.853954802259887,
    "overall_accuracy": 0.9905685067131493,
    "overall_f1": 0.8389066185652837,
    "overall_precision": 0.8243796018543769,
    "overall_recall": 0.853954802259887
}