{
    "MORFOLOGIA_NEOPLASIA_f1": 0.838648391912064,
    "MORFOLOGIA_NEOPLASIA_number": 3562,
    "MORFOLOGIA_NEOPLASIA_precision": 0.8116627265563435,
    "MORFOLOGIA_NEOPLASIA_recall": 0.8674901740595171,
    "epoch": 10.0,
    "eval_MORFOLOGIA_NEOPLASIA_f1": 0.8374669312169313,
    "eval_MORFOLOGIA_NEOPLASIA_number": 5901,
    "eval_MORFOLOGIA_NEOPLASIA_precision": 0.8175948345439871,
    "eval_MORFOLOGIA_NEOPLASIA_recall": 0.8583290967632604,
    "eval_loss": 0.05113489553332329,
    "eval_overall_accuracy": 0.9910208768267224,
    "eval_overall_f1": 0.8374669312169313,
    "eval_overall_precision": 0.8175948345439871,
    "eval_overall_recall": 0.8583290967632604,
    "eval_runtime": 19.8345,
    "eval_samples_per_second": 25.209,
    "eval_steps_per_second": 6.302,
    "overall_accuracy": 0.9916838842975206,
    "overall_f1": 0.838648391912064,
    "overall_precision": 0.8116627265563435,
    "overall_recall": 0.8674901740595171,
    "total_flos": 4650369101642880.0,
    "train_loss": 0.01823776461302288,
    "train_runtime": 1068.5599,
    "train_samples_per_second": 4.689,
    "train_steps_per_second": 0.59
}