{
    "MORFOLOGIA_NEOPLASIA_f1": 0.838648391912064,
    "MORFOLOGIA_NEOPLASIA_number": 3562,
    "MORFOLOGIA_NEOPLASIA_precision": 0.8116627265563435,
    "MORFOLOGIA_NEOPLASIA_recall": 0.8674901740595171,
    "overall_accuracy": 0.9916838842975206,
    "overall_f1": 0.838648391912064,
    "overall_precision": 0.8116627265563435,
    "overall_recall": 0.8674901740595171
}