{
    "CALLE_f1": 0.9628742514970059,
    "CALLE_number": 413,
    "CALLE_precision": 0.95260663507109,
    "CALLE_recall": 0.9733656174334141,
    "CENTRO_SALUD_f1": 0.0,
    "CENTRO_SALUD_number": 6,
    "CENTRO_SALUD_precision": 0.0,
    "CENTRO_SALUD_recall": 0.0,
    "CORREO_ELECTRONICO_f1": 0.9939148073022313,
    "CORREO_ELECTRONICO_number": 246,
    "CORREO_ELECTRONICO_precision": 0.9919028340080972,
    "CORREO_ELECTRONICO_recall": 0.9959349593495935,
    "EDAD_SUJETO_ASISTENCIA_f1": 0.9866156787762906,
    "EDAD_SUJETO_ASISTENCIA_number": 518,
    "EDAD_SUJETO_ASISTENCIA_precision": 0.9772727272727273,
    "EDAD_SUJETO_ASISTENCIA_recall": 0.9961389961389961,
    "FAMILIARES_SUJETO_ASISTENCIA_f1": 0.7314285714285713,
    "FAMILIARES_SUJETO_ASISTENCIA_number": 80,
    "FAMILIARES_SUJETO_ASISTENCIA_precision": 0.6736842105263158,
    "FAMILIARES_SUJETO_ASISTENCIA_recall": 0.8,
    "FECHAS_f1": 0.9885807504078303,
    "FECHAS_number": 611,
    "FECHAS_precision": 0.9853658536585366,
    "FECHAS_recall": 0.9918166939443536,
    "HOSPITAL_f1": 0.8582375478927202,
    "HOSPITAL_number": 130,
    "HOSPITAL_precision": 0.8549618320610687,
    "HOSPITAL_recall": 0.8615384615384616,
    "ID_ASEGURAMIENTO_f1": 0.9974683544303797,
    "ID_ASEGURAMIENTO_number": 198,
    "ID_ASEGURAMIENTO_precision": 1.0,
    "ID_ASEGURAMIENTO_recall": 0.9949494949494949,
    "ID_CONTACTO_ASISTENCIAL_f1": 0.9620253164556962,
    "ID_CONTACTO_ASISTENCIAL_number": 39,
    "ID_CONTACTO_ASISTENCIAL_precision": 0.95,
    "ID_CONTACTO_ASISTENCIAL_recall": 0.9743589743589743,
    "ID_SUJETO_ASISTENCIA_f1": 0.9756097560975611,
    "ID_SUJETO_ASISTENCIA_number": 283,
    "ID_SUJETO_ASISTENCIA_precision": 0.9621993127147767,
    "ID_SUJETO_ASISTENCIA_recall": 0.9893992932862191,
    "ID_TITULACION_PERSONAL_SANITARIO_f1": 0.9936034115138592,
    "ID_TITULACION_PERSONAL_SANITARIO_number": 234,
    "ID_TITULACION_PERSONAL_SANITARIO_precision": 0.9914893617021276,
    "ID_TITULACION_PERSONAL_SANITARIO_recall": 0.9957264957264957,
    "INSTITUCION_f1": 0.4545454545454545,
    "INSTITUCION_number": 67,
    "INSTITUCION_precision": 0.40229885057471265,
    "INSTITUCION_recall": 0.5223880597014925,
    "NOMBRE_PERSONAL_SANITARIO_f1": 0.9970089730807578,
    "NOMBRE_PERSONAL_SANITARIO_number": 501,
    "NOMBRE_PERSONAL_SANITARIO_precision": 0.9960159362549801,
    "NOMBRE_PERSONAL_SANITARIO_recall": 0.998003992015968,
    "NOMBRE_SUJETO_ASISTENCIA_f1": 0.999004975124378,
    "NOMBRE_SUJETO_ASISTENCIA_number": 502,
    "NOMBRE_SUJETO_ASISTENCIA_precision": 0.9980119284294234,
    "NOMBRE_SUJETO_ASISTENCIA_recall": 1.0,
    "NUMERO_FAX_f1": 0.8571428571428571,
    "NUMERO_FAX_number": 7,
    "NUMERO_FAX_precision": 0.8571428571428571,
    "NUMERO_FAX_recall": 0.8571428571428571,
    "NUMERO_TELEFONO_f1": 0.9811320754716981,
    "NUMERO_TELEFONO_number": 26,
    "NUMERO_TELEFONO_precision": 0.9629629629629629,
    "NUMERO_TELEFONO_recall": 1.0,
    "OTROS_SUJETO_ASISTENCIA_f1": 0.0,
    "OTROS_SUJETO_ASISTENCIA_number": 7,
    "OTROS_SUJETO_ASISTENCIA_precision": 0.0,
    "OTROS_SUJETO_ASISTENCIA_recall": 0.0,
    "PAIS_f1": 0.9809264305177112,
    "PAIS_number": 363,
    "PAIS_precision": 0.9703504043126685,
    "PAIS_recall": 0.9917355371900827,
    "PROFESION_f1": 0.6206896551724138,
    "PROFESION_number": 9,
    "PROFESION_precision": 0.45,
    "PROFESION_recall": 1.0,
    "SEXO_SUJETO_ASISTENCIA_f1": 0.9859459459459459,
    "SEXO_SUJETO_ASISTENCIA_number": 461,
    "SEXO_SUJETO_ASISTENCIA_precision": 0.9827586206896551,
    "SEXO_SUJETO_ASISTENCIA_recall": 0.9891540130151844,
    "TERRITORIO_f1": 0.9746987951807229,
    "TERRITORIO_number": 829,
    "TERRITORIO_precision": 0.97352587244284,
    "TERRITORIO_recall": 0.9758745476477684,
    "epoch": 10.0,
    "eval_CALLE_f1": 0.9237770193401593,
    "eval_CALLE_number": 435,
    "eval_CALLE_precision": 0.9144144144144144,
    "eval_CALLE_recall": 0.9333333333333333,
    "eval_CENTRO_SALUD_f1": 0.0,
    "eval_CENTRO_SALUD_number": 2,
    "eval_CENTRO_SALUD_precision": 0.0,
    "eval_CENTRO_SALUD_recall": 0.0,
    "eval_CORREO_ELECTRONICO_f1": 0.9751037344398341,
    "eval_CORREO_ELECTRONICO_number": 239,
    "eval_CORREO_ELECTRONICO_precision": 0.9670781893004116,
    "eval_CORREO_ELECTRONICO_recall": 0.9832635983263598,
    "eval_EDAD_SUJETO_ASISTENCIA_f1": 0.9534662867996201,
    "eval_EDAD_SUJETO_ASISTENCIA_number": 527,
    "eval_EDAD_SUJETO_ASISTENCIA_precision": 0.9543726235741445,
    "eval_EDAD_SUJETO_ASISTENCIA_recall": 0.952561669829222,
    "eval_FAMILIARES_SUJETO_ASISTENCIA_f1": 0.8333333333333333,
    "eval_FAMILIARES_SUJETO_ASISTENCIA_number": 101,
    "eval_FAMILIARES_SUJETO_ASISTENCIA_precision": 0.8252427184466019,
    "eval_FAMILIARES_SUJETO_ASISTENCIA_recall": 0.8415841584158416,
    "eval_FECHAS_f1": 0.9647519582245431,
    "eval_FECHAS_number": 762,
    "eval_FECHAS_precision": 0.9597402597402598,
    "eval_FECHAS_recall": 0.9698162729658792,
    "eval_HOSPITAL_f1": 0.8243243243243245,
    "eval_HOSPITAL_number": 149,
    "eval_HOSPITAL_precision": 0.8299319727891157,
    "eval_HOSPITAL_recall": 0.8187919463087249,
    "eval_ID_ASEGURAMIENTO_f1": 0.9791666666666666,
    "eval_ID_ASEGURAMIENTO_number": 192,
    "eval_ID_ASEGURAMIENTO_precision": 0.9791666666666666,
    "eval_ID_ASEGURAMIENTO_recall": 0.9791666666666666,
    "eval_ID_CONTACTO_ASISTENCIAL_f1": 0.9393939393939394,
    "eval_ID_CONTACTO_ASISTENCIAL_number": 32,
    "eval_ID_CONTACTO_ASISTENCIAL_precision": 0.9117647058823529,
    "eval_ID_CONTACTO_ASISTENCIAL_recall": 0.96875,
    "eval_ID_SUJETO_ASISTENCIA_f1": 0.9333333333333333,
    "eval_ID_SUJETO_ASISTENCIA_number": 285,
    "eval_ID_SUJETO_ASISTENCIA_precision": 0.91,
    "eval_ID_SUJETO_ASISTENCIA_recall": 0.9578947368421052,
    "eval_ID_TITULACION_PERSONAL_SANITARIO_f1": 0.9626373626373625,
    "eval_ID_TITULACION_PERSONAL_SANITARIO_number": 226,
    "eval_ID_TITULACION_PERSONAL_SANITARIO_precision": 0.9563318777292577,
    "eval_ID_TITULACION_PERSONAL_SANITARIO_recall": 0.9690265486725663,
    "eval_INSTITUCION_f1": 0.7085714285714285,
    "eval_INSTITUCION_number": 85,
    "eval_INSTITUCION_precision": 0.6888888888888889,
    "eval_INSTITUCION_recall": 0.7294117647058823,
    "eval_NOMBRE_PERSONAL_SANITARIO_f1": 0.9567723342939481,
    "eval_NOMBRE_PERSONAL_SANITARIO_number": 520,
    "eval_NOMBRE_PERSONAL_SANITARIO_precision": 0.9558541266794626,
    "eval_NOMBRE_PERSONAL_SANITARIO_recall": 0.9576923076923077,
    "eval_NOMBRE_SUJETO_ASISTENCIA_f1": 0.9828801611278952,
    "eval_NOMBRE_SUJETO_ASISTENCIA_number": 488,
    "eval_NOMBRE_SUJETO_ASISTENCIA_precision": 0.9663366336633663,
    "eval_NOMBRE_SUJETO_ASISTENCIA_recall": 1.0,
    "eval_NUMERO_FAX_f1": 0.9090909090909091,
    "eval_NUMERO_FAX_number": 6,
    "eval_NUMERO_FAX_precision": 1.0,
    "eval_NUMERO_FAX_recall": 0.8333333333333334,
    "eval_NUMERO_TELEFONO_f1": 0.8846153846153846,
    "eval_NUMERO_TELEFONO_number": 25,
    "eval_NUMERO_TELEFONO_precision": 0.8518518518518519,
    "eval_NUMERO_TELEFONO_recall": 0.92,
    "eval_OTROS_SUJETO_ASISTENCIA_f1": 0.0,
    "eval_OTROS_SUJETO_ASISTENCIA_number": 7,
    "eval_OTROS_SUJETO_ASISTENCIA_precision": 0.0,
    "eval_OTROS_SUJETO_ASISTENCIA_recall": 0.0,
    "eval_PAIS_f1": 0.9674681753889675,
    "eval_PAIS_number": 351,
    "eval_PAIS_precision": 0.9606741573033708,
    "eval_PAIS_recall": 0.9743589743589743,
    "eval_PROFESION_f1": 0.36363636363636365,
    "eval_PROFESION_number": 4,
    "eval_PROFESION_precision": 0.2857142857142857,
    "eval_PROFESION_recall": 0.5,
    "eval_SEXO_SUJETO_ASISTENCIA_f1": 0.9564270152505446,
    "eval_SEXO_SUJETO_ASISTENCIA_number": 456,
    "eval_SEXO_SUJETO_ASISTENCIA_precision": 0.9502164502164502,
    "eval_SEXO_SUJETO_ASISTENCIA_recall": 0.9627192982456141,
    "eval_TERRITORIO_f1": 0.963302752293578,
    "eval_TERRITORIO_number": 863,
    "eval_TERRITORIO_precision": 0.9534619750283768,
    "eval_TERRITORIO_recall": 0.9733487833140209,