{
    "epoch": 10.0,
    "eval_CALLE_f1": 0.9237770193401593,
    "eval_CALLE_number": 435,
    "eval_CALLE_precision": 0.9144144144144144,
    "eval_CALLE_recall": 0.9333333333333333,
    "eval_CENTRO_SALUD_f1": 0.0,
    "eval_CENTRO_SALUD_number": 2,
    "eval_CENTRO_SALUD_precision": 0.0,
    "eval_CENTRO_SALUD_recall": 0.0,
    "eval_CORREO_ELECTRONICO_f1": 0.9751037344398341,
    "eval_CORREO_ELECTRONICO_number": 239,
    "eval_CORREO_ELECTRONICO_precision": 0.9670781893004116,
    "eval_CORREO_ELECTRONICO_recall": 0.9832635983263598,
    "eval_EDAD_SUJETO_ASISTENCIA_f1": 0.9534662867996201,
    "eval_EDAD_SUJETO_ASISTENCIA_number": 527,
    "eval_EDAD_SUJETO_ASISTENCIA_precision": 0.9543726235741445,
    "eval_EDAD_SUJETO_ASISTENCIA_recall": 0.952561669829222,
    "eval_FAMILIARES_SUJETO_ASISTENCIA_f1": 0.8333333333333333,
    "eval_FAMILIARES_SUJETO_ASISTENCIA_number": 101,
    "eval_FAMILIARES_SUJETO_ASISTENCIA_precision": 0.8252427184466019,
    "eval_FAMILIARES_SUJETO_ASISTENCIA_recall": 0.8415841584158416,
    "eval_FECHAS_f1": 0.9647519582245431,
    "eval_FECHAS_number": 762,
    "eval_FECHAS_precision": 0.9597402597402598,
    "eval_FECHAS_recall": 0.9698162729658792,
    "eval_HOSPITAL_f1": 0.8243243243243245,
    "eval_HOSPITAL_number": 149,
    "eval_HOSPITAL_precision": 0.8299319727891157,
    "eval_HOSPITAL_recall": 0.8187919463087249,
    "eval_ID_ASEGURAMIENTO_f1": 0.9791666666666666,
    "eval_ID_ASEGURAMIENTO_number": 192,
    "eval_ID_ASEGURAMIENTO_precision": 0.9791666666666666,
    "eval_ID_ASEGURAMIENTO_recall": 0.9791666666666666,
    "eval_ID_CONTACTO_ASISTENCIAL_f1": 0.9393939393939394,
    "eval_ID_CONTACTO_ASISTENCIAL_number": 32,
    "eval_ID_CONTACTO_ASISTENCIAL_precision": 0.9117647058823529,
    "eval_ID_CONTACTO_ASISTENCIAL_recall": 0.96875,
    "eval_ID_SUJETO_ASISTENCIA_f1": 0.9333333333333333,
    "eval_ID_SUJETO_ASISTENCIA_number": 285,
    "eval_ID_SUJETO_ASISTENCIA_precision": 0.91,
    "eval_ID_SUJETO_ASISTENCIA_recall": 0.9578947368421052,
    "eval_ID_TITULACION_PERSONAL_SANITARIO_f1": 0.9626373626373625,
    "eval_ID_TITULACION_PERSONAL_SANITARIO_number": 226,
    "eval_ID_TITULACION_PERSONAL_SANITARIO_precision": 0.9563318777292577,
    "eval_ID_TITULACION_PERSONAL_SANITARIO_recall": 0.9690265486725663,
    "eval_INSTITUCION_f1": 0.7085714285714285,
    "eval_INSTITUCION_number": 85,
    "eval_INSTITUCION_precision": 0.6888888888888889,
    "eval_INSTITUCION_recall": 0.7294117647058823,
    "eval_NOMBRE_PERSONAL_SANITARIO_f1": 0.9567723342939481,
    "eval_NOMBRE_PERSONAL_SANITARIO_number": 520,
    "eval_NOMBRE_PERSONAL_SANITARIO_precision": 0.9558541266794626,
    "eval_NOMBRE_PERSONAL_SANITARIO_recall": 0.9576923076923077,
    "eval_NOMBRE_SUJETO_ASISTENCIA_f1": 0.9828801611278952,
    "eval_NOMBRE_SUJETO_ASISTENCIA_number": 488,
    "eval_NOMBRE_SUJETO_ASISTENCIA_precision": 0.9663366336633663,
    "eval_NOMBRE_SUJETO_ASISTENCIA_recall": 1.0,
    "eval_NUMERO_FAX_f1": 0.9090909090909091,
    "eval_NUMERO_FAX_number": 6,
    "eval_NUMERO_FAX_precision": 1.0,
    "eval_NUMERO_FAX_recall": 0.8333333333333334,
    "eval_NUMERO_TELEFONO_f1": 0.8846153846153846,
    "eval_NUMERO_TELEFONO_number": 25,
    "eval_NUMERO_TELEFONO_precision": 0.8518518518518519,
    "eval_NUMERO_TELEFONO_recall": 0.92,
    "eval_OTROS_SUJETO_ASISTENCIA_f1": 0.0,
    "eval_OTROS_SUJETO_ASISTENCIA_number": 7,
    "eval_OTROS_SUJETO_ASISTENCIA_precision": 0.0,
    "eval_OTROS_SUJETO_ASISTENCIA_recall": 0.0,
    "eval_PAIS_f1": 0.9674681753889675,
    "eval_PAIS_number": 351,
    "eval_PAIS_precision": 0.9606741573033708,
    "eval_PAIS_recall": 0.9743589743589743,
    "eval_PROFESION_f1": 0.36363636363636365,
    "eval_PROFESION_number": 4,
    "eval_PROFESION_precision": 0.2857142857142857,
    "eval_PROFESION_recall": 0.5,
    "eval_SEXO_SUJETO_ASISTENCIA_f1": 0.9564270152505446,
    "eval_SEXO_SUJETO_ASISTENCIA_number": 456,
    "eval_SEXO_SUJETO_ASISTENCIA_precision": 0.9502164502164502,
    "eval_SEXO_SUJETO_ASISTENCIA_recall": 0.9627192982456141,
    "eval_TERRITORIO_f1": 0.963302752293578,
    "eval_TERRITORIO_number": 863,
    "eval_TERRITORIO_precision": 0.9534619750283768,
    "eval_TERRITORIO_recall": 0.9733487833140209,
    "eval_loss": 0.04163113236427307,
    "eval_overall_accuracy": 0.9948048422790833,
    "eval_overall_f1": 0.948021722265322,
    "eval_overall_precision": 0.9406431748203901,
    "eval_overall_recall": 0.955516941789748,
    "eval_runtime": 8.536,
    "eval_samples_per_second": 71.462,
    "eval_steps_per_second": 9.021
}