{
    "ACTIVIDAD_f1": 0.5098039215686274,
    "ACTIVIDAD_number": 28,
    "ACTIVIDAD_precision": 0.5652173913043478,
    "ACTIVIDAD_recall": 0.4642857142857143,
    "PROFESION_f1": 0.82679971489665,
    "PROFESION_number": 695,
    "PROFESION_precision": 0.8192090395480226,
    "PROFESION_recall": 0.8345323741007195,
    "SITUACION_LABORAL_f1": 0.6180257510729614,
    "SITUACION_LABORAL_number": 356,
    "SITUACION_LABORAL_precision": 0.6297376093294461,
    "SITUACION_LABORAL_recall": 0.6067415730337079,
    "overall_accuracy": 0.996098834747424,
    "overall_f1": 0.7515095215977705,
    "overall_precision": 0.7532588454376163,
    "overall_recall": 0.7497683039851715
}