{
    "MORFOLOGIA_NEOPLASIA_f1": 0.8163210702341137,
    "MORFOLOGIA_NEOPLASIA_number": 3562,
    "MORFOLOGIA_NEOPLASIA_precision": 0.7797086634295937,
    "MORFOLOGIA_NEOPLASIA_recall": 0.856541268950028,
    "epoch": 10.0,
    "eval_MORFOLOGIA_NEOPLASIA_f1": 0.8162973552537528,
    "eval_MORFOLOGIA_NEOPLASIA_number": 7365,
    "eval_MORFOLOGIA_NEOPLASIA_precision": 0.7827766699900299,
    "eval_MORFOLOGIA_NEOPLASIA_recall": 0.8528173794976239,
    "eval_loss": 0.04359344393014908,
    "eval_overall_accuracy": 0.9903358660341711,
    "eval_overall_f1": 0.8162973552537528,
    "eval_overall_precision": 0.7827766699900299,
    "eval_overall_recall": 0.8528173794976239,
    "eval_runtime": 19.299,
    "eval_samples_per_second": 70.263,
    "eval_steps_per_second": 8.809,
    "overall_accuracy": 0.9910606060606061,
    "overall_f1": 0.8163210702341137,
    "overall_precision": 0.7797086634295937,
    "overall_recall": 0.856541268950028,
    "total_flos": 3848695139276496.0,
    "train_loss": 0.01778630830146171,
    "train_runtime": 846.6954,
    "train_samples_per_second": 17.397,
    "train_steps_per_second": 2.185
}