{
    "MORFOLOGIA_NEOPLASIA_f1": 0.8163210702341137,
    "MORFOLOGIA_NEOPLASIA_number": 3562,
    "MORFOLOGIA_NEOPLASIA_precision": 0.7797086634295937,
    "MORFOLOGIA_NEOPLASIA_recall": 0.856541268950028,
    "overall_accuracy": 0.9910606060606061,
    "overall_f1": 0.8163210702341137,
    "overall_precision": 0.7797086634295937,
    "overall_recall": 0.856541268950028
}