{
    "DIAGNOSTICO_f1": 0.6802984249792761,
    "DIAGNOSTICO_number": 3494,
    "DIAGNOSTICO_precision": 0.6575854700854701,
    "DIAGNOSTICO_recall": 0.7046365197481397,
    "PROCEDIMIENTO_f1": 0.6012176560121766,
    "PROCEDIMIENTO_number": 1243,
    "PROCEDIMIENTO_precision": 0.5703971119133574,
    "PROCEDIMIENTO_recall": 0.6355591311343524,
    "epoch": 10.0,
    "eval_DIAGNOSTICO_f1": 0.6562416466185512,
    "eval_DIAGNOSTICO_number": 3584,
    "eval_DIAGNOSTICO_precision": 0.6298101590559261,
    "eval_DIAGNOSTICO_recall": 0.6849888392857143,
    "eval_PROCEDIMIENTO_f1": 0.5892393320964749,
    "eval_PROCEDIMIENTO_number": 1295,
    "eval_PROCEDIMIENTO_precision": 0.5671428571428572,
    "eval_PROCEDIMIENTO_recall": 0.6131274131274131,
    "eval_loss": 0.2096189558506012,
    "eval_overall_accuracy": 0.9534995206136145,
    "eval_overall_f1": 0.6384985752186303,
    "eval_overall_precision": 0.6132502831257078,
    "eval_overall_recall": 0.6659151465464235,
    "eval_runtime": 5.5658,
    "eval_samples_per_second": 62.525,
    "eval_steps_per_second": 7.905,
    "overall_accuracy": 0.9544886264976559,
    "overall_f1": 0.6592337320089195,
    "overall_precision": 0.6340417235328524,
    "overall_recall": 0.6865104496516783,
    "total_flos": 1801624677315840.0,
    "train_loss": 0.09113629220545977,
    "train_runtime": 749.2974,
    "train_samples_per_second": 9.262,
    "train_steps_per_second": 1.161
}