{
    "DIAGNOSTICO_f1": 0.6802984249792761,
    "DIAGNOSTICO_number": 3494,
    "DIAGNOSTICO_precision": 0.6575854700854701,
    "DIAGNOSTICO_recall": 0.7046365197481397,
    "PROCEDIMIENTO_f1": 0.6012176560121766,
    "PROCEDIMIENTO_number": 1243,
    "PROCEDIMIENTO_precision": 0.5703971119133574,
    "PROCEDIMIENTO_recall": 0.6355591311343524,
    "overall_accuracy": 0.9544886264976559,
    "overall_f1": 0.6592337320089195,
    "overall_precision": 0.6340417235328524,
    "overall_recall": 0.6865104496516783
}