{
    "epoch": 9.706827309236948,
    "eval_FAMILIAR_f1": 0.5365853658536586,
    "eval_FAMILIAR_number": 41,
    "eval_FAMILIAR_precision": 0.5365853658536586,
    "eval_FAMILIAR_recall": 0.5365853658536586,
    "eval_OTROS_f1": 0.7364016736401673,
    "eval_OTROS_number": 129,
    "eval_OTROS_precision": 0.8,
    "eval_OTROS_recall": 0.6821705426356589,
    "eval_PACIENTE_f1": 0.6387283236994219,
    "eval_PACIENTE_number": 326,
    "eval_PACIENTE_precision": 0.6038251366120219,
    "eval_PACIENTE_recall": 0.6779141104294478,
    "eval_SANITARIO_f1": 0.8803245436105477,
    "eval_SANITARIO_number": 237,
    "eval_SANITARIO_precision": 0.84765625,
    "eval_SANITARIO_recall": 0.9156118143459916,
    "eval_loss": 0.017210455611348152,
    "eval_overall_accuracy": 0.9964303420922161,
    "eval_overall_f1": 0.7277556440903054,
    "eval_overall_precision": 0.7089262613195343,
    "eval_overall_recall": 0.747612551159618,
    "eval_runtime": 11.9338,
    "eval_samples_per_second": 20.781,
    "eval_steps_per_second": 5.195
}