{
    "FAMILIAR_f1": 0.3953488372093023,
    "FAMILIAR_number": 51,
    "FAMILIAR_precision": 0.4857142857142857,
    "FAMILIAR_recall": 0.3333333333333333,
    "OTROS_f1": 0.6577181208053691,
    "OTROS_number": 146,
    "OTROS_precision": 0.6447368421052632,
    "OTROS_recall": 0.6712328767123288,
    "PACIENTE_f1": 0.6132879045996593,
    "PACIENTE_number": 590,
    "PACIENTE_precision": 0.6164383561643836,
    "PACIENTE_recall": 0.6101694915254238,
    "SANITARIO_f1": 0.912751677852349,
    "SANITARIO_number": 291,
    "SANITARIO_precision": 0.8918032786885246,
    "SANITARIO_recall": 0.9347079037800687,
    "overall_accuracy": 0.9951421670874959,
    "overall_f1": 0.6935933147632313,
    "overall_precision": 0.6942379182156134,
    "overall_recall": 0.6929499072356216
}