{
    "ENFERMEDAD_f1": 0.7532913566113337,
    "ENFERMEDAD_number": 2550,
    "ENFERMEDAD_precision": 0.7335562987736901,
    "ENFERMEDAD_recall": 0.7741176470588236,
    "epoch": 10.0,
    "eval_ENFERMEDAD_f1": 0.7455108359133127,
    "eval_ENFERMEDAD_number": 1559,
    "eval_ENFERMEDAD_precision": 0.720526630760024,
    "eval_ENFERMEDAD_recall": 0.77228992944195,
    "eval_loss": 0.17133550345897675,
    "eval_overall_accuracy": 0.9703603760445683,
    "eval_overall_f1": 0.7455108359133127,
    "eval_overall_precision": 0.720526630760024,
    "eval_overall_recall": 0.77228992944195,
    "eval_runtime": 6.3082,
    "eval_samples_per_second": 23.779,
    "eval_steps_per_second": 6.024,
    "overall_accuracy": 0.9713846679187297,
    "overall_f1": 0.7532913566113337,
    "overall_precision": 0.7335562987736901,
    "overall_recall": 0.7741176470588236,
    "total_flos": 2782933889020992.0,
    "train_loss": 0.03558308887481689,
    "train_runtime": 1314.4223,
    "train_samples_per_second": 4.565,
    "train_steps_per_second": 0.571
}