{
    "epoch": 10.0,
    "eval_ENFERMEDAD_f1": 0.7455108359133127,
    "eval_ENFERMEDAD_number": 1559,
    "eval_ENFERMEDAD_precision": 0.720526630760024,
    "eval_ENFERMEDAD_recall": 0.77228992944195,
    "eval_loss": 0.17133550345897675,
    "eval_overall_accuracy": 0.9703603760445683,
    "eval_overall_f1": 0.7455108359133127,
    "eval_overall_precision": 0.720526630760024,
    "eval_overall_recall": 0.77228992944195,
    "eval_runtime": 6.3082,
    "eval_samples_per_second": 23.779,
    "eval_steps_per_second": 6.024
}