{
    "MORFOLOGIA_NEOPLASIA_f1": 0.8324353448275862,
    "MORFOLOGIA_NEOPLASIA_number": 3562,
    "MORFOLOGIA_NEOPLASIA_precision": 0.8001035732780942,
    "MORFOLOGIA_NEOPLASIA_recall": 0.8674901740595171,
    "epoch": 10.0,
    "eval_MORFOLOGIA_NEOPLASIA_f1": 0.8383805134957208,
    "eval_MORFOLOGIA_NEOPLASIA_number": 5901,
    "eval_MORFOLOGIA_NEOPLASIA_precision": 0.8149096144616861,
    "eval_MORFOLOGIA_NEOPLASIA_recall": 0.8632435180477885,
    "eval_loss": 0.05313591659069061,
    "eval_overall_accuracy": 0.9911022964509395,
    "eval_overall_f1": 0.8383805134957208,
    "eval_overall_precision": 0.8149096144616861,
    "eval_overall_recall": 0.8632435180477885,
    "eval_runtime": 22.6676,
    "eval_samples_per_second": 22.058,
    "eval_steps_per_second": 5.514,
    "overall_accuracy": 0.9910640495867769,
    "overall_f1": 0.8324353448275862,
    "overall_precision": 0.8001035732780942,
    "overall_recall": 0.8674901740595171,
    "total_flos": 4650369101642880.0,
    "train_loss": 0.016991935906902192,
    "train_runtime": 1223.3255,
    "train_samples_per_second": 4.095,
    "train_steps_per_second": 0.515
}