{
    "MORFOLOGIA_NEOPLASIA_f1": 0.8324353448275862,
    "MORFOLOGIA_NEOPLASIA_number": 3562,
    "MORFOLOGIA_NEOPLASIA_precision": 0.8001035732780942,
    "MORFOLOGIA_NEOPLASIA_recall": 0.8674901740595171,
    "overall_accuracy": 0.9910640495867769,
    "overall_f1": 0.8324353448275862,
    "overall_precision": 0.8001035732780942,
    "overall_recall": 0.8674901740595171
}