{
    "epoch": 9.848,
    "eval_CALLE_f1": 0.9095022624434388,
    "eval_CALLE_number": 434,
    "eval_CALLE_precision": 0.8933333333333333,
    "eval_CALLE_recall": 0.9262672811059908,
    "eval_CENTRO_SALUD_f1": 0.0,
    "eval_CENTRO_SALUD_number": 2,
    "eval_CENTRO_SALUD_precision": 0.0,
    "eval_CENTRO_SALUD_recall": 0.0,
    "eval_CORREO_ELECTRONICO_f1": 0.9789029535864978,
    "eval_CORREO_ELECTRONICO_number": 235,
    "eval_CORREO_ELECTRONICO_precision": 0.9707112970711297,
    "eval_CORREO_ELECTRONICO_recall": 0.9872340425531915,
    "eval_EDAD_SUJETO_ASISTENCIA_f1": 0.9688715953307393,
    "eval_EDAD_SUJETO_ASISTENCIA_number": 521,
    "eval_EDAD_SUJETO_ASISTENCIA_precision": 0.9822485207100592,
    "eval_EDAD_SUJETO_ASISTENCIA_recall": 0.9558541266794626,
    "eval_FAMILIARES_SUJETO_ASISTENCIA_f1": 0.7759562841530054,
    "eval_FAMILIARES_SUJETO_ASISTENCIA_number": 92,
    "eval_FAMILIARES_SUJETO_ASISTENCIA_precision": 0.7802197802197802,
    "eval_FAMILIARES_SUJETO_ASISTENCIA_recall": 0.7717391304347826,
    "eval_FECHAS_f1": 0.9625520110957004,
    "eval_FECHAS_number": 724,
    "eval_FECHAS_precision": 0.9665738161559888,
    "eval_FECHAS_recall": 0.9585635359116023,
    "eval_HOSPITAL_f1": 0.8960573476702509,
    "eval_HOSPITAL_number": 140,
    "eval_HOSPITAL_precision": 0.8992805755395683,
    "eval_HOSPITAL_recall": 0.8928571428571429,
    "eval_ID_ASEGURAMIENTO_f1": 0.9818181818181818,
    "eval_ID_ASEGURAMIENTO_number": 194,
    "eval_ID_ASEGURAMIENTO_precision": 0.9895287958115183,
    "eval_ID_ASEGURAMIENTO_recall": 0.9742268041237113,
    "eval_ID_CONTACTO_ASISTENCIAL_f1": 0.96875,
    "eval_ID_CONTACTO_ASISTENCIAL_number": 32,
    "eval_ID_CONTACTO_ASISTENCIAL_precision": 0.96875,
    "eval_ID_CONTACTO_ASISTENCIAL_recall": 0.96875,
    "eval_ID_SUJETO_ASISTENCIA_f1": 0.9468267581475128,
    "eval_ID_SUJETO_ASISTENCIA_number": 292,
    "eval_ID_SUJETO_ASISTENCIA_precision": 0.9484536082474226,
    "eval_ID_SUJETO_ASISTENCIA_recall": 0.9452054794520548,
    "eval_ID_TITULACION_PERSONAL_SANITARIO_f1": 0.9755011135857461,
    "eval_ID_TITULACION_PERSONAL_SANITARIO_number": 226,
    "eval_ID_TITULACION_PERSONAL_SANITARIO_precision": 0.9820627802690582,
    "eval_ID_TITULACION_PERSONAL_SANITARIO_recall": 0.9690265486725663,
    "eval_INSTITUCION_f1": 0.7088607594936709,
    "eval_INSTITUCION_number": 72,
    "eval_INSTITUCION_precision": 0.6511627906976745,
    "eval_INSTITUCION_recall": 0.7777777777777778,
    "eval_NOMBRE_PERSONAL_SANITARIO_f1": 0.9704383282364933,
    "eval_NOMBRE_PERSONAL_SANITARIO_number": 497,
    "eval_NOMBRE_PERSONAL_SANITARIO_precision": 0.9834710743801653,
    "eval_NOMBRE_PERSONAL_SANITARIO_recall": 0.9577464788732394,
    "eval_NOMBRE_SUJETO_ASISTENCIA_f1": 0.9797979797979798,
    "eval_NOMBRE_SUJETO_ASISTENCIA_number": 503,
    "eval_NOMBRE_SUJETO_ASISTENCIA_precision": 0.9958932238193019,
    "eval_NOMBRE_SUJETO_ASISTENCIA_recall": 0.9642147117296223,
    "eval_NUMERO_FAX_f1": 0.8333333333333334,
    "eval_NUMERO_FAX_number": 6,
    "eval_NUMERO_FAX_precision": 0.8333333333333334,
    "eval_NUMERO_FAX_recall": 0.8333333333333334,
    "eval_NUMERO_TELEFONO_f1": 0.9166666666666666,
    "eval_NUMERO_TELEFONO_number": 24,
    "eval_NUMERO_TELEFONO_precision": 0.9166666666666666,
    "eval_NUMERO_TELEFONO_recall": 0.9166666666666666,
    "eval_OTROS_SUJETO_ASISTENCIA_f1": 0.0,
    "eval_OTROS_SUJETO_ASISTENCIA_number": 6,
    "eval_OTROS_SUJETO_ASISTENCIA_precision": 0.0,
    "eval_OTROS_SUJETO_ASISTENCIA_recall": 0.0,
    "eval_PAIS_f1": 0.9781659388646288,
    "eval_PAIS_number": 347,
    "eval_PAIS_precision": 0.9882352941176471,
    "eval_PAIS_recall": 0.968299711815562,
    "eval_PROFESION_f1": 0.5,
    "eval_PROFESION_number": 4,
    "eval_PROFESION_precision": 0.5,
    "eval_PROFESION_recall": 0.5,
    "eval_SEXO_SUJETO_ASISTENCIA_f1": 0.9700996677740864,
    "eval_SEXO_SUJETO_ASISTENCIA_number": 455,
    "eval_SEXO_SUJETO_ASISTENCIA_precision": 0.9776785714285714,
    "eval_SEXO_SUJETO_ASISTENCIA_recall": 0.9626373626373627,
    "eval_TERRITORIO_f1": 0.9690082644628099,
    "eval_TERRITORIO_number": 975,
    "eval_TERRITORIO_precision": 0.9760665972944849,
    "eval_TERRITORIO_recall": 0.9620512820512821,
    "eval_loss": 0.041480258107185364,
    "eval_overall_accuracy": 0.9921429698872306,
    "eval_overall_f1": 0.9553198887343534,
    "eval_overall_precision": 0.9601607548488555,
    "eval_overall_recall": 0.9505275903822868,
    "eval_runtime": 8.7133,
    "eval_samples_per_second": 28.692,
    "eval_steps_per_second": 7.23
}