{
    "CALLE_f1": 0.9474940334128878,
    "CALLE_number": 413,
    "CALLE_precision": 0.9341176470588235,
    "CALLE_recall": 0.9612590799031477,
    "CENTRO_SALUD_f1": 0.5454545454545454,
    "CENTRO_SALUD_number": 6,
    "CENTRO_SALUD_precision": 0.6,
    "CENTRO_SALUD_recall": 0.5,
    "CORREO_ELECTRONICO_f1": 0.9899799599198397,
    "CORREO_ELECTRONICO_number": 249,
    "CORREO_ELECTRONICO_precision": 0.988,
    "CORREO_ELECTRONICO_recall": 0.9919678714859438,
    "EDAD_SUJETO_ASISTENCIA_f1": 0.9827915869980879,
    "EDAD_SUJETO_ASISTENCIA_number": 518,
    "EDAD_SUJETO_ASISTENCIA_precision": 0.9734848484848485,
    "EDAD_SUJETO_ASISTENCIA_recall": 0.9922779922779923,
    "FAMILIARES_SUJETO_ASISTENCIA_f1": 0.7428571428571429,
    "FAMILIARES_SUJETO_ASISTENCIA_number": 81,
    "FAMILIARES_SUJETO_ASISTENCIA_precision": 0.6914893617021277,
    "FAMILIARES_SUJETO_ASISTENCIA_recall": 0.8024691358024691,
    "FECHAS_f1": 0.9918300653594772,
    "FECHAS_number": 611,
    "FECHAS_precision": 0.9902120717781403,
    "FECHAS_recall": 0.9934533551554828,
    "HOSPITAL_f1": 0.9393939393939394,
    "HOSPITAL_number": 130,
    "HOSPITAL_precision": 0.9253731343283582,
    "HOSPITAL_recall": 0.9538461538461539,
    "ID_ASEGURAMIENTO_f1": 0.9974683544303797,
    "ID_ASEGURAMIENTO_number": 198,
    "ID_ASEGURAMIENTO_precision": 1.0,
    "ID_ASEGURAMIENTO_recall": 0.9949494949494949,
    "ID_CONTACTO_ASISTENCIAL_f1": 1.0,
    "ID_CONTACTO_ASISTENCIAL_number": 39,
    "ID_CONTACTO_ASISTENCIAL_precision": 1.0,
    "ID_CONTACTO_ASISTENCIAL_recall": 1.0,
    "ID_SUJETO_ASISTENCIA_f1": 0.986013986013986,
    "ID_SUJETO_ASISTENCIA_number": 283,
    "ID_SUJETO_ASISTENCIA_precision": 0.9757785467128027,
    "ID_SUJETO_ASISTENCIA_recall": 0.9964664310954063,
    "ID_TITULACION_PERSONAL_SANITARIO_f1": 0.9978678038379531,
    "ID_TITULACION_PERSONAL_SANITARIO_number": 234,
    "ID_TITULACION_PERSONAL_SANITARIO_precision": 0.9957446808510638,
    "ID_TITULACION_PERSONAL_SANITARIO_recall": 1.0,
    "INSTITUCION_f1": 0.47058823529411764,
    "INSTITUCION_number": 67,
    "INSTITUCION_precision": 0.463768115942029,
    "INSTITUCION_recall": 0.47761194029850745,
    "NOMBRE_PERSONAL_SANITARIO_f1": 0.9950248756218906,
    "NOMBRE_PERSONAL_SANITARIO_number": 501,
    "NOMBRE_PERSONAL_SANITARIO_precision": 0.9920634920634921,
    "NOMBRE_PERSONAL_SANITARIO_recall": 0.998003992015968,
    "NOMBRE_SUJETO_ASISTENCIA_f1": 0.99800796812749,
    "NOMBRE_SUJETO_ASISTENCIA_number": 502,
    "NOMBRE_SUJETO_ASISTENCIA_precision": 0.99800796812749,
    "NOMBRE_SUJETO_ASISTENCIA_recall": 0.99800796812749,
    "NUMERO_FAX_f1": 0.8571428571428571,
    "NUMERO_FAX_number": 7,
    "NUMERO_FAX_precision": 0.8571428571428571,
    "NUMERO_FAX_recall": 0.8571428571428571,
    "NUMERO_TELEFONO_f1": 0.8727272727272727,
    "NUMERO_TELEFONO_number": 26,
    "NUMERO_TELEFONO_precision": 0.8275862068965517,
    "NUMERO_TELEFONO_recall": 0.9230769230769231,
    "OTROS_SUJETO_ASISTENCIA_f1": 0.0,
    "OTROS_SUJETO_ASISTENCIA_number": 7,
    "OTROS_SUJETO_ASISTENCIA_precision": 0.0,
    "OTROS_SUJETO_ASISTENCIA_recall": 0.0,
    "PAIS_f1": 0.9849521203830369,
    "PAIS_number": 363,
    "PAIS_precision": 0.9782608695652174,
    "PAIS_recall": 0.9917355371900827,
    "PROFESION_f1": 0.5454545454545455,
    "PROFESION_number": 9,
    "PROFESION_precision": 0.46153846153846156,
    "PROFESION_recall": 0.6666666666666666,
    "SEXO_SUJETO_ASISTENCIA_f1": 0.9892008639308855,
    "SEXO_SUJETO_ASISTENCIA_number": 461,
    "SEXO_SUJETO_ASISTENCIA_precision": 0.9849462365591398,
    "SEXO_SUJETO_ASISTENCIA_recall": 0.9934924078091106,
    "TERRITORIO_f1": 0.9718456725755996,
    "TERRITORIO_number": 956,
    "TERRITORIO_precision": 0.9688149688149689,
    "TERRITORIO_recall": 0.9748953974895398,
    "overall_accuracy": 0.9970327328592313,
    "overall_f1": 0.9707612608657477,
    "overall_precision": 0.9650837988826816,
    "overall_recall": 0.9765059176823883
}