{
    "NORMALIZABLES_f1": 0.9328474752732953,
    "NORMALIZABLES_number": 961,
    "NORMALIZABLES_precision": 0.9333333333333333,
    "NORMALIZABLES_recall": 0.9323621227887617,
    "NO_NORMALIZABLES_f1": 0.16666666666666669,
    "NO_NORMALIZABLES_number": 10,
    "NO_NORMALIZABLES_precision": 0.5,
    "NO_NORMALIZABLES_recall": 0.1,
    "PROTEINAS_f1": 0.8573079145002889,
    "PROTEINAS_number": 835,
    "PROTEINAS_precision": 0.828125,
    "PROTEINAS_recall": 0.888622754491018,
    "UNCLEAR_f1": 0.7692307692307693,
    "UNCLEAR_number": 34,
    "UNCLEAR_precision": 0.8064516129032258,
    "UNCLEAR_recall": 0.7352941176470589,
    "epoch": 9.990654205607477,
    "eval_NORMALIZABLES_f1": 0.9202898550724637,
    "eval_NORMALIZABLES_number": 1104,
    "eval_NORMALIZABLES_precision": 0.9202898550724637,
    "eval_NORMALIZABLES_recall": 0.9202898550724637,
    "eval_NO_NORMALIZABLES_f1": 0.18181818181818182,
    "eval_NO_NORMALIZABLES_number": 16,
    "eval_NO_NORMALIZABLES_precision": 0.3333333333333333,
    "eval_NO_NORMALIZABLES_recall": 0.125,
    "eval_PROTEINAS_f1": 0.8911290322580645,
    "eval_PROTEINAS_number": 736,
    "eval_PROTEINAS_precision": 0.8816489361702128,
    "eval_PROTEINAS_recall": 0.9008152173913043,
    "eval_UNCLEAR_f1": 0.8817204301075268,
    "eval_UNCLEAR_number": 44,
    "eval_UNCLEAR_precision": 0.8367346938775511,
    "eval_UNCLEAR_recall": 0.9318181818181818,
    "eval_loss": 0.03780803084373474,
    "eval_overall_accuracy": 0.9948200386936868,
    "eval_overall_f1": 0.9036998163211755,
    "eval_overall_precision": 0.9010989010989011,
    "eval_overall_recall": 0.9063157894736842,
    "eval_runtime": 61.0504,
    "eval_samples_per_second": 62.031,
    "eval_steps_per_second": 15.512,
    "overall_accuracy": 0.995167378948002,
    "overall_f1": 0.8924644676857066,
    "overall_precision": 0.8808893594494441,
    "overall_recall": 0.9043478260869565,
    "total_flos": 2832324460224480.0,
    "train_loss": 0.007527140646762266,
    "train_runtime": 5145.3945,
    "train_samples_per_second": 15.799,
    "train_steps_per_second": 1.975
}