{
    "epoch": 9.990654205607477,
    "eval_NORMALIZABLES_f1": 0.9202898550724637,
    "eval_NORMALIZABLES_number": 1104,
    "eval_NORMALIZABLES_precision": 0.9202898550724637,
    "eval_NORMALIZABLES_recall": 0.9202898550724637,
    "eval_NO_NORMALIZABLES_f1": 0.18181818181818182,
    "eval_NO_NORMALIZABLES_number": 16,
    "eval_NO_NORMALIZABLES_precision": 0.3333333333333333,
    "eval_NO_NORMALIZABLES_recall": 0.125,
    "eval_PROTEINAS_f1": 0.8911290322580645,
    "eval_PROTEINAS_number": 736,
    "eval_PROTEINAS_precision": 0.8816489361702128,
    "eval_PROTEINAS_recall": 0.9008152173913043,
    "eval_UNCLEAR_f1": 0.8817204301075268,
    "eval_UNCLEAR_number": 44,
    "eval_UNCLEAR_precision": 0.8367346938775511,
    "eval_UNCLEAR_recall": 0.9318181818181818,
    "eval_loss": 0.03780803084373474,
    "eval_overall_accuracy": 0.9948200386936868,
    "eval_overall_f1": 0.9036998163211755,
    "eval_overall_precision": 0.9010989010989011,
    "eval_overall_recall": 0.9063157894736842,
    "eval_runtime": 61.0504,
    "eval_samples_per_second": 62.031,
    "eval_steps_per_second": 15.512
}