{
    "NORMALIZABLES_f1": 0.9328474752732953,
    "NORMALIZABLES_number": 961,
    "NORMALIZABLES_precision": 0.9333333333333333,
    "NORMALIZABLES_recall": 0.9323621227887617,
    "NO_NORMALIZABLES_f1": 0.16666666666666669,
    "NO_NORMALIZABLES_number": 10,
    "NO_NORMALIZABLES_precision": 0.5,
    "NO_NORMALIZABLES_recall": 0.1,
    "PROTEINAS_f1": 0.8573079145002889,
    "PROTEINAS_number": 835,
    "PROTEINAS_precision": 0.828125,
    "PROTEINAS_recall": 0.888622754491018,
    "UNCLEAR_f1": 0.7692307692307693,
    "UNCLEAR_number": 34,
    "UNCLEAR_precision": 0.8064516129032258,
    "UNCLEAR_recall": 0.7352941176470589,
    "overall_accuracy": 0.995167378948002,
    "overall_f1": 0.8924644676857066,
    "overall_precision": 0.8808893594494441,
    "overall_recall": 0.9043478260869565
}