{
    "epoch": 9.990654205607477,
    "total_flos": 2832324460224480.0,
    "train_loss": 0.007527140646762266,
    "train_runtime": 5145.3945,
    "train_samples_per_second": 15.799,
    "train_steps_per_second": 1.975
}