{
    "MORFOLOGIA_NEOPLASIA_f1": 0.8097380259327865,
    "MORFOLOGIA_NEOPLASIA_number": 3562,
    "MORFOLOGIA_NEOPLASIA_precision": 0.7657657657657657,
    "MORFOLOGIA_NEOPLASIA_recall": 0.8590679393599102,
    "overall_accuracy": 0.9904476584022038,
    "overall_f1": 0.8097380259327865,
    "overall_precision": 0.7657657657657657,
    "overall_recall": 0.8590679393599102
}