{
    "ACTIVIDAD_f1": 0.25641025641025644,
    "ACTIVIDAD_number": 28,
    "ACTIVIDAD_precision": 0.45454545454545453,
    "ACTIVIDAD_recall": 0.17857142857142858,
    "PROFESION_f1": 0.8363892806770098,
    "PROFESION_number": 695,
    "PROFESION_precision": 0.8201936376210235,
    "PROFESION_recall": 0.8532374100719424,
    "SITUACION_LABORAL_f1": 0.5682539682539682,
    "SITUACION_LABORAL_number": 356,
    "SITUACION_LABORAL_precision": 0.6532846715328468,
    "SITUACION_LABORAL_recall": 0.5028089887640449,
    "overall_accuracy": 0.9956557878393426,
    "overall_f1": 0.744609487302348,
    "overall_precision": 0.7708333333333334,
    "overall_recall": 0.7201112140871178
}