{
    "epoch": 9.923694779116467,
    "total_flos": 1.003105633827144e+16,
    "train_loss": 0.010386026794871977,
    "train_runtime": 1742.655,
    "train_samples_per_second": 5.698,
    "train_steps_per_second": 0.712
}