{
    "ENFERMEDAD_f1": 0.7556312701116789,
    "ENFERMEDAD_number": 2550,
    "ENFERMEDAD_precision": 0.730332967435053,
    "ENFERMEDAD_recall": 0.7827450980392157,
    "epoch": 10.0,
    "eval_ENFERMEDAD_f1": 0.7480225988700565,
    "eval_ENFERMEDAD_number": 1708,
    "eval_ENFERMEDAD_precision": 0.722707423580786,
    "eval_ENFERMEDAD_recall": 0.775175644028103,
    "eval_loss": 0.18435172736644745,
    "eval_overall_accuracy": 0.9698003112033196,
    "eval_overall_f1": 0.7480225988700565,
    "eval_overall_precision": 0.722707423580786,
    "eval_overall_recall": 0.775175644028103,
    "eval_runtime": 3.0887,
    "eval_samples_per_second": 69.285,
    "eval_steps_per_second": 8.742,
    "overall_accuracy": 0.9715554037903363,
    "overall_f1": 0.7556312701116789,
    "overall_precision": 0.730332967435053,
    "overall_recall": 0.7827450980392157,
    "total_flos": 2199730302982080.0,
    "train_loss": 0.03137526330801676,
    "train_runtime": 514.2162,
    "train_samples_per_second": 16.433,
    "train_steps_per_second": 2.061
}