{
    "FARMACO_f1": 0.9155376189103487,
    "FARMACO_number": 1717,
    "FARMACO_precision": 0.906392694063927,
    "FARMACO_recall": 0.9248689574839837,
    "epoch": 10.0,
    "eval_FARMACO_f1": 0.9030984803631339,
    "eval_FARMACO_number": 2509,
    "eval_FARMACO_precision": 0.8944487881157154,
    "eval_FARMACO_recall": 0.9119170984455959,
    "eval_loss": 0.00780893862247467,
    "eval_overall_accuracy": 0.9982715026124179,
    "eval_overall_f1": 0.9030984803631339,
    "eval_overall_precision": 0.8944487881157154,
    "eval_overall_recall": 0.9119170984455959,
    "eval_runtime": 16.4425,
    "eval_samples_per_second": 15.691,
    "eval_steps_per_second": 3.953,
    "overall_accuracy": 0.9983964933148887,
    "overall_f1": 0.9155376189103487,
    "overall_precision": 0.906392694063927,
    "overall_recall": 0.9248689574839837,
    "total_flos": 4615462244332800.0,
    "train_loss": 0.0032528130412101744,
    "train_runtime": 1364.0517,
    "train_samples_per_second": 7.331,
    "train_steps_per_second": 0.916
}