{
    "FARMACO_f1": 0.9155376189103487,
    "FARMACO_number": 1717,
    "FARMACO_precision": 0.906392694063927,
    "FARMACO_recall": 0.9248689574839837,
    "overall_accuracy": 0.9983964933148887,
    "overall_f1": 0.9155376189103487,
    "overall_precision": 0.906392694063927,
    "overall_recall": 0.9248689574839837
}