{
    "FARMACO_f1": 0.9181922196796339,
    "FARMACO_number": 1717,
    "FARMACO_precision": 0.9021922428330523,
    "FARMACO_recall": 0.9347699475829936,
    "epoch": 10.0,
    "eval_FARMACO_f1": 0.9120379521644594,
    "eval_FARMACO_number": 2509,
    "eval_FARMACO_precision": 0.9047058823529411,
    "eval_FARMACO_recall": 0.9194898365882822,
    "eval_loss": 0.008151520043611526,
    "eval_overall_accuracy": 0.9982557651551713,
    "eval_overall_f1": 0.9120379521644594,
    "eval_overall_precision": 0.9047058823529411,
    "eval_overall_recall": 0.9194898365882822,
    "eval_runtime": 14.4488,
    "eval_samples_per_second": 17.856,
    "eval_steps_per_second": 4.499,
    "overall_accuracy": 0.998442495555855,
    "overall_f1": 0.9181922196796339,
    "overall_precision": 0.9021922428330523,
    "overall_recall": 0.9347699475829936,
    "total_flos": 4615462244332800.0,
    "train_loss": 0.004504450735449791,
    "train_runtime": 1180.2269,
    "train_samples_per_second": 8.473,
    "train_steps_per_second": 1.059
}