{
    "epoch": 10.0,
    "eval_FARMACO_f1": 0.9120379521644594,
    "eval_FARMACO_number": 2509,
    "eval_FARMACO_precision": 0.9047058823529411,
    "eval_FARMACO_recall": 0.9194898365882822,
    "eval_loss": 0.008151520043611526,
    "eval_overall_accuracy": 0.9982557651551713,
    "eval_overall_f1": 0.9120379521644594,
    "eval_overall_precision": 0.9047058823529411,
    "eval_overall_recall": 0.9194898365882822,
    "eval_runtime": 14.4488,
    "eval_samples_per_second": 17.856,
    "eval_steps_per_second": 4.499
}