{
    "MORFOLOGIA_NEOPLASIA_f1": 0.8386749259359009,
    "MORFOLOGIA_NEOPLASIA_number": 3562,
    "MORFOLOGIA_NEOPLASIA_precision": 0.8059006211180124,
    "MORFOLOGIA_NEOPLASIA_recall": 0.8742279618192027,
    "epoch": 10.0,
    "eval_MORFOLOGIA_NEOPLASIA_f1": 0.8343166175024581,
    "eval_MORFOLOGIA_NEOPLASIA_number": 5908,
    "eval_MORFOLOGIA_NEOPLASIA_precision": 0.8086086404066074,
    "eval_MORFOLOGIA_NEOPLASIA_recall": 0.8617129316181449,
    "eval_loss": 0.05193708464503288,
    "eval_overall_accuracy": 0.9909462860190323,
    "eval_overall_f1": 0.8343166175024581,
    "eval_overall_precision": 0.8086086404066074,
    "eval_overall_recall": 0.8617129316181449,
    "eval_runtime": 36.8946,
    "eval_samples_per_second": 13.769,
    "eval_steps_per_second": 3.442,
    "overall_accuracy": 0.99107782369146,
    "overall_f1": 0.8386749259359009,
    "overall_precision": 0.8059006211180124,
    "overall_recall": 0.8742279618192027,
    "total_flos": 4645918987670016.0,
    "train_loss": 0.016867976542562245,
    "train_runtime": 1940.6653,
    "train_samples_per_second": 2.623,
    "train_steps_per_second": 0.33
}