{
    "MORFOLOGIA_NEOPLASIA_f1": 0.8386749259359009,
    "MORFOLOGIA_NEOPLASIA_number": 3562,
    "MORFOLOGIA_NEOPLASIA_precision": 0.8059006211180124,
    "MORFOLOGIA_NEOPLASIA_recall": 0.8742279618192027,
    "overall_accuracy": 0.99107782369146,
    "overall_f1": 0.8386749259359009,
    "overall_precision": 0.8059006211180124,
    "overall_recall": 0.8742279618192027
}