{
    "epoch": 10.0,
    "total_flos": 2.947765964470272e+16,
    "train_loss": 0.06384503829419313,
    "train_runtime": 3271.0005,
    "train_samples_per_second": 9.703,
    "train_steps_per_second": 0.608
}