{
    "epoch": 10.0,
    "eval_ENFERMEDAD_f1": 0.6712349511622623,
    "eval_ENFERMEDAD_number": 12663,
    "eval_ENFERMEDAD_precision": 0.6446803868809541,
    "eval_ENFERMEDAD_recall": 0.7000710732054015,
    "eval_loss": 0.25825944542884827,
    "eval_overall_accuracy": 0.955242666856656,
    "eval_overall_f1": 0.6712349511622623,
    "eval_overall_precision": 0.6446803868809541,
    "eval_overall_recall": 0.7000710732054015,
    "eval_runtime": 18.99,
    "eval_samples_per_second": 74.46,
    "eval_steps_per_second": 9.321
}