{
    "MORFOLOGIA_NEOPLASIA_f1": 0.8404226496884313,
    "MORFOLOGIA_NEOPLASIA_number": 3569,
    "MORFOLOGIA_NEOPLASIA_precision": 0.8135326514555468,
    "MORFOLOGIA_NEOPLASIA_recall": 0.8691510226954329,
    "epoch": 10.0,
    "eval_MORFOLOGIA_NEOPLASIA_f1": 0.8364528204466245,
    "eval_MORFOLOGIA_NEOPLASIA_number": 7553,
    "eval_MORFOLOGIA_NEOPLASIA_precision": 0.8160181337363053,
    "eval_MORFOLOGIA_NEOPLASIA_recall": 0.8579372434794121,
    "eval_loss": 0.0805848240852356,
    "eval_overall_accuracy": 0.9891172281018786,
    "eval_overall_f1": 0.8364528204466245,
    "eval_overall_precision": 0.8160181337363053,
    "eval_overall_recall": 0.8579372434794121,
    "eval_runtime": 39.3286,
    "eval_samples_per_second": 41.954,
    "eval_steps_per_second": 5.263,
    "overall_accuracy": 0.989686458410871,
    "overall_f1": 0.8404226496884313,
    "overall_precision": 0.8135326514555468,
    "overall_recall": 0.8691510226954329,
    "total_flos": 1.688395036207104e+16,
    "train_loss": 0.01229152025556878,
    "train_runtime": 2879.9188,
    "train_samples_per_second": 6.313,
    "train_steps_per_second": 0.792
}