{
    "epoch": 10.0,
    "eval_MORFOLOGIA_NEOPLASIA_f1": 0.8364528204466245,
    "eval_MORFOLOGIA_NEOPLASIA_number": 7553,
    "eval_MORFOLOGIA_NEOPLASIA_precision": 0.8160181337363053,
    "eval_MORFOLOGIA_NEOPLASIA_recall": 0.8579372434794121,
    "eval_loss": 0.0805848240852356,
    "eval_overall_accuracy": 0.9891172281018786,
    "eval_overall_f1": 0.8364528204466245,
    "eval_overall_precision": 0.8160181337363053,
    "eval_overall_recall": 0.8579372434794121,
    "eval_runtime": 39.3286,
    "eval_samples_per_second": 41.954,
    "eval_steps_per_second": 5.263
}