{
    "MORFOLOGIA_NEOPLASIA_f1": 0.8404226496884313,
    "MORFOLOGIA_NEOPLASIA_number": 3569,
    "MORFOLOGIA_NEOPLASIA_precision": 0.8135326514555468,
    "MORFOLOGIA_NEOPLASIA_recall": 0.8691510226954329,
    "overall_accuracy": 0.989686458410871,
    "overall_f1": 0.8404226496884313,
    "overall_precision": 0.8135326514555468,
    "overall_recall": 0.8691510226954329
}