{
    "epoch": 10.0,
    "total_flos": 1.688395036207104e+16,
    "train_loss": 0.01229152025556878,
    "train_runtime": 2879.9188,
    "train_samples_per_second": 6.313,
    "train_steps_per_second": 0.792
}