{
    "NORMALIZABLES_f1": 0.9146968139773894,
    "NORMALIZABLES_number": 978,
    "NORMALIZABLES_precision": 0.9194214876033058,
    "NORMALIZABLES_recall": 0.9100204498977505,
    "NO_NORMALIZABLES_f1": 0.0,
    "NO_NORMALIZABLES_number": 10,
    "NO_NORMALIZABLES_precision": 0.0,
    "NO_NORMALIZABLES_recall": 0.0,
    "PROTEINAS_f1": 0.8468767274737424,
    "PROTEINAS_number": 869,
    "PROTEINAS_precision": 0.8148936170212766,
    "PROTEINAS_recall": 0.8814729574223246,
    "UNCLEAR_f1": 0.8493150684931505,
    "UNCLEAR_number": 35,
    "UNCLEAR_precision": 0.8157894736842105,
    "UNCLEAR_recall": 0.8857142857142857,
    "epoch": 10.0,
    "eval_NORMALIZABLES_f1": 0.909252669039146,
    "eval_NORMALIZABLES_number": 1122,
    "eval_NORMALIZABLES_precision": 0.9076376554174067,
    "eval_NORMALIZABLES_recall": 0.910873440285205,
    "eval_NO_NORMALIZABLES_f1": 0.08,
    "eval_NO_NORMALIZABLES_number": 16,
    "eval_NO_NORMALIZABLES_precision": 0.1111111111111111,
    "eval_NO_NORMALIZABLES_recall": 0.0625,
    "eval_PROTEINAS_f1": 0.8702388637830859,
    "eval_PROTEINAS_number": 757,
    "eval_PROTEINAS_precision": 0.851010101010101,
    "eval_PROTEINAS_recall": 0.8903566710700133,
    "eval_UNCLEAR_f1": 0.8297872340425532,
    "eval_UNCLEAR_number": 44,
    "eval_UNCLEAR_precision": 0.78,
    "eval_UNCLEAR_recall": 0.8863636363636364,
    "eval_loss": 0.041606731712818146,
    "eval_overall_accuracy": 0.9947194901958074,
    "eval_overall_f1": 0.8866189989785495,
    "eval_overall_precision": 0.8780981284774911,
    "eval_overall_recall": 0.8953068592057761,
    "eval_runtime": 16.5923,
    "eval_samples_per_second": 228.238,
    "eval_steps_per_second": 14.284,
    "overall_accuracy": 0.9953368741022814,
    "overall_f1": 0.8779599271402552,
    "overall_precision": 0.8646847770374168,
    "overall_recall": 0.8916490486257929,
    "total_flos": 1.415861923309488e+16,
    "train_loss": 0.009508565870389956,
    "train_runtime": 2425.5532,
    "train_samples_per_second": 33.514,
    "train_steps_per_second": 2.098
}