{
    "epoch": 10.0,
    "eval_NORMALIZABLES_f1": 0.909252669039146,
    "eval_NORMALIZABLES_number": 1122,
    "eval_NORMALIZABLES_precision": 0.9076376554174067,
    "eval_NORMALIZABLES_recall": 0.910873440285205,
    "eval_NO_NORMALIZABLES_f1": 0.08,
    "eval_NO_NORMALIZABLES_number": 16,
    "eval_NO_NORMALIZABLES_precision": 0.1111111111111111,
    "eval_NO_NORMALIZABLES_recall": 0.0625,
    "eval_PROTEINAS_f1": 0.8702388637830859,
    "eval_PROTEINAS_number": 757,
    "eval_PROTEINAS_precision": 0.851010101010101,
    "eval_PROTEINAS_recall": 0.8903566710700133,
    "eval_UNCLEAR_f1": 0.8297872340425532,
    "eval_UNCLEAR_number": 44,
    "eval_UNCLEAR_precision": 0.78,
    "eval_UNCLEAR_recall": 0.8863636363636364,
    "eval_loss": 0.041606731712818146,
    "eval_overall_accuracy": 0.9947194901958074,
    "eval_overall_f1": 0.8866189989785495,
    "eval_overall_precision": 0.8780981284774911,
    "eval_overall_recall": 0.8953068592057761,
    "eval_runtime": 16.5923,
    "eval_samples_per_second": 228.238,
    "eval_steps_per_second": 14.284
}