{
    "NORMALIZABLES_f1": 0.9146968139773894,
    "NORMALIZABLES_number": 978,
    "NORMALIZABLES_precision": 0.9194214876033058,
    "NORMALIZABLES_recall": 0.9100204498977505,
    "NO_NORMALIZABLES_f1": 0.0,
    "NO_NORMALIZABLES_number": 10,
    "NO_NORMALIZABLES_precision": 0.0,
    "NO_NORMALIZABLES_recall": 0.0,
    "PROTEINAS_f1": 0.8468767274737424,
    "PROTEINAS_number": 869,
    "PROTEINAS_precision": 0.8148936170212766,
    "PROTEINAS_recall": 0.8814729574223246,
    "UNCLEAR_f1": 0.8493150684931505,
    "UNCLEAR_number": 35,
    "UNCLEAR_precision": 0.8157894736842105,
    "UNCLEAR_recall": 0.8857142857142857,
    "overall_accuracy": 0.9953368741022814,
    "overall_f1": 0.8779599271402552,
    "overall_precision": 0.8646847770374168,
    "overall_recall": 0.8916490486257929
}