{
    "DIAGNOSTICO_f1": 0.6522969149939378,
    "DIAGNOSTICO_number": 3547,
    "DIAGNOSTICO_precision": 0.6246130030959752,
    "DIAGNOSTICO_recall": 0.6825486326473076,
    "PROCEDIMIENTO_f1": 0.5821465786731503,
    "PROCEDIMIENTO_number": 1336,
    "PROCEDIMIENTO_precision": 0.5430978613091381,
    "PROCEDIMIENTO_recall": 0.6272455089820359,
    "epoch": 10.0,
    "eval_DIAGNOSTICO_f1": 0.6370835952231301,
    "eval_DIAGNOSTICO_number": 3819,
    "eval_DIAGNOSTICO_precision": 0.6126692456479691,
    "eval_DIAGNOSTICO_recall": 0.6635244828489133,
    "eval_PROCEDIMIENTO_f1": 0.5822152886115444,
    "eval_PROCEDIMIENTO_number": 1535,
    "eval_PROCEDIMIENTO_precision": 0.5586826347305389,
    "eval_PROCEDIMIENTO_recall": 0.6078175895765472,
    "eval_loss": 0.32526519894599915,
    "eval_overall_accuracy": 0.940743216763872,
    "eval_overall_f1": 0.6213261648745521,
    "eval_overall_precision": 0.5971408887357905,
    "eval_overall_recall": 0.6475532312289877,
    "eval_runtime": 10.3037,
    "eval_samples_per_second": 42.8,
    "eval_steps_per_second": 2.717,
    "overall_accuracy": 0.9406216976053277,
    "overall_f1": 0.6326926810328092,
    "overall_precision": 0.6014024727809559,
    "overall_recall": 0.6674175711652672,
    "total_flos": 7929758243205216.0,
    "train_loss": 0.08106671146772526,
    "train_runtime": 1671.3939,
    "train_samples_per_second": 5.11,
    "train_steps_per_second": 0.323
}