{
    "DIAGNOSTICO_f1": 0.6522969149939378,
    "DIAGNOSTICO_number": 3547,
    "DIAGNOSTICO_precision": 0.6246130030959752,
    "DIAGNOSTICO_recall": 0.6825486326473076,
    "PROCEDIMIENTO_f1": 0.5821465786731503,
    "PROCEDIMIENTO_number": 1336,
    "PROCEDIMIENTO_precision": 0.5430978613091381,
    "PROCEDIMIENTO_recall": 0.6272455089820359,
    "overall_accuracy": 0.9406216976053277,
    "overall_f1": 0.6326926810328092,
    "overall_precision": 0.6014024727809559,
    "overall_recall": 0.6674175711652672
}