{
    "NORMALIZABLES_f1": 0.9344845099035044,
    "NORMALIZABLES_number": 973,
    "NORMALIZABLES_precision": 0.9236947791164659,
    "NORMALIZABLES_recall": 0.9455292908530318,
    "NO_NORMALIZABLES_f1": 0.0,
    "NO_NORMALIZABLES_number": 10,
    "NO_NORMALIZABLES_precision": 0.0,
    "NO_NORMALIZABLES_recall": 0.0,
    "PROTEINAS_f1": 0.8744985673352434,
    "PROTEINAS_number": 859,
    "PROTEINAS_precision": 0.8611738148984198,
    "PROTEINAS_recall": 0.8882421420256111,
    "UNCLEAR_f1": 0.787878787878788,
    "UNCLEAR_number": 34,
    "UNCLEAR_precision": 0.8125,
    "UNCLEAR_recall": 0.7647058823529411,
    "epoch": 9.848,
    "eval_NORMALIZABLES_f1": 0.9084507042253522,
    "eval_NORMALIZABLES_number": 1121,
    "eval_NORMALIZABLES_precision": 0.896611642050391,
    "eval_NORMALIZABLES_recall": 0.9206066012488849,
    "eval_NO_NORMALIZABLES_f1": 0.09523809523809523,
    "eval_NO_NORMALIZABLES_number": 16,
    "eval_NO_NORMALIZABLES_precision": 0.2,
    "eval_NO_NORMALIZABLES_recall": 0.0625,
    "eval_PROTEINAS_f1": 0.88561872909699,
    "eval_PROTEINAS_number": 745,
    "eval_PROTEINAS_precision": 0.8826666666666667,
    "eval_PROTEINAS_recall": 0.8885906040268456,
    "eval_UNCLEAR_f1": 0.7446808510638298,
    "eval_UNCLEAR_number": 44,
    "eval_UNCLEAR_precision": 0.7,
    "eval_UNCLEAR_recall": 0.7954545454545454,
    "eval_loss": 0.024938857182860374,
    "eval_overall_accuracy": 0.994954796030871,
    "eval_overall_f1": 0.8912931478619268,
    "eval_overall_precision": 0.8844580777096115,
    "eval_overall_recall": 0.8982346832814122,
    "eval_runtime": 5.8327,
    "eval_samples_per_second": 42.862,
    "eval_steps_per_second": 10.801,
    "overall_accuracy": 0.9960045565057721,
    "overall_f1": 0.9011336672818349,
    "overall_precision": 0.8914971309337506,
    "overall_recall": 0.9109808102345416,
    "total_flos": 2312689863955968.0,
    "train_loss": 0.022408299893140794,
    "train_runtime": 746.475,
    "train_samples_per_second": 6.698,
    "train_steps_per_second": 0.831
}