{
    "NORMALIZABLES_f1": 0.92534281361097,
    "NORMALIZABLES_number": 973,
    "NORMALIZABLES_precision": 0.9146586345381527,
    "NORMALIZABLES_recall": 0.9362795477903392,
    "NO_NORMALIZABLES_f1": 0.2105263157894737,
    "NO_NORMALIZABLES_number": 10,
    "NO_NORMALIZABLES_precision": 0.2222222222222222,
    "NO_NORMALIZABLES_recall": 0.2,
    "PROTEINAS_f1": 0.883352208380521,
    "PROTEINAS_number": 859,
    "PROTEINAS_precision": 0.8599779492833517,
    "PROTEINAS_recall": 0.9080325960419092,
    "UNCLEAR_f1": 0.8115942028985507,
    "UNCLEAR_number": 34,
    "UNCLEAR_precision": 0.8,
    "UNCLEAR_recall": 0.8235294117647058,
    "epoch": 9.848,
    "eval_NORMALIZABLES_f1": 0.918942731277533,
    "eval_NORMALIZABLES_number": 1121,
    "eval_NORMALIZABLES_precision": 0.9077458659704091,
    "eval_NORMALIZABLES_recall": 0.9304192685102587,
    "eval_NO_NORMALIZABLES_f1": 0.16,
    "eval_NO_NORMALIZABLES_number": 16,
    "eval_NO_NORMALIZABLES_precision": 0.2222222222222222,
    "eval_NO_NORMALIZABLES_recall": 0.125,
    "eval_PROTEINAS_f1": 0.8887417218543047,
    "eval_PROTEINAS_number": 745,
    "eval_PROTEINAS_precision": 0.8771241830065359,
    "eval_PROTEINAS_recall": 0.9006711409395973,
    "eval_UNCLEAR_f1": 0.7526881720430106,
    "eval_UNCLEAR_number": 44,
    "eval_UNCLEAR_precision": 0.7142857142857143,
    "eval_UNCLEAR_recall": 0.7954545454545454,
    "eval_loss": 0.025935210287570953,
    "eval_overall_accuracy": 0.9954399117971334,
    "eval_overall_f1": 0.8984094407388405,
    "eval_overall_precision": 0.8879310344827587,
    "eval_overall_recall": 0.9091381100726895,
    "eval_runtime": 6.6169,
    "eval_samples_per_second": 37.782,
    "eval_steps_per_second": 9.521,
    "overall_accuracy": 0.99591104612612,
    "overall_f1": 0.9003400470834423,
    "overall_precision": 0.8839239856189008,
    "overall_recall": 0.9173773987206824,
    "total_flos": 2312689863955968.0,
    "train_loss": 0.021713272578293277,
    "train_runtime": 716.7182,
    "train_samples_per_second": 6.976,
    "train_steps_per_second": 0.865
}