{
    "epoch": 9.848,
    "eval_NORMALIZABLES_f1": 0.918942731277533,
    "eval_NORMALIZABLES_number": 1121,
    "eval_NORMALIZABLES_precision": 0.9077458659704091,
    "eval_NORMALIZABLES_recall": 0.9304192685102587,
    "eval_NO_NORMALIZABLES_f1": 0.16,
    "eval_NO_NORMALIZABLES_number": 16,
    "eval_NO_NORMALIZABLES_precision": 0.2222222222222222,
    "eval_NO_NORMALIZABLES_recall": 0.125,
    "eval_PROTEINAS_f1": 0.8887417218543047,
    "eval_PROTEINAS_number": 745,
    "eval_PROTEINAS_precision": 0.8771241830065359,
    "eval_PROTEINAS_recall": 0.9006711409395973,
    "eval_UNCLEAR_f1": 0.7526881720430106,
    "eval_UNCLEAR_number": 44,
    "eval_UNCLEAR_precision": 0.7142857142857143,
    "eval_UNCLEAR_recall": 0.7954545454545454,
    "eval_loss": 0.025935210287570953,
    "eval_overall_accuracy": 0.9954399117971334,
    "eval_overall_f1": 0.8984094407388405,
    "eval_overall_precision": 0.8879310344827587,
    "eval_overall_recall": 0.9091381100726895,
    "eval_runtime": 6.6169,
    "eval_samples_per_second": 37.782,
    "eval_steps_per_second": 9.521
}