{
    "NORMALIZABLES_f1": 0.92534281361097,
    "NORMALIZABLES_number": 973,
    "NORMALIZABLES_precision": 0.9146586345381527,
    "NORMALIZABLES_recall": 0.9362795477903392,
    "NO_NORMALIZABLES_f1": 0.2105263157894737,
    "NO_NORMALIZABLES_number": 10,
    "NO_NORMALIZABLES_precision": 0.2222222222222222,
    "NO_NORMALIZABLES_recall": 0.2,
    "PROTEINAS_f1": 0.883352208380521,
    "PROTEINAS_number": 859,
    "PROTEINAS_precision": 0.8599779492833517,
    "PROTEINAS_recall": 0.9080325960419092,
    "UNCLEAR_f1": 0.8115942028985507,
    "UNCLEAR_number": 34,
    "UNCLEAR_precision": 0.8,
    "UNCLEAR_recall": 0.8235294117647058,
    "overall_accuracy": 0.99591104612612,
    "overall_f1": 0.9003400470834423,
    "overall_precision": 0.8839239856189008,
    "overall_recall": 0.9173773987206824
}