{
    "NORMALIZABLES_f1": 0.9339573582943319,
    "NORMALIZABLES_number": 961,
    "NORMALIZABLES_precision": 0.9334719334719335,
    "NORMALIZABLES_recall": 0.9344432882414152,
    "NO_NORMALIZABLES_f1": 0.125,
    "NO_NORMALIZABLES_number": 10,
    "NO_NORMALIZABLES_precision": 0.16666666666666666,
    "NO_NORMALIZABLES_recall": 0.1,
    "PROTEINAS_f1": 0.8548009367681498,
    "PROTEINAS_number": 835,
    "PROTEINAS_precision": 0.8361970217640321,
    "PROTEINAS_recall": 0.874251497005988,
    "UNCLEAR_f1": 0.8333333333333333,
    "UNCLEAR_number": 34,
    "UNCLEAR_precision": 0.7894736842105263,
    "UNCLEAR_recall": 0.8823529411764706,
    "epoch": 10.0,
    "eval_NORMALIZABLES_f1": 0.9246823956442831,
    "eval_NORMALIZABLES_number": 1104,
    "eval_NORMALIZABLES_precision": 0.9263636363636364,
    "eval_NORMALIZABLES_recall": 0.9230072463768116,
    "eval_NO_NORMALIZABLES_f1": 0.16666666666666666,
    "eval_NO_NORMALIZABLES_number": 16,
    "eval_NO_NORMALIZABLES_precision": 0.25,
    "eval_NO_NORMALIZABLES_recall": 0.125,
    "eval_PROTEINAS_f1": 0.8846931894807821,
    "eval_PROTEINAS_number": 736,
    "eval_PROTEINAS_precision": 0.8781793842034806,
    "eval_PROTEINAS_recall": 0.8913043478260869,
    "eval_UNCLEAR_f1": 0.8842105263157896,
    "eval_UNCLEAR_number": 44,
    "eval_UNCLEAR_precision": 0.8235294117647058,
    "eval_UNCLEAR_recall": 0.9545454545454546,
    "eval_loss": 0.04312635585665703,
    "eval_overall_accuracy": 0.9948378698857913,
    "eval_overall_f1": 0.9033105622701,
    "eval_overall_precision": 0.9018887722980063,
    "eval_overall_recall": 0.9047368421052632,
    "eval_runtime": 7.3138,
    "eval_samples_per_second": 517.787,
    "eval_steps_per_second": 64.809,
    "overall_accuracy": 0.9949696026416035,
    "overall_f1": 0.8921753159451467,
    "overall_precision": 0.8829164449175093,
    "overall_recall": 0.9016304347826087,
    "total_flos": 2732201968425696.0,
    "train_loss": 0.008207454062694264,
    "train_runtime": 784.7022,
    "train_samples_per_second": 103.593,
    "train_steps_per_second": 12.96
}