{
    "epoch": 10.0,
    "eval_NORMALIZABLES_f1": 0.9246823956442831,
    "eval_NORMALIZABLES_number": 1104,
    "eval_NORMALIZABLES_precision": 0.9263636363636364,
    "eval_NORMALIZABLES_recall": 0.9230072463768116,
    "eval_NO_NORMALIZABLES_f1": 0.16666666666666666,
    "eval_NO_NORMALIZABLES_number": 16,
    "eval_NO_NORMALIZABLES_precision": 0.25,
    "eval_NO_NORMALIZABLES_recall": 0.125,
    "eval_PROTEINAS_f1": 0.8846931894807821,
    "eval_PROTEINAS_number": 736,
    "eval_PROTEINAS_precision": 0.8781793842034806,
    "eval_PROTEINAS_recall": 0.8913043478260869,
    "eval_UNCLEAR_f1": 0.8842105263157896,
    "eval_UNCLEAR_number": 44,
    "eval_UNCLEAR_precision": 0.8235294117647058,
    "eval_UNCLEAR_recall": 0.9545454545454546,
    "eval_loss": 0.04312635585665703,
    "eval_overall_accuracy": 0.9948378698857913,
    "eval_overall_f1": 0.9033105622701,
    "eval_overall_precision": 0.9018887722980063,
    "eval_overall_recall": 0.9047368421052632,
    "eval_runtime": 7.3138,
    "eval_samples_per_second": 517.787,
    "eval_steps_per_second": 64.809
}