{
    "NORMALIZABLES_f1": 0.9339573582943319,
    "NORMALIZABLES_number": 961,
    "NORMALIZABLES_precision": 0.9334719334719335,
    "NORMALIZABLES_recall": 0.9344432882414152,
    "NO_NORMALIZABLES_f1": 0.125,
    "NO_NORMALIZABLES_number": 10,
    "NO_NORMALIZABLES_precision": 0.16666666666666666,
    "NO_NORMALIZABLES_recall": 0.1,
    "PROTEINAS_f1": 0.8548009367681498,
    "PROTEINAS_number": 835,
    "PROTEINAS_precision": 0.8361970217640321,
    "PROTEINAS_recall": 0.874251497005988,
    "UNCLEAR_f1": 0.8333333333333333,
    "UNCLEAR_number": 34,
    "UNCLEAR_precision": 0.7894736842105263,
    "UNCLEAR_recall": 0.8823529411764706,
    "overall_accuracy": 0.9949696026416035,
    "overall_f1": 0.8921753159451467,
    "overall_precision": 0.8829164449175093,
    "overall_recall": 0.9016304347826087
}