{
    "PROCEDIMIENTO_f1": 0.7565870307167236,
    "PROCEDIMIENTO_number": 3542,
    "PROCEDIMIENTO_precision": 0.73248744382765,
    "PROCEDIMIENTO_recall": 0.782326369282891,
    "epoch": 9.746666666666666,
    "eval_PROCEDIMIENTO_f1": 0.7650602409638554,
    "eval_PROCEDIMIENTO_number": 2084,
    "eval_PROCEDIMIENTO_precision": 0.7396953405017921,
    "eval_PROCEDIMIENTO_recall": 0.7922264875239923,
    "eval_loss": 0.1535877287387848,
    "eval_overall_accuracy": 0.9680982666530832,
    "eval_overall_f1": 0.7650602409638554,
    "eval_overall_precision": 0.7396953405017921,
    "eval_overall_recall": 0.7922264875239923,
    "eval_runtime": 4.3507,
    "eval_samples_per_second": 34.477,
    "eval_steps_per_second": 8.734,
    "overall_accuracy": 0.9644186443571794,
    "overall_f1": 0.7565870307167236,
    "overall_precision": 0.73248744382765,
    "overall_recall": 0.782326369282891,
    "total_flos": 2712594530204496.0,
    "train_loss": 0.055485158353238494,
    "train_runtime": 795.2822,
    "train_samples_per_second": 7.532,
    "train_steps_per_second": 0.465
}