{
    "epoch": 9.746666666666666,
    "eval_PROCEDIMIENTO_f1": 0.7650602409638554,
    "eval_PROCEDIMIENTO_number": 2084,
    "eval_PROCEDIMIENTO_precision": 0.7396953405017921,
    "eval_PROCEDIMIENTO_recall": 0.7922264875239923,
    "eval_loss": 0.1535877287387848,
    "eval_overall_accuracy": 0.9680982666530832,
    "eval_overall_f1": 0.7650602409638554,
    "eval_overall_precision": 0.7396953405017921,
    "eval_overall_recall": 0.7922264875239923,
    "eval_runtime": 4.3507,
    "eval_samples_per_second": 34.477,
    "eval_steps_per_second": 8.734
}