{
    "SINTOMA_f1": 0.629764352364384,
    "SINTOMA_number": 3077,
    "SINTOMA_precision": 0.6133703019100432,
    "SINTOMA_recall": 0.6470588235294118,
    "epoch": 10.0,
    "eval_SINTOMA_f1": 0.6191657271702367,
    "eval_SINTOMA_number": 2122,
    "eval_SINTOMA_precision": 0.593601383484652,
    "eval_SINTOMA_recall": 0.6470311027332705,
    "eval_loss": 0.3287981152534485,
    "eval_overall_accuracy": 0.9372653041658011,
    "eval_overall_f1": 0.6191657271702367,
    "eval_overall_precision": 0.593601383484652,
    "eval_overall_recall": 0.6470311027332705,
    "eval_runtime": 3.7613,
    "eval_samples_per_second": 79.229,
    "eval_steps_per_second": 5.051,
    "overall_accuracy": 0.9344134778885927,
    "overall_f1": 0.629764352364384,
    "overall_precision": 0.6133703019100432,
    "overall_recall": 0.6470588235294118,
    "total_flos": 2963185519472640.0,
    "train_loss": 0.07454707118826853,
    "train_runtime": 889.5923,
    "train_samples_per_second": 12.747,
    "train_steps_per_second": 0.798
}