{
    "DIAGNOSTICO_f1": 0.6508954824913125,
    "DIAGNOSTICO_number": 3547,
    "DIAGNOSTICO_precision": 0.6188055908513341,
    "DIAGNOSTICO_recall": 0.6864956301099521,
    "PROCEDIMIENTO_f1": 0.5625431928127159,
    "PROCEDIMIENTO_number": 1336,
    "PROCEDIMIENTO_precision": 0.5224646983311938,
    "PROCEDIMIENTO_recall": 0.6092814371257484,
    "overall_accuracy": 0.9410736479705435,
    "overall_f1": 0.6262528912875868,
    "overall_precision": 0.5914800655379574,
    "overall_recall": 0.6653696498054474
}