{
    "DIAGNOSTICO_f1": 0.6869434169064256,
    "DIAGNOSTICO_number": 3491,
    "DIAGNOSTICO_precision": 0.6583508403361344,
    "DIAGNOSTICO_recall": 0.7181323403036379,
    "PROCEDIMIENTO_f1": 0.581404472342095,
    "PROCEDIMIENTO_number": 1241,
    "PROCEDIMIENTO_precision": 0.5665137614678899,
    "PROCEDIMIENTO_recall": 0.59709911361805,
    "overall_accuracy": 0.9547641637300082,
    "overall_f1": 0.6596263200649878,
    "overall_precision": 0.6348709929632526,
    "overall_recall": 0.6863905325443787
}