{
    "ENFERMEDAD_f1": 0.7467124070897655,
    "ENFERMEDAD_number": 2550,
    "ENFERMEDAD_precision": 0.7263626251390434,
    "ENFERMEDAD_recall": 0.768235294117647,
    "epoch": 10.0,
    "eval_ENFERMEDAD_f1": 0.7297548867514738,
    "eval_ENFERMEDAD_number": 1559,
    "eval_ENFERMEDAD_precision": 0.7067307692307693,
    "eval_ENFERMEDAD_recall": 0.7543296985246953,
    "eval_loss": 0.14931294322013855,
    "eval_overall_accuracy": 0.9700412024141133,
    "eval_overall_f1": 0.7297548867514738,
    "eval_overall_precision": 0.7067307692307693,
    "eval_overall_recall": 0.7543296985246953,
    "eval_runtime": 4.447,
    "eval_samples_per_second": 33.731,
    "eval_steps_per_second": 8.545,
    "overall_accuracy": 0.971265152808605,
    "overall_f1": 0.7467124070897655,
    "overall_precision": 0.7263626251390434,
    "overall_recall": 0.768235294117647,
    "total_flos": 2782933889020992.0,
    "train_loss": 0.03866622829437256,
    "train_runtime": 821.2781,
    "train_samples_per_second": 7.306,
    "train_steps_per_second": 0.913
}