{
    "CALLE_f1": 0.9369797859690845,
    "CALLE_number": 413,
    "CALLE_precision": 0.9205607476635514,
    "CALLE_recall": 0.9539951573849879,
    "CENTRO_SALUD_f1": 0.3636363636363636,
    "CENTRO_SALUD_number": 6,
    "CENTRO_SALUD_precision": 0.4,
    "CENTRO_SALUD_recall": 0.3333333333333333,
    "CORREO_ELECTRONICO_f1": 0.9899799599198397,
    "CORREO_ELECTRONICO_number": 249,
    "CORREO_ELECTRONICO_precision": 0.988,
    "CORREO_ELECTRONICO_recall": 0.9919678714859438,
    "EDAD_SUJETO_ASISTENCIA_f1": 0.9827586206896551,
    "EDAD_SUJETO_ASISTENCIA_number": 518,
    "EDAD_SUJETO_ASISTENCIA_precision": 0.9752851711026616,
    "EDAD_SUJETO_ASISTENCIA_recall": 0.9903474903474904,
    "FAMILIARES_SUJETO_ASISTENCIA_f1": 0.7305389221556886,
    "FAMILIARES_SUJETO_ASISTENCIA_number": 81,
    "FAMILIARES_SUJETO_ASISTENCIA_precision": 0.7093023255813954,
    "FAMILIARES_SUJETO_ASISTENCIA_recall": 0.7530864197530864,
    "FECHAS_f1": 0.9902120717781403,
    "FECHAS_number": 611,
    "FECHAS_precision": 0.9869918699186991,
    "FECHAS_recall": 0.9934533551554828,
    "HOSPITAL_f1": 0.9389312977099236,
    "HOSPITAL_number": 130,
    "HOSPITAL_precision": 0.9318181818181818,
    "HOSPITAL_recall": 0.9461538461538461,
    "ID_ASEGURAMIENTO_f1": 0.9949494949494949,
    "ID_ASEGURAMIENTO_number": 198,
    "ID_ASEGURAMIENTO_precision": 0.9949494949494949,
    "ID_ASEGURAMIENTO_recall": 0.9949494949494949,
    "ID_CONTACTO_ASISTENCIAL_f1": 0.975,
    "ID_CONTACTO_ASISTENCIAL_number": 39,
    "ID_CONTACTO_ASISTENCIAL_precision": 0.9512195121951219,
    "ID_CONTACTO_ASISTENCIAL_recall": 1.0,
    "ID_SUJETO_ASISTENCIA_f1": 0.9822064056939501,
    "ID_SUJETO_ASISTENCIA_number": 283,
    "ID_SUJETO_ASISTENCIA_precision": 0.989247311827957,
    "ID_SUJETO_ASISTENCIA_recall": 0.9752650176678446,
    "ID_TITULACION_PERSONAL_SANITARIO_f1": 0.9957446808510638,
    "ID_TITULACION_PERSONAL_SANITARIO_number": 234,
    "ID_TITULACION_PERSONAL_SANITARIO_precision": 0.9915254237288136,
    "ID_TITULACION_PERSONAL_SANITARIO_recall": 1.0,
    "INSTITUCION_f1": 0.47058823529411764,
    "INSTITUCION_number": 67,
    "INSTITUCION_precision": 0.4186046511627907,
    "INSTITUCION_recall": 0.5373134328358209,
    "NOMBRE_PERSONAL_SANITARIO_f1": 0.9890764647467726,
    "NOMBRE_PERSONAL_SANITARIO_number": 501,
    "NOMBRE_PERSONAL_SANITARIO_precision": 0.9841897233201581,
    "NOMBRE_PERSONAL_SANITARIO_recall": 0.9940119760479041,
    "NOMBRE_SUJETO_ASISTENCIA_f1": 0.999004975124378,
    "NOMBRE_SUJETO_ASISTENCIA_number": 502,
    "NOMBRE_SUJETO_ASISTENCIA_precision": 0.9980119284294234,
    "NOMBRE_SUJETO_ASISTENCIA_recall": 1.0,
    "NUMERO_FAX_f1": 0.923076923076923,
    "NUMERO_FAX_number": 7,
    "NUMERO_FAX_precision": 1.0,
    "NUMERO_FAX_recall": 0.8571428571428571,
    "NUMERO_TELEFONO_f1": 0.9019607843137256,
    "NUMERO_TELEFONO_number": 26,
    "NUMERO_TELEFONO_precision": 0.92,
    "NUMERO_TELEFONO_recall": 0.8846153846153846,
    "OTROS_SUJETO_ASISTENCIA_f1": 0.0,
    "OTROS_SUJETO_ASISTENCIA_number": 7,
    "OTROS_SUJETO_ASISTENCIA_precision": 0.0,
    "OTROS_SUJETO_ASISTENCIA_recall": 0.0,
    "PAIS_f1": 0.9835616438356165,
    "PAIS_number": 363,
    "PAIS_precision": 0.9782016348773842,
    "PAIS_recall": 0.9889807162534435,
    "PROFESION_f1": 0.5263157894736842,
    "PROFESION_number": 9,
    "PROFESION_precision": 0.5,
    "PROFESION_recall": 0.5555555555555556,
    "SEXO_SUJETO_ASISTENCIA_f1": 0.9849462365591397,
    "SEXO_SUJETO_ASISTENCIA_number": 461,
    "SEXO_SUJETO_ASISTENCIA_precision": 0.976545842217484,
    "SEXO_SUJETO_ASISTENCIA_recall": 0.9934924078091106,
    "TERRITORIO_f1": 0.968278731149246,
    "TERRITORIO_number": 956,
    "TERRITORIO_precision": 0.9627714581178903,
    "TERRITORIO_recall": 0.9738493723849372,
    "epoch": 9.848,
    "eval_CALLE_f1": 0.908675799086758,
    "eval_CALLE_number": 434,
    "eval_CALLE_precision": 0.9004524886877828,
    "eval_CALLE_recall": 0.9170506912442397,
    "eval_CENTRO_SALUD_f1": 0.0,
    "eval_CENTRO_SALUD_number": 2,
    "eval_CENTRO_SALUD_precision": 0.0,
    "eval_CENTRO_SALUD_recall": 0.0,
    "eval_CORREO_ELECTRONICO_f1": 0.9705882352941176,
    "eval_CORREO_ELECTRONICO_number": 235,
    "eval_CORREO_ELECTRONICO_precision": 0.9585062240663901,
    "eval_CORREO_ELECTRONICO_recall": 0.9829787234042553,
    "eval_EDAD_SUJETO_ASISTENCIA_f1": 0.9669260700389106,
    "eval_EDAD_SUJETO_ASISTENCIA_number": 521,
    "eval_EDAD_SUJETO_ASISTENCIA_precision": 0.980276134122288,
    "eval_EDAD_SUJETO_ASISTENCIA_recall": 0.9539347408829175,
    "eval_FAMILIARES_SUJETO_ASISTENCIA_f1": 0.7272727272727273,
    "eval_FAMILIARES_SUJETO_ASISTENCIA_number": 92,
    "eval_FAMILIARES_SUJETO_ASISTENCIA_precision": 0.7157894736842105,
    "eval_FAMILIARES_SUJETO_ASISTENCIA_recall": 0.7391304347826086,
    "eval_FECHAS_f1": 0.9715475364330326,
    "eval_FECHAS_number": 724,
    "eval_FECHAS_precision": 0.9762900976290098,
    "eval_FECHAS_recall": 0.9668508287292817,
    "eval_HOSPITAL_f1": 0.8776978417266188,
    "eval_HOSPITAL_number": 140,
    "eval_HOSPITAL_precision": 0.8840579710144928,
    "eval_HOSPITAL_recall": 0.8714285714285714,
    "eval_ID_ASEGURAMIENTO_f1": 0.984375,
    "eval_ID_ASEGURAMIENTO_number": 194,
    "eval_ID_ASEGURAMIENTO_precision": 0.9947368421052631,
    "eval_ID_ASEGURAMIENTO_recall": 0.9742268041237113,
    "eval_ID_CONTACTO_ASISTENCIAL_f1": 0.96875,
    "eval_ID_CONTACTO_ASISTENCIAL_number": 32,
    "eval_ID_CONTACTO_ASISTENCIAL_precision": 0.96875,
    "eval_ID_CONTACTO_ASISTENCIAL_recall": 0.96875,
    "eval_ID_SUJETO_ASISTENCIA_f1": 0.9473684210526315,
    "eval_ID_SUJETO_ASISTENCIA_number": 292,
    "eval_ID_SUJETO_ASISTENCIA_precision": 0.9712230215827338,
    "eval_ID_SUJETO_ASISTENCIA_recall": 0.9246575342465754,
    "eval_ID_TITULACION_PERSONAL_SANITARIO_f1": 0.9755011135857461,
    "eval_ID_TITULACION_PERSONAL_SANITARIO_number": 226,
    "eval_ID_TITULACION_PERSONAL_SANITARIO_precision": 0.9820627802690582,
    "eval_ID_TITULACION_PERSONAL_SANITARIO_recall": 0.9690265486725663,
    "eval_INSTITUCION_f1": 0.6506024096385542,
    "eval_INSTITUCION_number": 72,
    "eval_INSTITUCION_precision": 0.574468085106383,
    "eval_INSTITUCION_recall": 0.75,
    "eval_NOMBRE_PERSONAL_SANITARIO_f1": 0.9585439838220424,
    "eval_NOMBRE_PERSONAL_SANITARIO_number": 497,
    "eval_NOMBRE_PERSONAL_SANITARIO_precision": 0.9634146341463414,
    "eval_NOMBRE_PERSONAL_SANITARIO_recall": 0.9537223340040242,
    "eval_NOMBRE_SUJETO_ASISTENCIA_f1": 0.9797979797979798,
    "eval_NOMBRE_SUJETO_ASISTENCIA_number": 503,
    "eval_NOMBRE_SUJETO_ASISTENCIA_precision": 0.9958932238193019,
    "eval_NOMBRE_SUJETO_ASISTENCIA_recall": 0.9642147117296223,
    "eval_NUMERO_FAX_f1": 0.9090909090909091,
    "eval_NUMERO_FAX_number": 6,
    "eval_NUMERO_FAX_precision": 1.0,
    "eval_NUMERO_FAX_recall": 0.8333333333333334,
    "eval_NUMERO_TELEFONO_f1": 0.8979591836734694,
    "eval_NUMERO_TELEFONO_number": 24,
    "eval_NUMERO_TELEFONO_precision": 0.88,
    "eval_NUMERO_TELEFONO_recall": 0.9166666666666666,
    "eval_OTROS_SUJETO_ASISTENCIA_f1": 0.0,
    "eval_OTROS_SUJETO_ASISTENCIA_number": 6,
    "eval_OTROS_SUJETO_ASISTENCIA_precision": 0.0,
    "eval_OTROS_SUJETO_ASISTENCIA_recall": 0.0,
    "eval_PAIS_f1": 0.9781021897810218,
    "eval_PAIS_number": 347,
    "eval_PAIS_precision": 0.9911242603550295,
    "eval_PAIS_recall": 0.9654178674351584,
    "eval_PROFESION_f1": 0.6666666666666666,
    "eval_PROFESION_number": 4,
    "eval_PROFESION_precision": 1.0,
    "eval_PROFESION_recall": 0.5,
    "eval_SEXO_SUJETO_ASISTENCIA_f1": 0.9733924611973392,
    "eval_SEXO_SUJETO_ASISTENCIA_number": 455,
    "eval_SEXO_SUJETO_ASISTENCIA_precision": 0.9821029082774049,
    "eval_SEXO_SUJETO_ASISTENCIA_recall": 0.9648351648351648,
    "eval_TERRITORIO_f1": 0.9611848825331972,
    "eval_TERRITORIO_number": 975,
    "eval_TERRITORIO_precision": 0.9572736520854527,
    "eval_TERRITORIO_recall": 0.9651282051282051,