{
    "epoch": 9.848,
    "eval_CALLE_f1": 0.908675799086758,
    "eval_CALLE_number": 434,
    "eval_CALLE_precision": 0.9004524886877828,
    "eval_CALLE_recall": 0.9170506912442397,
    "eval_CENTRO_SALUD_f1": 0.0,
    "eval_CENTRO_SALUD_number": 2,
    "eval_CENTRO_SALUD_precision": 0.0,
    "eval_CENTRO_SALUD_recall": 0.0,
    "eval_CORREO_ELECTRONICO_f1": 0.9705882352941176,
    "eval_CORREO_ELECTRONICO_number": 235,
    "eval_CORREO_ELECTRONICO_precision": 0.9585062240663901,
    "eval_CORREO_ELECTRONICO_recall": 0.9829787234042553,
    "eval_EDAD_SUJETO_ASISTENCIA_f1": 0.9669260700389106,
    "eval_EDAD_SUJETO_ASISTENCIA_number": 521,
    "eval_EDAD_SUJETO_ASISTENCIA_precision": 0.980276134122288,
    "eval_EDAD_SUJETO_ASISTENCIA_recall": 0.9539347408829175,
    "eval_FAMILIARES_SUJETO_ASISTENCIA_f1": 0.7272727272727273,
    "eval_FAMILIARES_SUJETO_ASISTENCIA_number": 92,
    "eval_FAMILIARES_SUJETO_ASISTENCIA_precision": 0.7157894736842105,
    "eval_FAMILIARES_SUJETO_ASISTENCIA_recall": 0.7391304347826086,
    "eval_FECHAS_f1": 0.9715475364330326,
    "eval_FECHAS_number": 724,
    "eval_FECHAS_precision": 0.9762900976290098,
    "eval_FECHAS_recall": 0.9668508287292817,
    "eval_HOSPITAL_f1": 0.8776978417266188,
    "eval_HOSPITAL_number": 140,
    "eval_HOSPITAL_precision": 0.8840579710144928,
    "eval_HOSPITAL_recall": 0.8714285714285714,
    "eval_ID_ASEGURAMIENTO_f1": 0.984375,
    "eval_ID_ASEGURAMIENTO_number": 194,
    "eval_ID_ASEGURAMIENTO_precision": 0.9947368421052631,
    "eval_ID_ASEGURAMIENTO_recall": 0.9742268041237113,
    "eval_ID_CONTACTO_ASISTENCIAL_f1": 0.96875,
    "eval_ID_CONTACTO_ASISTENCIAL_number": 32,
    "eval_ID_CONTACTO_ASISTENCIAL_precision": 0.96875,
    "eval_ID_CONTACTO_ASISTENCIAL_recall": 0.96875,
    "eval_ID_SUJETO_ASISTENCIA_f1": 0.9473684210526315,
    "eval_ID_SUJETO_ASISTENCIA_number": 292,
    "eval_ID_SUJETO_ASISTENCIA_precision": 0.9712230215827338,
    "eval_ID_SUJETO_ASISTENCIA_recall": 0.9246575342465754,
    "eval_ID_TITULACION_PERSONAL_SANITARIO_f1": 0.9755011135857461,
    "eval_ID_TITULACION_PERSONAL_SANITARIO_number": 226,
    "eval_ID_TITULACION_PERSONAL_SANITARIO_precision": 0.9820627802690582,
    "eval_ID_TITULACION_PERSONAL_SANITARIO_recall": 0.9690265486725663,
    "eval_INSTITUCION_f1": 0.6506024096385542,
    "eval_INSTITUCION_number": 72,
    "eval_INSTITUCION_precision": 0.574468085106383,
    "eval_INSTITUCION_recall": 0.75,
    "eval_NOMBRE_PERSONAL_SANITARIO_f1": 0.9585439838220424,
    "eval_NOMBRE_PERSONAL_SANITARIO_number": 497,
    "eval_NOMBRE_PERSONAL_SANITARIO_precision": 0.9634146341463414,
    "eval_NOMBRE_PERSONAL_SANITARIO_recall": 0.9537223340040242,
    "eval_NOMBRE_SUJETO_ASISTENCIA_f1": 0.9797979797979798,
    "eval_NOMBRE_SUJETO_ASISTENCIA_number": 503,
    "eval_NOMBRE_SUJETO_ASISTENCIA_precision": 0.9958932238193019,
    "eval_NOMBRE_SUJETO_ASISTENCIA_recall": 0.9642147117296223,
    "eval_NUMERO_FAX_f1": 0.9090909090909091,
    "eval_NUMERO_FAX_number": 6,
    "eval_NUMERO_FAX_precision": 1.0,
    "eval_NUMERO_FAX_recall": 0.8333333333333334,
    "eval_NUMERO_TELEFONO_f1": 0.8979591836734694,
    "eval_NUMERO_TELEFONO_number": 24,
    "eval_NUMERO_TELEFONO_precision": 0.88,
    "eval_NUMERO_TELEFONO_recall": 0.9166666666666666,
    "eval_OTROS_SUJETO_ASISTENCIA_f1": 0.0,
    "eval_OTROS_SUJETO_ASISTENCIA_number": 6,
    "eval_OTROS_SUJETO_ASISTENCIA_precision": 0.0,
    "eval_OTROS_SUJETO_ASISTENCIA_recall": 0.0,
    "eval_PAIS_f1": 0.9781021897810218,
    "eval_PAIS_number": 347,
    "eval_PAIS_precision": 0.9911242603550295,
    "eval_PAIS_recall": 0.9654178674351584,
    "eval_PROFESION_f1": 0.6666666666666666,
    "eval_PROFESION_number": 4,
    "eval_PROFESION_precision": 1.0,
    "eval_PROFESION_recall": 0.5,
    "eval_SEXO_SUJETO_ASISTENCIA_f1": 0.9733924611973392,
    "eval_SEXO_SUJETO_ASISTENCIA_number": 455,
    "eval_SEXO_SUJETO_ASISTENCIA_precision": 0.9821029082774049,
    "eval_SEXO_SUJETO_ASISTENCIA_recall": 0.9648351648351648,
    "eval_TERRITORIO_f1": 0.9611848825331972,
    "eval_TERRITORIO_number": 975,
    "eval_TERRITORIO_precision": 0.9572736520854527,
    "eval_TERRITORIO_recall": 0.9651282051282051,
    "eval_loss": 0.04845943674445152,
    "eval_overall_accuracy": 0.9914882173778331,
    "eval_overall_f1": 0.9517361111111111,
    "eval_overall_precision": 0.9552186792124063,
    "eval_overall_recall": 0.9482788444905725,
    "eval_runtime": 7.2449,
    "eval_samples_per_second": 34.507,
    "eval_steps_per_second": 8.696
}