{
    "FARMACO_f1": 0.8884199419678185,
    "FARMACO_number": 1834,
    "FARMACO_precision": 0.8605007664793051,
    "FARMACO_recall": 0.9182115594329335,
    "epoch": 10.0,
    "eval_FARMACO_f1": 0.8852602420177869,
    "eval_FARMACO_number": 3321,
    "eval_FARMACO_precision": 0.858111927642736,
    "eval_FARMACO_recall": 0.9141824751580849,
    "eval_loss": 0.015837721526622772,
    "eval_overall_accuracy": 0.9978553299083113,
    "eval_overall_f1": 0.8852602420177869,
    "eval_overall_precision": 0.858111927642736,
    "eval_overall_recall": 0.9141824751580849,
    "eval_runtime": 31.0175,
    "eval_samples_per_second": 42.137,
    "eval_steps_per_second": 5.287,
    "overall_accuracy": 0.9978958537760024,
    "overall_f1": 0.8884199419678185,
    "overall_precision": 0.8605007664793051,
    "overall_recall": 0.9182115594329335,
    "total_flos": 1.6092921499535616e+16,
    "train_loss": 0.004386064938960537,
    "train_runtime": 2678.3235,
    "train_samples_per_second": 6.474,
    "train_steps_per_second": 0.81
}