{
    "PROCEDIMIENTO_f1": 0.744955609362389,
    "PROCEDIMIENTO_number": 3542,
    "PROCEDIMIENTO_precision": 0.711459403905447,
    "PROCEDIMIENTO_recall": 0.7817617165443252,
    "epoch": 9.746666666666666,
    "eval_PROCEDIMIENTO_f1": 0.755525176577808,
    "eval_PROCEDIMIENTO_number": 2084,
    "eval_PROCEDIMIENTO_precision": 0.7193058568329718,
    "eval_PROCEDIMIENTO_recall": 0.7955854126679462,
    "eval_loss": 0.14927798509597778,
    "eval_overall_accuracy": 0.9672250440249741,
    "eval_overall_f1": 0.755525176577808,
    "eval_overall_precision": 0.7193058568329718,
    "eval_overall_recall": 0.7955854126679462,
    "eval_runtime": 6.4204,
    "eval_samples_per_second": 23.363,
    "eval_steps_per_second": 5.919,
    "overall_accuracy": 0.9638381423937169,
    "overall_f1": 0.744955609362389,
    "overall_precision": 0.711459403905447,
    "overall_recall": 0.7817617165443252,
    "total_flos": 2712594530204496.0,
    "train_loss": 0.06063233452874261,
    "train_runtime": 1153.1086,
    "train_samples_per_second": 5.195,
    "train_steps_per_second": 0.321
}