{
    "epoch": 9.746666666666666,
    "total_flos": 2712594530204496.0,
    "train_loss": 0.06063233452874261,
    "train_runtime": 1153.1086,
    "train_samples_per_second": 5.195,
    "train_steps_per_second": 0.321
}