{
    "epoch": 9.990654205607477,
    "eval_NORMALIZABLES_f1": 0.9132420091324202,
    "eval_NORMALIZABLES_number": 1104,
    "eval_NORMALIZABLES_precision": 0.9208103130755064,
    "eval_NORMALIZABLES_recall": 0.9057971014492754,
    "eval_NO_NORMALIZABLES_f1": 0.14814814814814814,
    "eval_NO_NORMALIZABLES_number": 16,
    "eval_NO_NORMALIZABLES_precision": 0.18181818181818182,
    "eval_NO_NORMALIZABLES_recall": 0.125,
    "eval_PROTEINAS_f1": 0.8947368421052633,
    "eval_PROTEINAS_number": 736,
    "eval_PROTEINAS_precision": 0.8887399463806971,
    "eval_PROTEINAS_recall": 0.9008152173913043,
    "eval_UNCLEAR_f1": 0.8571428571428571,
    "eval_UNCLEAR_number": 44,
    "eval_UNCLEAR_precision": 0.8297872340425532,
    "eval_UNCLEAR_recall": 0.8863636363636364,
    "eval_loss": 0.043793078511953354,
    "eval_overall_accuracy": 0.9946328111765912,
    "eval_overall_f1": 0.8992084432717677,
    "eval_overall_precision": 0.9015873015873016,
    "eval_overall_recall": 0.8968421052631579,
    "eval_runtime": 113.2668,
    "eval_samples_per_second": 33.434,
    "eval_steps_per_second": 8.361
}