{
    "NORMALIZABLES_f1": 0.9279326670173592,
    "NORMALIZABLES_number": 961,
    "NORMALIZABLES_precision": 0.9382978723404255,
    "NORMALIZABLES_recall": 0.9177939646201873,
    "NO_NORMALIZABLES_f1": 0.13333333333333333,
    "NO_NORMALIZABLES_number": 10,
    "NO_NORMALIZABLES_precision": 0.2,
    "NO_NORMALIZABLES_recall": 0.1,
    "PROTEINAS_f1": 0.857308584686775,
    "PROTEINAS_number": 835,
    "PROTEINAS_precision": 0.8312710911136107,
    "PROTEINAS_recall": 0.8850299401197604,
    "UNCLEAR_f1": 0.8169014084507041,
    "UNCLEAR_number": 34,
    "UNCLEAR_precision": 0.7837837837837838,
    "UNCLEAR_recall": 0.8529411764705882,
    "overall_accuracy": 0.9952189727670625,
    "overall_f1": 0.8897871193748316,
    "overall_precision": 0.8824158204168894,
    "overall_recall": 0.8972826086956521
}