{
    "epoch": 9.990654205607477,
    "total_flos": 2832324460224480.0,
    "train_loss": 0.008390123696308436,
    "train_runtime": 11143.0984,
    "train_samples_per_second": 7.295,
    "train_steps_per_second": 0.912
}