{
    "MORFOLOGIA_NEOPLASIA_f1": 0.8368736383442266,
    "MORFOLOGIA_NEOPLASIA_number": 3540,
    "MORFOLOGIA_NEOPLASIA_precision": 0.8078338590956887,
    "MORFOLOGIA_NEOPLASIA_recall": 0.8680790960451977,
    "epoch": 10.0,
    "eval_MORFOLOGIA_NEOPLASIA_f1": 0.8229255774165954,
    "eval_MORFOLOGIA_NEOPLASIA_number": 7433,
    "eval_MORFOLOGIA_NEOPLASIA_precision": 0.8053838227717671,
    "eval_MORFOLOGIA_NEOPLASIA_recall": 0.8412484864792144,
    "eval_loss": 0.07155058532953262,
    "eval_overall_accuracy": 0.9890878366231618,
    "eval_overall_f1": 0.8229255774165954,
    "eval_overall_precision": 0.8053838227717671,
    "eval_overall_recall": 0.8412484864792144,
    "eval_runtime": 25.6071,
    "eval_samples_per_second": 70.254,
    "eval_steps_per_second": 8.787,
    "overall_accuracy": 0.9901710013678134,
    "overall_f1": 0.8368736383442266,
    "overall_precision": 0.8078338590956887,
    "overall_recall": 0.8680790960451977,
    "total_flos": 5317533097113600.0,
    "train_loss": 0.013968968593022402,
    "train_runtime": 1563.1215,
    "train_samples_per_second": 13.019,
    "train_steps_per_second": 1.631
}