{
    "MORFOLOGIA_NEOPLASIA_f1": 0.8368736383442266,
    "MORFOLOGIA_NEOPLASIA_number": 3540,
    "MORFOLOGIA_NEOPLASIA_precision": 0.8078338590956887,
    "MORFOLOGIA_NEOPLASIA_recall": 0.8680790960451977,
    "overall_accuracy": 0.9901710013678134,
    "overall_f1": 0.8368736383442266,
    "overall_precision": 0.8078338590956887,
    "overall_recall": 0.8680790960451977
}