{
    "NORMALIZABLES_f1": 0.9271523178807948,
    "NORMALIZABLES_number": 973,
    "NORMALIZABLES_precision": 0.9191919191919192,
    "NORMALIZABLES_recall": 0.935251798561151,
    "NO_NORMALIZABLES_f1": 0.0,
    "NO_NORMALIZABLES_number": 10,
    "NO_NORMALIZABLES_precision": 0.0,
    "NO_NORMALIZABLES_recall": 0.0,
    "PROTEINAS_f1": 0.8708946772366931,
    "PROTEINAS_number": 859,
    "PROTEINAS_precision": 0.8478500551267916,
    "PROTEINAS_recall": 0.8952270081490105,
    "UNCLEAR_f1": 0.7012987012987012,
    "UNCLEAR_number": 34,
    "UNCLEAR_precision": 0.627906976744186,
    "UNCLEAR_recall": 0.7941176470588235,
    "epoch": 9.848,
    "eval_NORMALIZABLES_f1": 0.9184662847069194,
    "eval_NORMALIZABLES_number": 1121,
    "eval_NORMALIZABLES_precision": 0.9076655052264808,
    "eval_NORMALIZABLES_recall": 0.9295272078501338,
    "eval_NO_NORMALIZABLES_f1": 0.08695652173913043,
    "eval_NO_NORMALIZABLES_number": 16,
    "eval_NO_NORMALIZABLES_precision": 0.14285714285714285,
    "eval_NO_NORMALIZABLES_recall": 0.0625,
    "eval_PROTEINAS_f1": 0.8946666666666666,
    "eval_PROTEINAS_number": 745,
    "eval_PROTEINAS_precision": 0.8887417218543047,
    "eval_PROTEINAS_recall": 0.9006711409395973,
    "eval_UNCLEAR_f1": 0.7628865979381443,
    "eval_UNCLEAR_number": 44,
    "eval_UNCLEAR_precision": 0.6981132075471698,
    "eval_UNCLEAR_recall": 0.8409090909090909,
    "eval_loss": 0.025259051471948624,
    "eval_overall_accuracy": 0.9951841234840132,
    "eval_overall_f1": 0.9004885574697865,
    "eval_overall_precision": 0.8920020376974019,
    "eval_overall_recall": 0.9091381100726895,
    "eval_runtime": 10.3715,
    "eval_samples_per_second": 24.105,
    "eval_steps_per_second": 6.074,
    "overall_accuracy": 0.9957750310284441,
    "overall_f1": 0.8927263212977499,
    "overall_precision": 0.8766700924974307,
    "overall_recall": 0.9093816631130064,
    "total_flos": 2312689863955968.0,
    "train_loss": 0.01975377391903631,
    "train_runtime": 1084.9747,
    "train_samples_per_second": 4.608,
    "train_steps_per_second": 0.571
}