{
    "epoch": 9.848,
    "eval_NORMALIZABLES_f1": 0.9184662847069194,
    "eval_NORMALIZABLES_number": 1121,
    "eval_NORMALIZABLES_precision": 0.9076655052264808,
    "eval_NORMALIZABLES_recall": 0.9295272078501338,
    "eval_NO_NORMALIZABLES_f1": 0.08695652173913043,
    "eval_NO_NORMALIZABLES_number": 16,
    "eval_NO_NORMALIZABLES_precision": 0.14285714285714285,
    "eval_NO_NORMALIZABLES_recall": 0.0625,
    "eval_PROTEINAS_f1": 0.8946666666666666,
    "eval_PROTEINAS_number": 745,
    "eval_PROTEINAS_precision": 0.8887417218543047,
    "eval_PROTEINAS_recall": 0.9006711409395973,
    "eval_UNCLEAR_f1": 0.7628865979381443,
    "eval_UNCLEAR_number": 44,
    "eval_UNCLEAR_precision": 0.6981132075471698,
    "eval_UNCLEAR_recall": 0.8409090909090909,
    "eval_loss": 0.025259051471948624,
    "eval_overall_accuracy": 0.9951841234840132,
    "eval_overall_f1": 0.9004885574697865,
    "eval_overall_precision": 0.8920020376974019,
    "eval_overall_recall": 0.9091381100726895,
    "eval_runtime": 10.3715,
    "eval_samples_per_second": 24.105,
    "eval_steps_per_second": 6.074
}