{
    "NORMALIZABLES_f1": 0.9271523178807948,
    "NORMALIZABLES_number": 973,
    "NORMALIZABLES_precision": 0.9191919191919192,
    "NORMALIZABLES_recall": 0.935251798561151,
    "NO_NORMALIZABLES_f1": 0.0,
    "NO_NORMALIZABLES_number": 10,
    "NO_NORMALIZABLES_precision": 0.0,
    "NO_NORMALIZABLES_recall": 0.0,
    "PROTEINAS_f1": 0.8708946772366931,
    "PROTEINAS_number": 859,
    "PROTEINAS_precision": 0.8478500551267916,
    "PROTEINAS_recall": 0.8952270081490105,
    "UNCLEAR_f1": 0.7012987012987012,
    "UNCLEAR_number": 34,
    "UNCLEAR_precision": 0.627906976744186,
    "UNCLEAR_recall": 0.7941176470588235,
    "overall_accuracy": 0.9957750310284441,
    "overall_f1": 0.8927263212977499,
    "overall_precision": 0.8766700924974307,
    "overall_recall": 0.9093816631130064
}