{
    "epoch": 10.0,
    "eval_MORFOLOGIA_NEOPLASIA_f1": 0.8279051331175266,
    "eval_MORFOLOGIA_NEOPLASIA_number": 7433,
    "eval_MORFOLOGIA_NEOPLASIA_precision": 0.813343717549325,
    "eval_MORFOLOGIA_NEOPLASIA_recall": 0.8429974438315619,
    "eval_loss": 0.0718536302447319,
    "eval_overall_accuracy": 0.9892843873967809,
    "eval_overall_f1": 0.8279051331175266,
    "eval_overall_precision": 0.813343717549325,
    "eval_overall_recall": 0.8429974438315619,
    "eval_runtime": 23.7415,
    "eval_samples_per_second": 75.775,
    "eval_steps_per_second": 9.477
}