{
    "MORFOLOGIA_NEOPLASIA_f1": 0.8339020062781493,
    "MORFOLOGIA_NEOPLASIA_number": 3540,
    "MORFOLOGIA_NEOPLASIA_precision": 0.8067071560602059,
    "MORFOLOGIA_NEOPLASIA_recall": 0.8629943502824858,
    "overall_accuracy": 0.9905265340990455,
    "overall_f1": 0.8339020062781493,
    "overall_precision": 0.8067071560602059,
    "overall_recall": 0.8629943502824858
}