{
    "CALLE_f1": 0.9463647199046484,
    "CALLE_number": 415,
    "CALLE_precision": 0.9363207547169812,
    "CALLE_recall": 0.9566265060240964,
    "CENTRO_SALUD_f1": 0.0,
    "CENTRO_SALUD_number": 6,
    "CENTRO_SALUD_precision": 0.0,
    "CENTRO_SALUD_recall": 0.0,
    "CORREO_ELECTRONICO_f1": 0.9902534113060429,
    "CORREO_ELECTRONICO_number": 255,
    "CORREO_ELECTRONICO_precision": 0.9844961240310077,
    "CORREO_ELECTRONICO_recall": 0.996078431372549,
    "EDAD_SUJETO_ASISTENCIA_f1": 0.980952380952381,
    "EDAD_SUJETO_ASISTENCIA_number": 518,
    "EDAD_SUJETO_ASISTENCIA_precision": 0.9680451127819549,
    "EDAD_SUJETO_ASISTENCIA_recall": 0.9942084942084942,
    "FAMILIARES_SUJETO_ASISTENCIA_f1": 0.6971428571428572,
    "FAMILIARES_SUJETO_ASISTENCIA_number": 81,
    "FAMILIARES_SUJETO_ASISTENCIA_precision": 0.648936170212766,
    "FAMILIARES_SUJETO_ASISTENCIA_recall": 0.7530864197530864,
    "FECHAS_f1": 0.9902120717781403,
    "FECHAS_number": 611,
    "FECHAS_precision": 0.9869918699186991,
    "FECHAS_recall": 0.9934533551554828,
    "HOSPITAL_f1": 0.9333333333333332,
    "HOSPITAL_number": 131,
    "HOSPITAL_precision": 0.9064748201438849,
    "HOSPITAL_recall": 0.9618320610687023,
    "ID_ASEGURAMIENTO_f1": 0.9974683544303797,
    "ID_ASEGURAMIENTO_number": 198,
    "ID_ASEGURAMIENTO_precision": 1.0,
    "ID_ASEGURAMIENTO_recall": 0.9949494949494949,
    "ID_CONTACTO_ASISTENCIAL_f1": 0.9873417721518987,
    "ID_CONTACTO_ASISTENCIAL_number": 39,
    "ID_CONTACTO_ASISTENCIAL_precision": 0.975,
    "ID_CONTACTO_ASISTENCIAL_recall": 1.0,
    "ID_SUJETO_ASISTENCIA_f1": 0.9755244755244755,
    "ID_SUJETO_ASISTENCIA_number": 283,
    "ID_SUJETO_ASISTENCIA_precision": 0.9653979238754326,
    "ID_SUJETO_ASISTENCIA_recall": 0.9858657243816255,
    "ID_TITULACION_PERSONAL_SANITARIO_f1": 0.9936305732484078,
    "ID_TITULACION_PERSONAL_SANITARIO_number": 234,
    "ID_TITULACION_PERSONAL_SANITARIO_precision": 0.9873417721518988,
    "ID_TITULACION_PERSONAL_SANITARIO_recall": 1.0,
    "INSTITUCION_f1": 0.4383561643835616,
    "INSTITUCION_number": 68,
    "INSTITUCION_precision": 0.41025641025641024,
    "INSTITUCION_recall": 0.47058823529411764,
    "NOMBRE_PERSONAL_SANITARIO_f1": 0.9950347567030785,
    "NOMBRE_PERSONAL_SANITARIO_number": 502,
    "NOMBRE_PERSONAL_SANITARIO_precision": 0.9920792079207921,
    "NOMBRE_PERSONAL_SANITARIO_recall": 0.99800796812749,
    "NOMBRE_SUJETO_ASISTENCIA_f1": 0.99800796812749,
    "NOMBRE_SUJETO_ASISTENCIA_number": 502,
    "NOMBRE_SUJETO_ASISTENCIA_precision": 0.99800796812749,
    "NOMBRE_SUJETO_ASISTENCIA_recall": 0.99800796812749,
    "NUMERO_FAX_f1": 0.2,
    "NUMERO_FAX_number": 7,
    "NUMERO_FAX_precision": 0.3333333333333333,
    "NUMERO_FAX_recall": 0.14285714285714285,
    "NUMERO_TELEFONO_f1": 0.7719298245614036,
    "NUMERO_TELEFONO_number": 26,
    "NUMERO_TELEFONO_precision": 0.7096774193548387,
    "NUMERO_TELEFONO_recall": 0.8461538461538461,
    "OTROS_SUJETO_ASISTENCIA_f1": 0.0,
    "OTROS_SUJETO_ASISTENCIA_number": 7,
    "OTROS_SUJETO_ASISTENCIA_precision": 0.0,
    "OTROS_SUJETO_ASISTENCIA_recall": 0.0,
    "PAIS_f1": 0.9876880984952121,
    "PAIS_number": 363,
    "PAIS_precision": 0.9809782608695652,
    "PAIS_recall": 0.9944903581267218,
    "PROFESION_f1": 0.5925925925925926,
    "PROFESION_number": 9,
    "PROFESION_precision": 0.4444444444444444,
    "PROFESION_recall": 0.8888888888888888,
    "SEXO_SUJETO_ASISTENCIA_f1": 0.9870410367170627,
    "SEXO_SUJETO_ASISTENCIA_number": 461,
    "SEXO_SUJETO_ASISTENCIA_precision": 0.9827956989247312,
    "SEXO_SUJETO_ASISTENCIA_recall": 0.9913232104121475,
    "TERRITORIO_f1": 0.9734236581552892,
    "TERRITORIO_number": 956,
    "TERRITORIO_precision": 0.9698857736240913,
    "TERRITORIO_recall": 0.9769874476987448,
    "epoch": 10.0,
    "eval_CALLE_f1": 0.9235955056179777,
    "eval_CALLE_number": 443,
    "eval_CALLE_precision": 0.9194630872483222,
    "eval_CALLE_recall": 0.927765237020316,
    "eval_CENTRO_SALUD_f1": 0.0,
    "eval_CENTRO_SALUD_number": 2,
    "eval_CENTRO_SALUD_precision": 0.0,
    "eval_CENTRO_SALUD_recall": 0.0,
    "eval_CORREO_ELECTRONICO_f1": 0.9626556016597511,
    "eval_CORREO_ELECTRONICO_number": 238,
    "eval_CORREO_ELECTRONICO_precision": 0.9508196721311475,
    "eval_CORREO_ELECTRONICO_recall": 0.9747899159663865,
    "eval_EDAD_SUJETO_ASISTENCIA_f1": 0.9577735124760077,
    "eval_EDAD_SUJETO_ASISTENCIA_number": 529,
    "eval_EDAD_SUJETO_ASISTENCIA_precision": 0.9727095516569201,
    "eval_EDAD_SUJETO_ASISTENCIA_recall": 0.943289224952741,
    "eval_FAMILIARES_SUJETO_ASISTENCIA_f1": 0.6321243523316061,
    "eval_FAMILIARES_SUJETO_ASISTENCIA_number": 101,
    "eval_FAMILIARES_SUJETO_ASISTENCIA_precision": 0.6630434782608695,
    "eval_FAMILIARES_SUJETO_ASISTENCIA_recall": 0.6039603960396039,
    "eval_FECHAS_f1": 0.9654714475431607,
    "eval_FECHAS_number": 761,
    "eval_FECHAS_precision": 0.9758389261744966,
    "eval_FECHAS_recall": 0.9553219448094612,
    "eval_HOSPITAL_f1": 0.8866666666666666,
    "eval_HOSPITAL_number": 149,
    "eval_HOSPITAL_precision": 0.8807947019867549,
    "eval_HOSPITAL_recall": 0.8926174496644296,
    "eval_ID_ASEGURAMIENTO_f1": 0.9791666666666666,
    "eval_ID_ASEGURAMIENTO_number": 194,
    "eval_ID_ASEGURAMIENTO_precision": 0.9894736842105263,
    "eval_ID_ASEGURAMIENTO_recall": 0.9690721649484536,
    "eval_ID_CONTACTO_ASISTENCIAL_f1": 0.9538461538461539,
    "eval_ID_CONTACTO_ASISTENCIAL_number": 33,
    "eval_ID_CONTACTO_ASISTENCIAL_precision": 0.96875,
    "eval_ID_CONTACTO_ASISTENCIAL_recall": 0.9393939393939394,
    "eval_ID_SUJETO_ASISTENCIA_f1": 0.9220338983050849,
    "eval_ID_SUJETO_ASISTENCIA_number": 293,
    "eval_ID_SUJETO_ASISTENCIA_precision": 0.9158249158249159,
    "eval_ID_SUJETO_ASISTENCIA_recall": 0.9283276450511946,
    "eval_ID_TITULACION_PERSONAL_SANITARIO_f1": 0.9647577092511013,
    "eval_ID_TITULACION_PERSONAL_SANITARIO_number": 230,
    "eval_ID_TITULACION_PERSONAL_SANITARIO_precision": 0.9776785714285714,
    "eval_ID_TITULACION_PERSONAL_SANITARIO_recall": 0.9521739130434783,
    "eval_INSTITUCION_f1": 0.6486486486486486,
    "eval_INSTITUCION_number": 81,
    "eval_INSTITUCION_precision": 0.5769230769230769,
    "eval_INSTITUCION_recall": 0.7407407407407407,
    "eval_NOMBRE_PERSONAL_SANITARIO_f1": 0.9533980582524272,
    "eval_NOMBRE_PERSONAL_SANITARIO_number": 515,
    "eval_NOMBRE_PERSONAL_SANITARIO_precision": 0.9533980582524272,
    "eval_NOMBRE_PERSONAL_SANITARIO_recall": 0.9533980582524272,
    "eval_NOMBRE_SUJETO_ASISTENCIA_f1": 0.9797979797979798,
    "eval_NOMBRE_SUJETO_ASISTENCIA_number": 503,
    "eval_NOMBRE_SUJETO_ASISTENCIA_precision": 0.9958932238193019,
    "eval_NOMBRE_SUJETO_ASISTENCIA_recall": 0.9642147117296223,
    "eval_NUMERO_FAX_f1": 0.0,
    "eval_NUMERO_FAX_number": 6,
    "eval_NUMERO_FAX_precision": 0.0,
    "eval_NUMERO_FAX_recall": 0.0,
    "eval_NUMERO_TELEFONO_f1": 0.7857142857142856,
    "eval_NUMERO_TELEFONO_number": 25,
    "eval_NUMERO_TELEFONO_precision": 0.7096774193548387,
    "eval_NUMERO_TELEFONO_recall": 0.88,
    "eval_OTROS_SUJETO_ASISTENCIA_f1": 0.0,
    "eval_OTROS_SUJETO_ASISTENCIA_number": 6,
    "eval_OTROS_SUJETO_ASISTENCIA_precision": 0.0,
    "eval_OTROS_SUJETO_ASISTENCIA_recall": 0.0,
    "eval_PAIS_f1": 0.9667149059334299,
    "eval_PAIS_number": 350,
    "eval_PAIS_precision": 0.9794721407624634,
    "eval_PAIS_recall": 0.9542857142857143,
    "eval_PROFESION_f1": 0.6,
    "eval_PROFESION_number": 4,
    "eval_PROFESION_precision": 0.5,
    "eval_PROFESION_recall": 0.75,
    "eval_SEXO_SUJETO_ASISTENCIA_f1": 0.9519650655021834,
    "eval_SEXO_SUJETO_ASISTENCIA_number": 462,
    "eval_SEXO_SUJETO_ASISTENCIA_precision": 0.960352422907489,
    "eval_SEXO_SUJETO_ASISTENCIA_recall": 0.9437229437229437,
    "eval_TERRITORIO_f1": 0.9630005068423719,
    "eval_TERRITORIO_number": 988,
    "eval_TERRITORIO_precision": 0.9644670050761421,
    "eval_TERRITORIO_recall": 0.9615384615384616,