{
    "epoch": 10.0,
    "eval_CALLE_f1": 0.9235955056179777,
    "eval_CALLE_number": 443,
    "eval_CALLE_precision": 0.9194630872483222,
    "eval_CALLE_recall": 0.927765237020316,
    "eval_CENTRO_SALUD_f1": 0.0,
    "eval_CENTRO_SALUD_number": 2,
    "eval_CENTRO_SALUD_precision": 0.0,
    "eval_CENTRO_SALUD_recall": 0.0,
    "eval_CORREO_ELECTRONICO_f1": 0.9626556016597511,
    "eval_CORREO_ELECTRONICO_number": 238,
    "eval_CORREO_ELECTRONICO_precision": 0.9508196721311475,
    "eval_CORREO_ELECTRONICO_recall": 0.9747899159663865,
    "eval_EDAD_SUJETO_ASISTENCIA_f1": 0.9577735124760077,
    "eval_EDAD_SUJETO_ASISTENCIA_number": 529,
    "eval_EDAD_SUJETO_ASISTENCIA_precision": 0.9727095516569201,
    "eval_EDAD_SUJETO_ASISTENCIA_recall": 0.943289224952741,
    "eval_FAMILIARES_SUJETO_ASISTENCIA_f1": 0.6321243523316061,
    "eval_FAMILIARES_SUJETO_ASISTENCIA_number": 101,
    "eval_FAMILIARES_SUJETO_ASISTENCIA_precision": 0.6630434782608695,
    "eval_FAMILIARES_SUJETO_ASISTENCIA_recall": 0.6039603960396039,
    "eval_FECHAS_f1": 0.9654714475431607,
    "eval_FECHAS_number": 761,
    "eval_FECHAS_precision": 0.9758389261744966,
    "eval_FECHAS_recall": 0.9553219448094612,
    "eval_HOSPITAL_f1": 0.8866666666666666,
    "eval_HOSPITAL_number": 149,
    "eval_HOSPITAL_precision": 0.8807947019867549,
    "eval_HOSPITAL_recall": 0.8926174496644296,
    "eval_ID_ASEGURAMIENTO_f1": 0.9791666666666666,
    "eval_ID_ASEGURAMIENTO_number": 194,
    "eval_ID_ASEGURAMIENTO_precision": 0.9894736842105263,
    "eval_ID_ASEGURAMIENTO_recall": 0.9690721649484536,
    "eval_ID_CONTACTO_ASISTENCIAL_f1": 0.9538461538461539,
    "eval_ID_CONTACTO_ASISTENCIAL_number": 33,
    "eval_ID_CONTACTO_ASISTENCIAL_precision": 0.96875,
    "eval_ID_CONTACTO_ASISTENCIAL_recall": 0.9393939393939394,
    "eval_ID_SUJETO_ASISTENCIA_f1": 0.9220338983050849,
    "eval_ID_SUJETO_ASISTENCIA_number": 293,
    "eval_ID_SUJETO_ASISTENCIA_precision": 0.9158249158249159,
    "eval_ID_SUJETO_ASISTENCIA_recall": 0.9283276450511946,
    "eval_ID_TITULACION_PERSONAL_SANITARIO_f1": 0.9647577092511013,
    "eval_ID_TITULACION_PERSONAL_SANITARIO_number": 230,
    "eval_ID_TITULACION_PERSONAL_SANITARIO_precision": 0.9776785714285714,
    "eval_ID_TITULACION_PERSONAL_SANITARIO_recall": 0.9521739130434783,
    "eval_INSTITUCION_f1": 0.6486486486486486,
    "eval_INSTITUCION_number": 81,
    "eval_INSTITUCION_precision": 0.5769230769230769,
    "eval_INSTITUCION_recall": 0.7407407407407407,
    "eval_NOMBRE_PERSONAL_SANITARIO_f1": 0.9533980582524272,
    "eval_NOMBRE_PERSONAL_SANITARIO_number": 515,
    "eval_NOMBRE_PERSONAL_SANITARIO_precision": 0.9533980582524272,
    "eval_NOMBRE_PERSONAL_SANITARIO_recall": 0.9533980582524272,
    "eval_NOMBRE_SUJETO_ASISTENCIA_f1": 0.9797979797979798,
    "eval_NOMBRE_SUJETO_ASISTENCIA_number": 503,
    "eval_NOMBRE_SUJETO_ASISTENCIA_precision": 0.9958932238193019,
    "eval_NOMBRE_SUJETO_ASISTENCIA_recall": 0.9642147117296223,
    "eval_NUMERO_FAX_f1": 0.0,
    "eval_NUMERO_FAX_number": 6,
    "eval_NUMERO_FAX_precision": 0.0,
    "eval_NUMERO_FAX_recall": 0.0,
    "eval_NUMERO_TELEFONO_f1": 0.7857142857142856,
    "eval_NUMERO_TELEFONO_number": 25,
    "eval_NUMERO_TELEFONO_precision": 0.7096774193548387,
    "eval_NUMERO_TELEFONO_recall": 0.88,
    "eval_OTROS_SUJETO_ASISTENCIA_f1": 0.0,
    "eval_OTROS_SUJETO_ASISTENCIA_number": 6,
    "eval_OTROS_SUJETO_ASISTENCIA_precision": 0.0,
    "eval_OTROS_SUJETO_ASISTENCIA_recall": 0.0,
    "eval_PAIS_f1": 0.9667149059334299,
    "eval_PAIS_number": 350,
    "eval_PAIS_precision": 0.9794721407624634,
    "eval_PAIS_recall": 0.9542857142857143,
    "eval_PROFESION_f1": 0.6,
    "eval_PROFESION_number": 4,
    "eval_PROFESION_precision": 0.5,
    "eval_PROFESION_recall": 0.75,
    "eval_SEXO_SUJETO_ASISTENCIA_f1": 0.9519650655021834,
    "eval_SEXO_SUJETO_ASISTENCIA_number": 462,
    "eval_SEXO_SUJETO_ASISTENCIA_precision": 0.960352422907489,
    "eval_SEXO_SUJETO_ASISTENCIA_recall": 0.9437229437229437,
    "eval_TERRITORIO_f1": 0.9630005068423719,
    "eval_TERRITORIO_number": 988,
    "eval_TERRITORIO_precision": 0.9644670050761421,
    "eval_TERRITORIO_recall": 0.9615384615384616,
    "eval_loss": 0.04881393164396286,
    "eval_overall_accuracy": 0.9918998304263565,
    "eval_overall_f1": 0.9435148220504544,
    "eval_overall_precision": 0.9477815699658703,
    "eval_overall_recall": 0.939286318281752,
    "eval_runtime": 6.6046,
    "eval_samples_per_second": 72.677,
    "eval_steps_per_second": 9.085
}