{
    "CALLE_f1": 0.9463647199046484,
    "CALLE_number": 415,
    "CALLE_precision": 0.9363207547169812,
    "CALLE_recall": 0.9566265060240964,
    "CENTRO_SALUD_f1": 0.0,
    "CENTRO_SALUD_number": 6,
    "CENTRO_SALUD_precision": 0.0,
    "CENTRO_SALUD_recall": 0.0,
    "CORREO_ELECTRONICO_f1": 0.9902534113060429,
    "CORREO_ELECTRONICO_number": 255,
    "CORREO_ELECTRONICO_precision": 0.9844961240310077,
    "CORREO_ELECTRONICO_recall": 0.996078431372549,
    "EDAD_SUJETO_ASISTENCIA_f1": 0.980952380952381,
    "EDAD_SUJETO_ASISTENCIA_number": 518,
    "EDAD_SUJETO_ASISTENCIA_precision": 0.9680451127819549,
    "EDAD_SUJETO_ASISTENCIA_recall": 0.9942084942084942,
    "FAMILIARES_SUJETO_ASISTENCIA_f1": 0.6971428571428572,
    "FAMILIARES_SUJETO_ASISTENCIA_number": 81,
    "FAMILIARES_SUJETO_ASISTENCIA_precision": 0.648936170212766,
    "FAMILIARES_SUJETO_ASISTENCIA_recall": 0.7530864197530864,
    "FECHAS_f1": 0.9902120717781403,
    "FECHAS_number": 611,
    "FECHAS_precision": 0.9869918699186991,
    "FECHAS_recall": 0.9934533551554828,
    "HOSPITAL_f1": 0.9333333333333332,
    "HOSPITAL_number": 131,
    "HOSPITAL_precision": 0.9064748201438849,
    "HOSPITAL_recall": 0.9618320610687023,
    "ID_ASEGURAMIENTO_f1": 0.9974683544303797,
    "ID_ASEGURAMIENTO_number": 198,
    "ID_ASEGURAMIENTO_precision": 1.0,
    "ID_ASEGURAMIENTO_recall": 0.9949494949494949,
    "ID_CONTACTO_ASISTENCIAL_f1": 0.9873417721518987,
    "ID_CONTACTO_ASISTENCIAL_number": 39,
    "ID_CONTACTO_ASISTENCIAL_precision": 0.975,
    "ID_CONTACTO_ASISTENCIAL_recall": 1.0,
    "ID_SUJETO_ASISTENCIA_f1": 0.9755244755244755,
    "ID_SUJETO_ASISTENCIA_number": 283,
    "ID_SUJETO_ASISTENCIA_precision": 0.9653979238754326,
    "ID_SUJETO_ASISTENCIA_recall": 0.9858657243816255,
    "ID_TITULACION_PERSONAL_SANITARIO_f1": 0.9936305732484078,
    "ID_TITULACION_PERSONAL_SANITARIO_number": 234,
    "ID_TITULACION_PERSONAL_SANITARIO_precision": 0.9873417721518988,
    "ID_TITULACION_PERSONAL_SANITARIO_recall": 1.0,
    "INSTITUCION_f1": 0.4383561643835616,
    "INSTITUCION_number": 68,
    "INSTITUCION_precision": 0.41025641025641024,
    "INSTITUCION_recall": 0.47058823529411764,
    "NOMBRE_PERSONAL_SANITARIO_f1": 0.9950347567030785,
    "NOMBRE_PERSONAL_SANITARIO_number": 502,
    "NOMBRE_PERSONAL_SANITARIO_precision": 0.9920792079207921,
    "NOMBRE_PERSONAL_SANITARIO_recall": 0.99800796812749,
    "NOMBRE_SUJETO_ASISTENCIA_f1": 0.99800796812749,
    "NOMBRE_SUJETO_ASISTENCIA_number": 502,
    "NOMBRE_SUJETO_ASISTENCIA_precision": 0.99800796812749,
    "NOMBRE_SUJETO_ASISTENCIA_recall": 0.99800796812749,
    "NUMERO_FAX_f1": 0.2,
    "NUMERO_FAX_number": 7,
    "NUMERO_FAX_precision": 0.3333333333333333,
    "NUMERO_FAX_recall": 0.14285714285714285,
    "NUMERO_TELEFONO_f1": 0.7719298245614036,
    "NUMERO_TELEFONO_number": 26,
    "NUMERO_TELEFONO_precision": 0.7096774193548387,
    "NUMERO_TELEFONO_recall": 0.8461538461538461,
    "OTROS_SUJETO_ASISTENCIA_f1": 0.0,
    "OTROS_SUJETO_ASISTENCIA_number": 7,
    "OTROS_SUJETO_ASISTENCIA_precision": 0.0,
    "OTROS_SUJETO_ASISTENCIA_recall": 0.0,
    "PAIS_f1": 0.9876880984952121,
    "PAIS_number": 363,
    "PAIS_precision": 0.9809782608695652,
    "PAIS_recall": 0.9944903581267218,
    "PROFESION_f1": 0.5925925925925926,
    "PROFESION_number": 9,
    "PROFESION_precision": 0.4444444444444444,
    "PROFESION_recall": 0.8888888888888888,
    "SEXO_SUJETO_ASISTENCIA_f1": 0.9870410367170627,
    "SEXO_SUJETO_ASISTENCIA_number": 461,
    "SEXO_SUJETO_ASISTENCIA_precision": 0.9827956989247312,
    "SEXO_SUJETO_ASISTENCIA_recall": 0.9913232104121475,
    "TERRITORIO_f1": 0.9734236581552892,
    "TERRITORIO_number": 956,
    "TERRITORIO_precision": 0.9698857736240913,
    "TERRITORIO_recall": 0.9769874476987448,
    "overall_accuracy": 0.9964771485626013,
    "overall_f1": 0.9665063401836466,
    "overall_precision": 0.9588755856324831,
    "overall_recall": 0.9742595204513399
}