{
    "PROCEDIMIENTO_f1": 0.7347832033921489,
    "PROCEDIMIENTO_number": 3533,
    "PROCEDIMIENTO_precision": 0.7109581789306512,
    "PROCEDIMIENTO_recall": 0.7602604019247099,
    "epoch": 10.0,
    "eval_PROCEDIMIENTO_f1": 0.741261472368678,
    "eval_PROCEDIMIENTO_number": 2459,
    "eval_PROCEDIMIENTO_precision": 0.7129977460555973,
    "eval_PROCEDIMIENTO_recall": 0.771858479056527,
    "eval_loss": 0.20411448180675507,
    "eval_overall_accuracy": 0.9641485722264889,
    "eval_overall_f1": 0.741261472368678,
    "eval_overall_precision": 0.7129977460555973,
    "eval_overall_recall": 0.771858479056527,
    "eval_runtime": 3.6829,
    "eval_samples_per_second": 75.485,
    "eval_steps_per_second": 9.503,
    "overall_accuracy": 0.9627717948408726,
    "overall_f1": 0.7347832033921489,
    "overall_precision": 0.7109581789306512,
    "overall_recall": 0.7602604019247099,
    "total_flos": 3030046638943104.0,
    "train_loss": 0.04718529240838413,
    "train_runtime": 899.45,
    "train_samples_per_second": 12.897,
    "train_steps_per_second": 1.612
}