{
    "DIAGNOSTICO_f1": 0.6863285556780596,
    "DIAGNOSTICO_number": 3491,
    "DIAGNOSTICO_precision": 0.6613545816733067,
    "DIAGNOSTICO_recall": 0.7132626754511602,
    "PROCEDIMIENTO_f1": 0.5804729214340197,
    "PROCEDIMIENTO_number": 1241,
    "PROCEDIMIENTO_precision": 0.5510499637943519,
    "PROCEDIMIENTO_recall": 0.613215149073328,
    "epoch": 9.704,
    "eval_DIAGNOSTICO_f1": 0.6765046296296297,
    "eval_DIAGNOSTICO_number": 3342,
    "eval_DIAGNOSTICO_precision": 0.6549019607843137,
    "eval_DIAGNOSTICO_recall": 0.6995810891681628,
    "eval_PROCEDIMIENTO_f1": 0.5887514958117271,
    "eval_PROCEDIMIENTO_number": 1205,
    "eval_PROCEDIMIENTO_precision": 0.5668202764976958,
    "eval_PROCEDIMIENTO_recall": 0.612448132780083,
    "eval_loss": 0.2221151441335678,
    "eval_overall_accuracy": 0.954099031510026,
    "eval_overall_f1": 0.6531478925575964,
    "eval_overall_precision": 0.6313628899835796,
    "eval_overall_recall": 0.6764899934022433,
    "eval_runtime": 7.1803,
    "eval_samples_per_second": 34.818,
    "eval_steps_per_second": 8.774,
    "overall_accuracy": 0.9530021686093793,
    "overall_f1": 0.6582304110143753,
    "overall_precision": 0.6317528177225029,
    "overall_recall": 0.6870245139475909,
    "total_flos": 2238419295076032.0,
    "train_loss": 0.07667192028414818,
    "train_runtime": 829.8904,
    "train_samples_per_second": 6.025,
    "train_steps_per_second": 0.374
}