{
    "DIAGNOSTICO_f1": 0.6863285556780596,
    "DIAGNOSTICO_number": 3491,
    "DIAGNOSTICO_precision": 0.6613545816733067,
    "DIAGNOSTICO_recall": 0.7132626754511602,
    "PROCEDIMIENTO_f1": 0.5804729214340197,
    "PROCEDIMIENTO_number": 1241,
    "PROCEDIMIENTO_precision": 0.5510499637943519,
    "PROCEDIMIENTO_recall": 0.613215149073328,
    "overall_accuracy": 0.9530021686093793,
    "overall_f1": 0.6582304110143753,
    "overall_precision": 0.6317528177225029,
    "overall_recall": 0.6870245139475909
}