{
    "ENFERMEDAD_f1": 0.7434259954921111,
    "ENFERMEDAD_number": 2611,
    "ENFERMEDAD_precision": 0.7294507924806487,
    "ENFERMEDAD_recall": 0.7579471466870931,
    "epoch": 10.0,
    "eval_ENFERMEDAD_f1": 0.7291553133514986,
    "eval_ENFERMEDAD_number": 1801,
    "eval_ENFERMEDAD_precision": 0.7158908507223114,
    "eval_ENFERMEDAD_recall": 0.7429205996668518,
    "eval_loss": 0.23569397628307343,
    "eval_overall_accuracy": 0.9657623316159901,
    "eval_overall_f1": 0.7291553133514986,
    "eval_overall_precision": 0.7158908507223114,
    "eval_overall_recall": 0.7429205996668518,
    "eval_runtime": 6.0999,
    "eval_samples_per_second": 41.476,
    "eval_steps_per_second": 5.246,
    "overall_accuracy": 0.9658387605679382,
    "overall_f1": 0.7434259954921111,
    "overall_precision": 0.7294507924806487,
    "overall_recall": 0.7579471466870931,
    "total_flos": 9777634496841408.0,
    "train_loss": 0.03443661776907516,
    "train_runtime": 1970.7498,
    "train_samples_per_second": 5.348,
    "train_steps_per_second": 0.67
}