{
    "CALLE_f1": 0.944114149821641,
    "CALLE_number": 413,
    "CALLE_precision": 0.927570093457944,
    "CALLE_recall": 0.9612590799031477,
    "CENTRO_SALUD_f1": 0.0,
    "CENTRO_SALUD_number": 6,
    "CENTRO_SALUD_precision": 0.0,
    "CENTRO_SALUD_recall": 0.0,
    "CORREO_ELECTRONICO_f1": 0.9899799599198397,
    "CORREO_ELECTRONICO_number": 249,
    "CORREO_ELECTRONICO_precision": 0.988,
    "CORREO_ELECTRONICO_recall": 0.9919678714859438,
    "EDAD_SUJETO_ASISTENCIA_f1": 0.9790076335877863,
    "EDAD_SUJETO_ASISTENCIA_number": 518,
    "EDAD_SUJETO_ASISTENCIA_precision": 0.9679245283018868,
    "EDAD_SUJETO_ASISTENCIA_recall": 0.9903474903474904,
    "FAMILIARES_SUJETO_ASISTENCIA_f1": 0.6971428571428572,
    "FAMILIARES_SUJETO_ASISTENCIA_number": 81,
    "FAMILIARES_SUJETO_ASISTENCIA_precision": 0.648936170212766,
    "FAMILIARES_SUJETO_ASISTENCIA_recall": 0.7530864197530864,
    "FECHAS_f1": 0.9910204081632653,
    "FECHAS_number": 611,
    "FECHAS_precision": 0.988599348534202,
    "FECHAS_recall": 0.9934533551554828,
    "HOSPITAL_f1": 0.9022556390977443,
    "HOSPITAL_number": 130,
    "HOSPITAL_precision": 0.8823529411764706,
    "HOSPITAL_recall": 0.9230769230769231,
    "ID_ASEGURAMIENTO_f1": 0.9974683544303797,
    "ID_ASEGURAMIENTO_number": 198,
    "ID_ASEGURAMIENTO_precision": 1.0,
    "ID_ASEGURAMIENTO_recall": 0.9949494949494949,
    "ID_CONTACTO_ASISTENCIAL_f1": 1.0,
    "ID_CONTACTO_ASISTENCIAL_number": 39,
    "ID_CONTACTO_ASISTENCIAL_precision": 1.0,
    "ID_CONTACTO_ASISTENCIAL_recall": 1.0,
    "ID_SUJETO_ASISTENCIA_f1": 0.9894736842105264,
    "ID_SUJETO_ASISTENCIA_number": 283,
    "ID_SUJETO_ASISTENCIA_precision": 0.9825783972125436,
    "ID_SUJETO_ASISTENCIA_recall": 0.9964664310954063,
    "ID_TITULACION_PERSONAL_SANITARIO_f1": 0.9936305732484078,
    "ID_TITULACION_PERSONAL_SANITARIO_number": 234,
    "ID_TITULACION_PERSONAL_SANITARIO_precision": 0.9873417721518988,
    "ID_TITULACION_PERSONAL_SANITARIO_recall": 1.0,
    "INSTITUCION_f1": 0.4903225806451613,
    "INSTITUCION_number": 67,
    "INSTITUCION_precision": 0.4318181818181818,
    "INSTITUCION_recall": 0.5671641791044776,
    "NOMBRE_PERSONAL_SANITARIO_f1": 0.9960159362549801,
    "NOMBRE_PERSONAL_SANITARIO_number": 501,
    "NOMBRE_PERSONAL_SANITARIO_precision": 0.9940357852882704,
    "NOMBRE_PERSONAL_SANITARIO_recall": 0.998003992015968,
    "NOMBRE_SUJETO_ASISTENCIA_f1": 0.99800796812749,
    "NOMBRE_SUJETO_ASISTENCIA_number": 502,
    "NOMBRE_SUJETO_ASISTENCIA_precision": 0.99800796812749,
    "NOMBRE_SUJETO_ASISTENCIA_recall": 0.99800796812749,
    "NUMERO_FAX_f1": 0.7142857142857143,
    "NUMERO_FAX_number": 7,
    "NUMERO_FAX_precision": 0.7142857142857143,
    "NUMERO_FAX_recall": 0.7142857142857143,
    "NUMERO_TELEFONO_f1": 0.8846153846153846,
    "NUMERO_TELEFONO_number": 26,
    "NUMERO_TELEFONO_precision": 0.8846153846153846,
    "NUMERO_TELEFONO_recall": 0.8846153846153846,
    "OTROS_SUJETO_ASISTENCIA_f1": 0.0,
    "OTROS_SUJETO_ASISTENCIA_number": 7,
    "OTROS_SUJETO_ASISTENCIA_precision": 0.0,
    "OTROS_SUJETO_ASISTENCIA_recall": 0.0,
    "PAIS_f1": 0.9848693259972489,
    "PAIS_number": 363,
    "PAIS_precision": 0.9835164835164835,
    "PAIS_recall": 0.9862258953168044,
    "PROFESION_f1": 0.5185185185185185,
    "PROFESION_number": 9,
    "PROFESION_precision": 0.3888888888888889,
    "PROFESION_recall": 0.7777777777777778,
    "SEXO_SUJETO_ASISTENCIA_f1": 0.9913606911447084,
    "SEXO_SUJETO_ASISTENCIA_number": 461,
    "SEXO_SUJETO_ASISTENCIA_precision": 0.9870967741935484,
    "SEXO_SUJETO_ASISTENCIA_recall": 0.9956616052060737,
    "TERRITORIO_f1": 0.9739583333333334,
    "TERRITORIO_number": 956,
    "TERRITORIO_precision": 0.9699170124481328,
    "TERRITORIO_recall": 0.9780334728033473,
    "overall_accuracy": 0.9970141487226504,
    "overall_f1": 0.9676741130091984,
    "overall_precision": 0.9598540145985401,
    "overall_recall": 0.9756226815050344
}