{
    "CALLE_f1": 0.9543269230769231,
    "CALLE_number": 413,
    "CALLE_precision": 0.9474940334128878,
    "CALLE_recall": 0.9612590799031477,
    "CENTRO_SALUD_f1": 0.5714285714285715,
    "CENTRO_SALUD_number": 6,
    "CENTRO_SALUD_precision": 0.5,
    "CENTRO_SALUD_recall": 0.6666666666666666,
    "CORREO_ELECTRONICO_f1": 0.9898580121703855,
    "CORREO_ELECTRONICO_number": 246,
    "CORREO_ELECTRONICO_precision": 0.9878542510121457,
    "CORREO_ELECTRONICO_recall": 0.991869918699187,
    "EDAD_SUJETO_ASISTENCIA_f1": 0.98005698005698,
    "EDAD_SUJETO_ASISTENCIA_number": 518,
    "EDAD_SUJETO_ASISTENCIA_precision": 0.9644859813084112,
    "EDAD_SUJETO_ASISTENCIA_recall": 0.9961389961389961,
    "FAMILIARES_SUJETO_ASISTENCIA_f1": 0.7441860465116279,
    "FAMILIARES_SUJETO_ASISTENCIA_number": 80,
    "FAMILIARES_SUJETO_ASISTENCIA_precision": 0.6956521739130435,
    "FAMILIARES_SUJETO_ASISTENCIA_recall": 0.8,
    "FECHAS_f1": 0.9885807504078303,
    "FECHAS_number": 611,
    "FECHAS_precision": 0.9853658536585366,
    "FECHAS_recall": 0.9918166939443536,
    "HOSPITAL_f1": 0.8871595330739299,
    "HOSPITAL_number": 130,
    "HOSPITAL_precision": 0.8976377952755905,
    "HOSPITAL_recall": 0.8769230769230769,
    "ID_ASEGURAMIENTO_f1": 0.9974683544303797,
    "ID_ASEGURAMIENTO_number": 198,
    "ID_ASEGURAMIENTO_precision": 1.0,
    "ID_ASEGURAMIENTO_recall": 0.9949494949494949,
    "ID_CONTACTO_ASISTENCIAL_f1": 1.0,
    "ID_CONTACTO_ASISTENCIAL_number": 39,
    "ID_CONTACTO_ASISTENCIAL_precision": 1.0,
    "ID_CONTACTO_ASISTENCIAL_recall": 1.0,
    "ID_SUJETO_ASISTENCIA_f1": 0.9701230228471002,
    "ID_SUJETO_ASISTENCIA_number": 283,
    "ID_SUJETO_ASISTENCIA_precision": 0.965034965034965,
    "ID_SUJETO_ASISTENCIA_recall": 0.9752650176678446,
    "ID_TITULACION_PERSONAL_SANITARIO_f1": 0.9978678038379531,
    "ID_TITULACION_PERSONAL_SANITARIO_number": 234,
    "ID_TITULACION_PERSONAL_SANITARIO_precision": 0.9957446808510638,
    "ID_TITULACION_PERSONAL_SANITARIO_recall": 1.0,
    "INSTITUCION_f1": 0.6206896551724138,
    "INSTITUCION_number": 67,
    "INSTITUCION_precision": 0.5769230769230769,
    "INSTITUCION_recall": 0.6716417910447762,
    "NOMBRE_PERSONAL_SANITARIO_f1": 0.9890764647467726,
    "NOMBRE_PERSONAL_SANITARIO_number": 501,
    "NOMBRE_PERSONAL_SANITARIO_precision": 0.9841897233201581,
    "NOMBRE_PERSONAL_SANITARIO_recall": 0.9940119760479041,
    "NOMBRE_SUJETO_ASISTENCIA_f1": 0.9980119284294234,
    "NOMBRE_SUJETO_ASISTENCIA_number": 502,
    "NOMBRE_SUJETO_ASISTENCIA_precision": 0.996031746031746,
    "NOMBRE_SUJETO_ASISTENCIA_recall": 1.0,
    "NUMERO_FAX_f1": 0.7142857142857143,
    "NUMERO_FAX_number": 7,
    "NUMERO_FAX_precision": 0.7142857142857143,
    "NUMERO_FAX_recall": 0.7142857142857143,
    "NUMERO_TELEFONO_f1": 0.9811320754716981,
    "NUMERO_TELEFONO_number": 26,
    "NUMERO_TELEFONO_precision": 0.9629629629629629,
    "NUMERO_TELEFONO_recall": 1.0,
    "OTROS_SUJETO_ASISTENCIA_f1": 0.0,
    "OTROS_SUJETO_ASISTENCIA_number": 7,
    "OTROS_SUJETO_ASISTENCIA_precision": 0.0,
    "OTROS_SUJETO_ASISTENCIA_recall": 0.0,
    "PAIS_f1": 0.9863387978142077,
    "PAIS_number": 363,
    "PAIS_precision": 0.978319783197832,
    "PAIS_recall": 0.9944903581267218,
    "PROFESION_f1": 0.5806451612903226,
    "PROFESION_number": 9,
    "PROFESION_precision": 0.4090909090909091,
    "PROFESION_recall": 1.0,
    "SEXO_SUJETO_ASISTENCIA_f1": 0.9816216216216216,
    "SEXO_SUJETO_ASISTENCIA_number": 461,
    "SEXO_SUJETO_ASISTENCIA_precision": 0.978448275862069,
    "SEXO_SUJETO_ASISTENCIA_recall": 0.9848156182212582,
    "TERRITORIO_f1": 0.9753457606734816,
    "TERRITORIO_number": 829,
    "TERRITORIO_precision": 0.9724220623501199,
    "TERRITORIO_recall": 0.9782870928829915,
    "epoch": 10.0,
    "eval_CALLE_f1": 0.9337899543378995,
    "eval_CALLE_number": 435,
    "eval_CALLE_precision": 0.927437641723356,
    "eval_CALLE_recall": 0.9402298850574713,
    "eval_CENTRO_SALUD_f1": 0.5,
    "eval_CENTRO_SALUD_number": 2,
    "eval_CENTRO_SALUD_precision": 0.5,
    "eval_CENTRO_SALUD_recall": 0.5,
    "eval_CORREO_ELECTRONICO_f1": 0.9751037344398341,
    "eval_CORREO_ELECTRONICO_number": 239,
    "eval_CORREO_ELECTRONICO_precision": 0.9670781893004116,
    "eval_CORREO_ELECTRONICO_recall": 0.9832635983263598,
    "eval_EDAD_SUJETO_ASISTENCIA_f1": 0.9516587677725118,
    "eval_EDAD_SUJETO_ASISTENCIA_number": 527,
    "eval_EDAD_SUJETO_ASISTENCIA_precision": 0.9507575757575758,
    "eval_EDAD_SUJETO_ASISTENCIA_recall": 0.952561669829222,
    "eval_FAMILIARES_SUJETO_ASISTENCIA_f1": 0.7804878048780488,
    "eval_FAMILIARES_SUJETO_ASISTENCIA_number": 101,
    "eval_FAMILIARES_SUJETO_ASISTENCIA_precision": 0.7692307692307693,
    "eval_FAMILIARES_SUJETO_ASISTENCIA_recall": 0.7920792079207921,
    "eval_FECHAS_f1": 0.9602605863192182,
    "eval_FECHAS_number": 762,
    "eval_FECHAS_precision": 0.9534282018111255,
    "eval_FECHAS_recall": 0.9671916010498688,
    "eval_HOSPITAL_f1": 0.8372093023255816,
    "eval_HOSPITAL_number": 149,
    "eval_HOSPITAL_precision": 0.8289473684210527,
    "eval_HOSPITAL_recall": 0.8456375838926175,
    "eval_ID_ASEGURAMIENTO_f1": 0.9817232375979111,
    "eval_ID_ASEGURAMIENTO_number": 192,
    "eval_ID_ASEGURAMIENTO_precision": 0.9842931937172775,
    "eval_ID_ASEGURAMIENTO_recall": 0.9791666666666666,
    "eval_ID_CONTACTO_ASISTENCIAL_f1": 0.9538461538461539,
    "eval_ID_CONTACTO_ASISTENCIAL_number": 32,
    "eval_ID_CONTACTO_ASISTENCIAL_precision": 0.9393939393939394,
    "eval_ID_CONTACTO_ASISTENCIAL_recall": 0.96875,
    "eval_ID_SUJETO_ASISTENCIA_f1": 0.9351535836177475,
    "eval_ID_SUJETO_ASISTENCIA_number": 285,
    "eval_ID_SUJETO_ASISTENCIA_precision": 0.9102990033222591,
    "eval_ID_SUJETO_ASISTENCIA_recall": 0.9614035087719298,
    "eval_ID_TITULACION_PERSONAL_SANITARIO_f1": 0.9626373626373625,
    "eval_ID_TITULACION_PERSONAL_SANITARIO_number": 226,
    "eval_ID_TITULACION_PERSONAL_SANITARIO_precision": 0.9563318777292577,
    "eval_ID_TITULACION_PERSONAL_SANITARIO_recall": 0.9690265486725663,
    "eval_INSTITUCION_f1": 0.6270270270270271,
    "eval_INSTITUCION_number": 85,
    "eval_INSTITUCION_precision": 0.58,
    "eval_INSTITUCION_recall": 0.6823529411764706,
    "eval_NOMBRE_PERSONAL_SANITARIO_f1": 0.9521072796934866,
    "eval_NOMBRE_PERSONAL_SANITARIO_number": 520,
    "eval_NOMBRE_PERSONAL_SANITARIO_precision": 0.9484732824427481,
    "eval_NOMBRE_PERSONAL_SANITARIO_recall": 0.9557692307692308,
    "eval_NOMBRE_SUJETO_ASISTENCIA_f1": 0.9828801611278952,
    "eval_NOMBRE_SUJETO_ASISTENCIA_number": 488,
    "eval_NOMBRE_SUJETO_ASISTENCIA_precision": 0.9663366336633663,
    "eval_NOMBRE_SUJETO_ASISTENCIA_recall": 1.0,
    "eval_NUMERO_FAX_f1": 0.16666666666666666,
    "eval_NUMERO_FAX_number": 6,
    "eval_NUMERO_FAX_precision": 0.16666666666666666,
    "eval_NUMERO_FAX_recall": 0.16666666666666666,
    "eval_NUMERO_TELEFONO_f1": 0.888888888888889,
    "eval_NUMERO_TELEFONO_number": 25,
    "eval_NUMERO_TELEFONO_precision": 0.8275862068965517,
    "eval_NUMERO_TELEFONO_recall": 0.96,
    "eval_OTROS_SUJETO_ASISTENCIA_f1": 0.22222222222222224,
    "eval_OTROS_SUJETO_ASISTENCIA_number": 7,
    "eval_OTROS_SUJETO_ASISTENCIA_precision": 0.5,
    "eval_OTROS_SUJETO_ASISTENCIA_recall": 0.14285714285714285,
    "eval_PAIS_f1": 0.9645390070921985,
    "eval_PAIS_number": 351,
    "eval_PAIS_precision": 0.96045197740113,
    "eval_PAIS_recall": 0.9686609686609686,
    "eval_PROFESION_f1": 0.22222222222222224,
    "eval_PROFESION_number": 4,
    "eval_PROFESION_precision": 0.2,
    "eval_PROFESION_recall": 0.25,
    "eval_SEXO_SUJETO_ASISTENCIA_f1": 0.9532100108813928,
    "eval_SEXO_SUJETO_ASISTENCIA_number": 456,
    "eval_SEXO_SUJETO_ASISTENCIA_precision": 0.9460043196544277,
    "eval_SEXO_SUJETO_ASISTENCIA_recall": 0.9605263157894737,
    "eval_TERRITORIO_f1": 0.9655172413793104,
    "eval_TERRITORIO_number": 863,
    "eval_TERRITORIO_precision": 0.9578107183580388,