{
    "epoch": 10.0,
    "eval_CALLE_f1": 0.9337899543378995,
    "eval_CALLE_number": 435,
    "eval_CALLE_precision": 0.927437641723356,
    "eval_CALLE_recall": 0.9402298850574713,
    "eval_CENTRO_SALUD_f1": 0.5,
    "eval_CENTRO_SALUD_number": 2,
    "eval_CENTRO_SALUD_precision": 0.5,
    "eval_CENTRO_SALUD_recall": 0.5,
    "eval_CORREO_ELECTRONICO_f1": 0.9751037344398341,
    "eval_CORREO_ELECTRONICO_number": 239,
    "eval_CORREO_ELECTRONICO_precision": 0.9670781893004116,
    "eval_CORREO_ELECTRONICO_recall": 0.9832635983263598,
    "eval_EDAD_SUJETO_ASISTENCIA_f1": 0.9516587677725118,
    "eval_EDAD_SUJETO_ASISTENCIA_number": 527,
    "eval_EDAD_SUJETO_ASISTENCIA_precision": 0.9507575757575758,
    "eval_EDAD_SUJETO_ASISTENCIA_recall": 0.952561669829222,
    "eval_FAMILIARES_SUJETO_ASISTENCIA_f1": 0.7804878048780488,
    "eval_FAMILIARES_SUJETO_ASISTENCIA_number": 101,
    "eval_FAMILIARES_SUJETO_ASISTENCIA_precision": 0.7692307692307693,
    "eval_FAMILIARES_SUJETO_ASISTENCIA_recall": 0.7920792079207921,
    "eval_FECHAS_f1": 0.9602605863192182,
    "eval_FECHAS_number": 762,
    "eval_FECHAS_precision": 0.9534282018111255,
    "eval_FECHAS_recall": 0.9671916010498688,
    "eval_HOSPITAL_f1": 0.8372093023255816,
    "eval_HOSPITAL_number": 149,
    "eval_HOSPITAL_precision": 0.8289473684210527,
    "eval_HOSPITAL_recall": 0.8456375838926175,
    "eval_ID_ASEGURAMIENTO_f1": 0.9817232375979111,
    "eval_ID_ASEGURAMIENTO_number": 192,
    "eval_ID_ASEGURAMIENTO_precision": 0.9842931937172775,
    "eval_ID_ASEGURAMIENTO_recall": 0.9791666666666666,
    "eval_ID_CONTACTO_ASISTENCIAL_f1": 0.9538461538461539,
    "eval_ID_CONTACTO_ASISTENCIAL_number": 32,
    "eval_ID_CONTACTO_ASISTENCIAL_precision": 0.9393939393939394,
    "eval_ID_CONTACTO_ASISTENCIAL_recall": 0.96875,
    "eval_ID_SUJETO_ASISTENCIA_f1": 0.9351535836177475,
    "eval_ID_SUJETO_ASISTENCIA_number": 285,
    "eval_ID_SUJETO_ASISTENCIA_precision": 0.9102990033222591,
    "eval_ID_SUJETO_ASISTENCIA_recall": 0.9614035087719298,
    "eval_ID_TITULACION_PERSONAL_SANITARIO_f1": 0.9626373626373625,
    "eval_ID_TITULACION_PERSONAL_SANITARIO_number": 226,
    "eval_ID_TITULACION_PERSONAL_SANITARIO_precision": 0.9563318777292577,
    "eval_ID_TITULACION_PERSONAL_SANITARIO_recall": 0.9690265486725663,
    "eval_INSTITUCION_f1": 0.6270270270270271,
    "eval_INSTITUCION_number": 85,
    "eval_INSTITUCION_precision": 0.58,
    "eval_INSTITUCION_recall": 0.6823529411764706,
    "eval_NOMBRE_PERSONAL_SANITARIO_f1": 0.9521072796934866,
    "eval_NOMBRE_PERSONAL_SANITARIO_number": 520,
    "eval_NOMBRE_PERSONAL_SANITARIO_precision": 0.9484732824427481,
    "eval_NOMBRE_PERSONAL_SANITARIO_recall": 0.9557692307692308,
    "eval_NOMBRE_SUJETO_ASISTENCIA_f1": 0.9828801611278952,
    "eval_NOMBRE_SUJETO_ASISTENCIA_number": 488,
    "eval_NOMBRE_SUJETO_ASISTENCIA_precision": 0.9663366336633663,
    "eval_NOMBRE_SUJETO_ASISTENCIA_recall": 1.0,
    "eval_NUMERO_FAX_f1": 0.16666666666666666,
    "eval_NUMERO_FAX_number": 6,
    "eval_NUMERO_FAX_precision": 0.16666666666666666,
    "eval_NUMERO_FAX_recall": 0.16666666666666666,
    "eval_NUMERO_TELEFONO_f1": 0.888888888888889,
    "eval_NUMERO_TELEFONO_number": 25,
    "eval_NUMERO_TELEFONO_precision": 0.8275862068965517,
    "eval_NUMERO_TELEFONO_recall": 0.96,
    "eval_OTROS_SUJETO_ASISTENCIA_f1": 0.22222222222222224,
    "eval_OTROS_SUJETO_ASISTENCIA_number": 7,
    "eval_OTROS_SUJETO_ASISTENCIA_precision": 0.5,
    "eval_OTROS_SUJETO_ASISTENCIA_recall": 0.14285714285714285,
    "eval_PAIS_f1": 0.9645390070921985,
    "eval_PAIS_number": 351,
    "eval_PAIS_precision": 0.96045197740113,
    "eval_PAIS_recall": 0.9686609686609686,
    "eval_PROFESION_f1": 0.22222222222222224,
    "eval_PROFESION_number": 4,
    "eval_PROFESION_precision": 0.2,
    "eval_PROFESION_recall": 0.25,
    "eval_SEXO_SUJETO_ASISTENCIA_f1": 0.9532100108813928,
    "eval_SEXO_SUJETO_ASISTENCIA_number": 456,
    "eval_SEXO_SUJETO_ASISTENCIA_precision": 0.9460043196544277,
    "eval_SEXO_SUJETO_ASISTENCIA_recall": 0.9605263157894737,
    "eval_TERRITORIO_f1": 0.9655172413793104,
    "eval_TERRITORIO_number": 863,
    "eval_TERRITORIO_precision": 0.9578107183580388,
    "eval_TERRITORIO_recall": 0.9733487833140209,
    "eval_loss": 0.03985411301255226,
    "eval_overall_accuracy": 0.9944994665349656,
    "eval_overall_f1": 0.9451665662391323,
    "eval_overall_precision": 0.9365404298874105,
    "eval_overall_recall": 0.9539530842745438,
    "eval_runtime": 9.4411,
    "eval_samples_per_second": 64.611,
    "eval_steps_per_second": 8.156
}