{
    "CALLE_f1": 0.9543269230769231,
    "CALLE_number": 413,
    "CALLE_precision": 0.9474940334128878,
    "CALLE_recall": 0.9612590799031477,
    "CENTRO_SALUD_f1": 0.5714285714285715,
    "CENTRO_SALUD_number": 6,
    "CENTRO_SALUD_precision": 0.5,
    "CENTRO_SALUD_recall": 0.6666666666666666,
    "CORREO_ELECTRONICO_f1": 0.9898580121703855,
    "CORREO_ELECTRONICO_number": 246,
    "CORREO_ELECTRONICO_precision": 0.9878542510121457,
    "CORREO_ELECTRONICO_recall": 0.991869918699187,
    "EDAD_SUJETO_ASISTENCIA_f1": 0.98005698005698,
    "EDAD_SUJETO_ASISTENCIA_number": 518,
    "EDAD_SUJETO_ASISTENCIA_precision": 0.9644859813084112,
    "EDAD_SUJETO_ASISTENCIA_recall": 0.9961389961389961,
    "FAMILIARES_SUJETO_ASISTENCIA_f1": 0.7441860465116279,
    "FAMILIARES_SUJETO_ASISTENCIA_number": 80,
    "FAMILIARES_SUJETO_ASISTENCIA_precision": 0.6956521739130435,
    "FAMILIARES_SUJETO_ASISTENCIA_recall": 0.8,
    "FECHAS_f1": 0.9885807504078303,
    "FECHAS_number": 611,
    "FECHAS_precision": 0.9853658536585366,
    "FECHAS_recall": 0.9918166939443536,
    "HOSPITAL_f1": 0.8871595330739299,
    "HOSPITAL_number": 130,
    "HOSPITAL_precision": 0.8976377952755905,
    "HOSPITAL_recall": 0.8769230769230769,
    "ID_ASEGURAMIENTO_f1": 0.9974683544303797,
    "ID_ASEGURAMIENTO_number": 198,
    "ID_ASEGURAMIENTO_precision": 1.0,
    "ID_ASEGURAMIENTO_recall": 0.9949494949494949,
    "ID_CONTACTO_ASISTENCIAL_f1": 1.0,
    "ID_CONTACTO_ASISTENCIAL_number": 39,
    "ID_CONTACTO_ASISTENCIAL_precision": 1.0,
    "ID_CONTACTO_ASISTENCIAL_recall": 1.0,
    "ID_SUJETO_ASISTENCIA_f1": 0.9701230228471002,
    "ID_SUJETO_ASISTENCIA_number": 283,
    "ID_SUJETO_ASISTENCIA_precision": 0.965034965034965,
    "ID_SUJETO_ASISTENCIA_recall": 0.9752650176678446,
    "ID_TITULACION_PERSONAL_SANITARIO_f1": 0.9978678038379531,
    "ID_TITULACION_PERSONAL_SANITARIO_number": 234,
    "ID_TITULACION_PERSONAL_SANITARIO_precision": 0.9957446808510638,
    "ID_TITULACION_PERSONAL_SANITARIO_recall": 1.0,
    "INSTITUCION_f1": 0.6206896551724138,
    "INSTITUCION_number": 67,
    "INSTITUCION_precision": 0.5769230769230769,
    "INSTITUCION_recall": 0.6716417910447762,
    "NOMBRE_PERSONAL_SANITARIO_f1": 0.9890764647467726,
    "NOMBRE_PERSONAL_SANITARIO_number": 501,
    "NOMBRE_PERSONAL_SANITARIO_precision": 0.9841897233201581,
    "NOMBRE_PERSONAL_SANITARIO_recall": 0.9940119760479041,
    "NOMBRE_SUJETO_ASISTENCIA_f1": 0.9980119284294234,
    "NOMBRE_SUJETO_ASISTENCIA_number": 502,
    "NOMBRE_SUJETO_ASISTENCIA_precision": 0.996031746031746,
    "NOMBRE_SUJETO_ASISTENCIA_recall": 1.0,
    "NUMERO_FAX_f1": 0.7142857142857143,
    "NUMERO_FAX_number": 7,
    "NUMERO_FAX_precision": 0.7142857142857143,
    "NUMERO_FAX_recall": 0.7142857142857143,
    "NUMERO_TELEFONO_f1": 0.9811320754716981,
    "NUMERO_TELEFONO_number": 26,
    "NUMERO_TELEFONO_precision": 0.9629629629629629,
    "NUMERO_TELEFONO_recall": 1.0,
    "OTROS_SUJETO_ASISTENCIA_f1": 0.0,
    "OTROS_SUJETO_ASISTENCIA_number": 7,
    "OTROS_SUJETO_ASISTENCIA_precision": 0.0,
    "OTROS_SUJETO_ASISTENCIA_recall": 0.0,
    "PAIS_f1": 0.9863387978142077,
    "PAIS_number": 363,
    "PAIS_precision": 0.978319783197832,
    "PAIS_recall": 0.9944903581267218,
    "PROFESION_f1": 0.5806451612903226,
    "PROFESION_number": 9,
    "PROFESION_precision": 0.4090909090909091,
    "PROFESION_recall": 1.0,
    "SEXO_SUJETO_ASISTENCIA_f1": 0.9816216216216216,
    "SEXO_SUJETO_ASISTENCIA_number": 461,
    "SEXO_SUJETO_ASISTENCIA_precision": 0.978448275862069,
    "SEXO_SUJETO_ASISTENCIA_recall": 0.9848156182212582,
    "TERRITORIO_f1": 0.9753457606734816,
    "TERRITORIO_number": 829,
    "TERRITORIO_precision": 0.9724220623501199,
    "TERRITORIO_recall": 0.9782870928829915,
    "overall_accuracy": 0.9975091723046888,
    "overall_f1": 0.9696643331538323,
    "overall_precision": 0.9625801853171775,
    "overall_recall": 0.9768535262206148
}