{
    "SINTOMA_f1": 0.6919804632109658,
    "SINTOMA_number": 3081,
    "SINTOMA_precision": 0.6723821187997551,
    "SINTOMA_recall": 0.7127555988315482,
    "epoch": 10.0,
    "eval_SINTOMA_f1": 0.6805555555555555,
    "eval_SINTOMA_number": 2042,
    "eval_SINTOMA_precision": 0.6453028972783144,
    "eval_SINTOMA_recall": 0.7198824681684622,
    "eval_loss": 0.3280513286590576,
    "eval_overall_accuracy": 0.9457470661196451,
    "eval_overall_f1": 0.6805555555555555,
    "eval_overall_precision": 0.6453028972783144,
    "eval_overall_recall": 0.7198824681684622,
    "eval_runtime": 3.0813,
    "eval_samples_per_second": 73.022,
    "eval_steps_per_second": 9.412,
    "overall_accuracy": 0.9424534744749872,
    "overall_f1": 0.6919804632109658,
    "overall_precision": 0.6723821187997551,
    "overall_recall": 0.7127555988315482,
    "total_flos": 2149250579410176.0,
    "train_loss": 0.048058311777332656,
    "train_runtime": 522.804,
    "train_samples_per_second": 15.838,
    "train_steps_per_second": 1.989
}