{
    "NORMALIZABLES_f1": 0.9212798374809548,
    "NORMALIZABLES_number": 990,
    "NORMALIZABLES_precision": 0.9264555669050051,
    "NORMALIZABLES_recall": 0.9161616161616162,
    "NO_NORMALIZABLES_f1": 0.0,
    "NO_NORMALIZABLES_number": 10,
    "NO_NORMALIZABLES_precision": 0.0,
    "NO_NORMALIZABLES_recall": 0.0,
    "PROTEINAS_f1": 0.8741296197107659,
    "PROTEINAS_number": 895,
    "PROTEINAS_precision": 0.8395061728395061,
    "PROTEINAS_recall": 0.911731843575419,
    "UNCLEAR_f1": 0.8115942028985507,
    "UNCLEAR_number": 35,
    "UNCLEAR_precision": 0.8235294117647058,
    "UNCLEAR_recall": 0.8,
    "epoch": 10.0,
    "eval_NORMALIZABLES_f1": 0.9031539888682745,
    "eval_NORMALIZABLES_number": 1344,
    "eval_NORMALIZABLES_precision": 0.9008142116950407,
    "eval_NORMALIZABLES_recall": 0.9055059523809523,
    "eval_NO_NORMALIZABLES_f1": 0.15384615384615383,
    "eval_NO_NORMALIZABLES_number": 17,
    "eval_NO_NORMALIZABLES_precision": 0.2222222222222222,
    "eval_NO_NORMALIZABLES_recall": 0.11764705882352941,
    "eval_PROTEINAS_f1": 0.87817522032141,
    "eval_PROTEINAS_number": 921,
    "eval_PROTEINAS_precision": 0.8402777777777778,
    "eval_PROTEINAS_recall": 0.9196525515743756,
    "eval_UNCLEAR_f1": 0.822429906542056,
    "eval_UNCLEAR_number": 50,
    "eval_UNCLEAR_precision": 0.7719298245614035,
    "eval_UNCLEAR_recall": 0.88,
    "eval_loss": 0.02961747907102108,
    "eval_overall_accuracy": 0.9949772349497723,
    "eval_overall_f1": 0.8871137271389531,
    "eval_overall_precision": 0.8701030927835052,
    "eval_overall_recall": 0.9048027444253859,
    "eval_runtime": 9.93,
    "eval_samples_per_second": 41.994,
    "eval_steps_per_second": 5.337,
    "overall_accuracy": 0.9955439459127228,
    "overall_f1": 0.8917748917748918,
    "overall_precision": 0.8768152228342514,
    "overall_recall": 0.9072538860103627,
    "total_flos": 8139961707238272.0,
    "train_loss": 0.016423869576643813,
    "train_runtime": 1617.8524,
    "train_samples_per_second": 5.421,
    "train_steps_per_second": 0.68
}