{
    "epoch": 10.0,
    "eval_NORMALIZABLES_f1": 0.9031539888682745,
    "eval_NORMALIZABLES_number": 1344,
    "eval_NORMALIZABLES_precision": 0.9008142116950407,
    "eval_NORMALIZABLES_recall": 0.9055059523809523,
    "eval_NO_NORMALIZABLES_f1": 0.15384615384615383,
    "eval_NO_NORMALIZABLES_number": 17,
    "eval_NO_NORMALIZABLES_precision": 0.2222222222222222,
    "eval_NO_NORMALIZABLES_recall": 0.11764705882352941,
    "eval_PROTEINAS_f1": 0.87817522032141,
    "eval_PROTEINAS_number": 921,
    "eval_PROTEINAS_precision": 0.8402777777777778,
    "eval_PROTEINAS_recall": 0.9196525515743756,
    "eval_UNCLEAR_f1": 0.822429906542056,
    "eval_UNCLEAR_number": 50,
    "eval_UNCLEAR_precision": 0.7719298245614035,
    "eval_UNCLEAR_recall": 0.88,
    "eval_loss": 0.02961747907102108,
    "eval_overall_accuracy": 0.9949772349497723,
    "eval_overall_f1": 0.8871137271389531,
    "eval_overall_precision": 0.8701030927835052,
    "eval_overall_recall": 0.9048027444253859,
    "eval_runtime": 9.93,
    "eval_samples_per_second": 41.994,
    "eval_steps_per_second": 5.337
}