{
    "epoch": 9.848,
    "eval_NORMALIZABLES_f1": 0.9232815964523282,
    "eval_NORMALIZABLES_number": 1121,
    "eval_NORMALIZABLES_precision": 0.917989417989418,
    "eval_NORMALIZABLES_recall": 0.928635147190009,
    "eval_NO_NORMALIZABLES_f1": 0.18181818181818182,
    "eval_NO_NORMALIZABLES_number": 16,
    "eval_NO_NORMALIZABLES_precision": 0.3333333333333333,
    "eval_NO_NORMALIZABLES_recall": 0.125,
    "eval_PROTEINAS_f1": 0.9030544488711819,
    "eval_PROTEINAS_number": 745,
    "eval_PROTEINAS_precision": 0.8935611038107752,
    "eval_PROTEINAS_recall": 0.912751677852349,
    "eval_UNCLEAR_f1": 0.7010309278350515,
    "eval_UNCLEAR_number": 44,
    "eval_UNCLEAR_precision": 0.6415094339622641,
    "eval_UNCLEAR_recall": 0.7727272727272727,
    "eval_loss": 0.02298363856971264,
    "eval_overall_accuracy": 0.9954575523704521,
    "eval_overall_f1": 0.9056701030927835,
    "eval_overall_precision": 0.8991811668372569,
    "eval_overall_recall": 0.9122533748701973,
    "eval_runtime": 7.2993,
    "eval_samples_per_second": 34.25,
    "eval_steps_per_second": 8.631
}