{
    "ENFERMEDAD_f1": 0.7149694866578917,
    "ENFERMEDAD_number": 7784,
    "ENFERMEDAD_precision": 0.6690929451287794,
    "ENFERMEDAD_recall": 0.7676002055498459,
    "epoch": 10.0,
    "eval_ENFERMEDAD_f1": 0.7082934827162182,
    "eval_ENFERMEDAD_number": 10305,
    "eval_ENFERMEDAD_precision": 0.6673532440782698,
    "eval_ENFERMEDAD_recall": 0.754585152838428,
    "eval_loss": 0.2166898101568222,
    "eval_overall_accuracy": 0.9623894492657568,
    "eval_overall_f1": 0.7082934827162182,
    "eval_overall_precision": 0.6673532440782698,
    "eval_overall_recall": 0.754585152838428,
    "eval_runtime": 20.2105,
    "eval_samples_per_second": 14.695,
    "eval_steps_per_second": 3.711,
    "overall_accuracy": 0.9633822161908173,
    "overall_f1": 0.7149694866578917,
    "overall_precision": 0.6690929451287794,
    "overall_recall": 0.7676002055498459,
    "total_flos": 4615462244332800.0,
    "train_loss": 0.029669686794281006,
    "train_runtime": 1734.2346,
    "train_samples_per_second": 5.766,
    "train_steps_per_second": 0.721
}