{
    "ENFERMEDAD_f1": 0.7129629629629629,
    "ENFERMEDAD_number": 7784,
    "ENFERMEDAD_precision": 0.6779425393883225,
    "ENFERMEDAD_recall": 0.7517985611510791,
    "epoch": 10.0,
    "eval_ENFERMEDAD_f1": 0.7085918763561613,
    "eval_ENFERMEDAD_number": 12488,
    "eval_ENFERMEDAD_precision": 0.6753501197300631,
    "eval_ENFERMEDAD_recall": 0.745275464445868,
    "eval_loss": 0.2091386914253235,
    "eval_overall_accuracy": 0.9654508326000697,
    "eval_overall_f1": 0.7085918763561613,
    "eval_overall_precision": 0.6753501197300631,
    "eval_overall_recall": 0.745275464445868,
    "eval_runtime": 15.2384,
    "eval_samples_per_second": 68.511,
    "eval_steps_per_second": 8.597,
    "overall_accuracy": 0.9658203349620317,
    "overall_f1": 0.7129629629629629,
    "overall_precision": 0.6779425393883225,
    "overall_recall": 0.7517985611510791,
    "total_flos": 3679026272204544.0,
    "train_loss": 0.02673781296510375,
    "train_runtime": 784.0169,
    "train_samples_per_second": 18.074,
    "train_steps_per_second": 2.27
}