{
    "epoch": 10.0,
    "eval_ENFERMEDAD_f1": 0.6702152279564915,
    "eval_ENFERMEDAD_number": 12663,
    "eval_ENFERMEDAD_precision": 0.6550554173263967,
    "eval_ENFERMEDAD_recall": 0.6860933428097608,
    "eval_loss": 0.2657391428947449,
    "eval_overall_accuracy": 0.9547201961639964,
    "eval_overall_f1": 0.6702152279564915,
    "eval_overall_precision": 0.6550554173263967,
    "eval_overall_recall": 0.6860933428097608,
    "eval_runtime": 19.0987,
    "eval_samples_per_second": 74.036,
    "eval_steps_per_second": 9.268
}