{
    "FAMILIAR_f1": 0.6728971962616823,
    "FAMILIAR_number": 51,
    "FAMILIAR_precision": 0.6428571428571429,
    "FAMILIAR_recall": 0.7058823529411765,
    "OTROS_f1": 0.7148014440433214,
    "OTROS_number": 148,
    "OTROS_precision": 0.7674418604651163,
    "OTROS_recall": 0.668918918918919,
    "PACIENTE_f1": 0.6971235194585448,
    "PACIENTE_number": 590,
    "PACIENTE_precision": 0.6959459459459459,
    "PACIENTE_recall": 0.6983050847457627,
    "SANITARIO_f1": 0.8957654723127036,
    "SANITARIO_number": 302,
    "SANITARIO_precision": 0.8814102564102564,
    "SANITARIO_recall": 0.9105960264900662,
    "epoch": 10.0,
    "eval_FAMILIAR_f1": 0.7666666666666667,
    "eval_FAMILIAR_number": 57,
    "eval_FAMILIAR_precision": 0.7301587301587301,
    "eval_FAMILIAR_recall": 0.8070175438596491,
    "eval_OTROS_f1": 0.7612903225806452,
    "eval_OTROS_number": 160,
    "eval_OTROS_precision": 0.7866666666666666,
    "eval_OTROS_recall": 0.7375,
    "eval_PACIENTE_f1": 0.6763925729442971,
    "eval_PACIENTE_number": 351,
    "eval_PACIENTE_precision": 0.6327543424317618,
    "eval_PACIENTE_recall": 0.7264957264957265,
    "eval_SANITARIO_f1": 0.8722044728434506,
    "eval_SANITARIO_number": 306,
    "eval_SANITARIO_precision": 0.853125,
    "eval_SANITARIO_recall": 0.8921568627450981,
    "eval_loss": 0.018808340653777122,
    "eval_overall_accuracy": 0.9969825075063861,
    "eval_overall_f1": 0.7646408839779005,
    "eval_overall_precision": 0.7393162393162394,
    "eval_overall_recall": 0.7917620137299771,
    "eval_runtime": 17.8227,
    "eval_samples_per_second": 42.698,
    "eval_steps_per_second": 5.386,
    "overall_accuracy": 0.9964323566338926,
    "overall_f1": 0.7541284403669725,
    "overall_precision": 0.7548209366391184,
    "overall_recall": 0.7534372135655362,
    "total_flos": 2.968217991794688e+16,
    "train_loss": 0.006219917766749859,
    "train_runtime": 3182.7439,
    "train_samples_per_second": 10.042,
    "train_steps_per_second": 1.257
}