{
    "epoch": 10.0,
    "eval_FAMILIAR_f1": 0.7666666666666667,
    "eval_FAMILIAR_number": 57,
    "eval_FAMILIAR_precision": 0.7301587301587301,
    "eval_FAMILIAR_recall": 0.8070175438596491,
    "eval_OTROS_f1": 0.7612903225806452,
    "eval_OTROS_number": 160,
    "eval_OTROS_precision": 0.7866666666666666,
    "eval_OTROS_recall": 0.7375,
    "eval_PACIENTE_f1": 0.6763925729442971,
    "eval_PACIENTE_number": 351,
    "eval_PACIENTE_precision": 0.6327543424317618,
    "eval_PACIENTE_recall": 0.7264957264957265,
    "eval_SANITARIO_f1": 0.8722044728434506,
    "eval_SANITARIO_number": 306,
    "eval_SANITARIO_precision": 0.853125,
    "eval_SANITARIO_recall": 0.8921568627450981,
    "eval_loss": 0.018808340653777122,
    "eval_overall_accuracy": 0.9969825075063861,
    "eval_overall_f1": 0.7646408839779005,
    "eval_overall_precision": 0.7393162393162394,
    "eval_overall_recall": 0.7917620137299771,
    "eval_runtime": 17.8227,
    "eval_samples_per_second": 42.698,
    "eval_steps_per_second": 5.386
}