{
    "NORMALIZABLES_f1": 0.9181677817807515,
    "NORMALIZABLES_number": 961,
    "NORMALIZABLES_precision": 0.9083503054989817,
    "NORMALIZABLES_recall": 0.9281997918834547,
    "NO_NORMALIZABLES_f1": 0.14285714285714288,
    "NO_NORMALIZABLES_number": 10,
    "NO_NORMALIZABLES_precision": 0.25,
    "NO_NORMALIZABLES_recall": 0.1,
    "PROTEINAS_f1": 0.8438769587928032,
    "PROTEINAS_number": 835,
    "PROTEINAS_precision": 0.8186936936936937,
    "PROTEINAS_recall": 0.8706586826347306,
    "UNCLEAR_f1": 0.8181818181818182,
    "UNCLEAR_number": 34,
    "UNCLEAR_precision": 0.84375,
    "UNCLEAR_recall": 0.7941176470588235,
    "epoch": 10.0,
    "eval_NORMALIZABLES_f1": 0.9135472370766489,
    "eval_NORMALIZABLES_number": 1104,
    "eval_NORMALIZABLES_precision": 0.8991228070175439,
    "eval_NORMALIZABLES_recall": 0.9284420289855072,
    "eval_NO_NORMALIZABLES_f1": 0.2,
    "eval_NO_NORMALIZABLES_number": 16,
    "eval_NO_NORMALIZABLES_precision": 0.5,
    "eval_NO_NORMALIZABLES_recall": 0.125,
    "eval_PROTEINAS_f1": 0.8824324324324324,
    "eval_PROTEINAS_number": 736,
    "eval_PROTEINAS_precision": 0.8776881720430108,
    "eval_PROTEINAS_recall": 0.8872282608695652,
    "eval_UNCLEAR_f1": 0.8510638297872342,
    "eval_UNCLEAR_number": 44,
    "eval_UNCLEAR_precision": 0.8,
    "eval_UNCLEAR_recall": 0.9090909090909091,
    "eval_loss": 0.04574523866176605,
    "eval_overall_accuracy": 0.9944366680634433,
    "eval_overall_f1": 0.8963001563314227,
    "eval_overall_precision": 0.8875128998968008,
    "eval_overall_recall": 0.9052631578947369,
    "eval_runtime": 7.3655,
    "eval_samples_per_second": 514.152,
    "eval_steps_per_second": 64.354,
    "overall_accuracy": 0.9949868005812904,
    "overall_f1": 0.8793379604911906,
    "overall_precision": 0.8641133263378804,
    "overall_recall": 0.8951086956521739,
    "total_flos": 2732201968425696.0,
    "train_loss": 0.008374022704529903,
    "train_runtime": 831.6565,
    "train_samples_per_second": 97.745,
    "train_steps_per_second": 12.229
}