{
    "epoch": 10.0,
    "eval_NORMALIZABLES_f1": 0.9135472370766489,
    "eval_NORMALIZABLES_number": 1104,
    "eval_NORMALIZABLES_precision": 0.8991228070175439,
    "eval_NORMALIZABLES_recall": 0.9284420289855072,
    "eval_NO_NORMALIZABLES_f1": 0.2,
    "eval_NO_NORMALIZABLES_number": 16,
    "eval_NO_NORMALIZABLES_precision": 0.5,
    "eval_NO_NORMALIZABLES_recall": 0.125,
    "eval_PROTEINAS_f1": 0.8824324324324324,
    "eval_PROTEINAS_number": 736,
    "eval_PROTEINAS_precision": 0.8776881720430108,
    "eval_PROTEINAS_recall": 0.8872282608695652,
    "eval_UNCLEAR_f1": 0.8510638297872342,
    "eval_UNCLEAR_number": 44,
    "eval_UNCLEAR_precision": 0.8,
    "eval_UNCLEAR_recall": 0.9090909090909091,
    "eval_loss": 0.04574523866176605,
    "eval_overall_accuracy": 0.9944366680634433,
    "eval_overall_f1": 0.8963001563314227,
    "eval_overall_precision": 0.8875128998968008,
    "eval_overall_recall": 0.9052631578947369,
    "eval_runtime": 7.3655,
    "eval_samples_per_second": 514.152,
    "eval_steps_per_second": 64.354
}