{
    "NORMALIZABLES_f1": 0.9181677817807515,
    "NORMALIZABLES_number": 961,
    "NORMALIZABLES_precision": 0.9083503054989817,
    "NORMALIZABLES_recall": 0.9281997918834547,
    "NO_NORMALIZABLES_f1": 0.14285714285714288,
    "NO_NORMALIZABLES_number": 10,
    "NO_NORMALIZABLES_precision": 0.25,
    "NO_NORMALIZABLES_recall": 0.1,
    "PROTEINAS_f1": 0.8438769587928032,
    "PROTEINAS_number": 835,
    "PROTEINAS_precision": 0.8186936936936937,
    "PROTEINAS_recall": 0.8706586826347306,
    "UNCLEAR_f1": 0.8181818181818182,
    "UNCLEAR_number": 34,
    "UNCLEAR_precision": 0.84375,
    "UNCLEAR_recall": 0.7941176470588235,
    "overall_accuracy": 0.9949868005812904,
    "overall_f1": 0.8793379604911906,
    "overall_precision": 0.8641133263378804,
    "overall_recall": 0.8951086956521739
}