{
    "epoch": 10.0,
    "eval_NORMALIZABLES_f1": 0.9009329187027987,
    "eval_NORMALIZABLES_number": 1122,
    "eval_NORMALIZABLES_precision": 0.8981399468556245,
    "eval_NORMALIZABLES_recall": 0.9037433155080213,
    "eval_NO_NORMALIZABLES_f1": 0.12903225806451615,
    "eval_NO_NORMALIZABLES_number": 16,
    "eval_NO_NORMALIZABLES_precision": 0.13333333333333333,
    "eval_NO_NORMALIZABLES_recall": 0.125,
    "eval_PROTEINAS_f1": 0.8637236084452974,
    "eval_PROTEINAS_number": 757,
    "eval_PROTEINAS_precision": 0.8374689826302729,
    "eval_PROTEINAS_recall": 0.8916776750330251,
    "eval_UNCLEAR_f1": 0.780952380952381,
    "eval_UNCLEAR_number": 44,
    "eval_UNCLEAR_precision": 0.6721311475409836,
    "eval_UNCLEAR_recall": 0.9318181818181818,
    "eval_loss": 0.04034712165594101,
    "eval_overall_accuracy": 0.9946089036030494,
    "eval_overall_f1": 0.8769620253164557,
    "eval_overall_precision": 0.8612630532073595,
    "eval_overall_recall": 0.8932439401753481,
    "eval_runtime": 16.7932,
    "eval_samples_per_second": 225.508,
    "eval_steps_per_second": 14.113
}