{
    "NORMALIZABLES_f1": 0.9127105666156202,
    "NORMALIZABLES_number": 978,
    "NORMALIZABLES_precision": 0.9113149847094801,
    "NORMALIZABLES_recall": 0.9141104294478528,
    "NO_NORMALIZABLES_f1": 0.11111111111111112,
    "NO_NORMALIZABLES_number": 10,
    "NO_NORMALIZABLES_precision": 0.125,
    "NO_NORMALIZABLES_recall": 0.1,
    "PROTEINAS_f1": 0.8552559163456247,
    "PROTEINAS_number": 869,
    "PROTEINAS_precision": 0.819620253164557,
    "PROTEINAS_recall": 0.8941311852704258,
    "UNCLEAR_f1": 0.7469879518072288,
    "UNCLEAR_number": 35,
    "UNCLEAR_precision": 0.6458333333333334,
    "UNCLEAR_recall": 0.8857142857142857,
    "overall_accuracy": 0.9949093095500551,
    "overall_f1": 0.878514315192159,
    "overall_precision": 0.8579345088161209,
    "overall_recall": 0.9001057082452432
}