{
    "SINTOMA_f1": 0.6951066499372647,
    "SINTOMA_number": 3081,
    "SINTOMA_precision": 0.6725341426403642,
    "SINTOMA_recall": 0.7192469977280104,
    "epoch": 9.87248322147651,
    "eval_SINTOMA_f1": 0.6722990271377368,
    "eval_SINTOMA_number": 1827,
    "eval_SINTOMA_precision": 0.6315536315536315,
    "eval_SINTOMA_recall": 0.7186644772851669,
    "eval_loss": 0.31904521584510803,
    "eval_overall_accuracy": 0.9465461413923367,
    "eval_overall_f1": 0.6722990271377368,
    "eval_overall_precision": 0.6315536315536315,
    "eval_overall_recall": 0.7186644772851669,
    "eval_runtime": 6.5906,
    "eval_samples_per_second": 22.608,
    "eval_steps_per_second": 5.766,
    "overall_accuracy": 0.9435120368789482,
    "overall_f1": 0.6951066499372647,
    "overall_precision": 0.6725341426403642,
    "overall_recall": 0.7192469977280104,
    "total_flos": 2700586367156160.0,
    "train_loss": 0.05521705988291148,
    "train_runtime": 1192.9799,
    "train_samples_per_second": 4.988,
    "train_steps_per_second": 0.62
}