{
    "DIAGNOSTICO_f1": 0.6856901883609784,
    "DIAGNOSTICO_number": 3491,
    "DIAGNOSTICO_precision": 0.6731990063483301,
    "DIAGNOSTICO_recall": 0.6986536808937267,
    "PROCEDIMIENTO_f1": 0.587598834789846,
    "PROCEDIMIENTO_number": 1241,
    "PROCEDIMIENTO_precision": 0.6075731497418244,
    "PROCEDIMIENTO_recall": 0.5688960515713135,
    "epoch": 10.0,
    "eval_DIAGNOSTICO_f1": 0.6713440638327142,
    "eval_DIAGNOSTICO_number": 3586,
    "eval_DIAGNOSTICO_precision": 0.6625033939723052,
    "eval_DIAGNOSTICO_recall": 0.6804238706079196,
    "eval_PROCEDIMIENTO_f1": 0.5944645006016847,
    "eval_PROCEDIMIENTO_number": 1299,
    "eval_PROCEDIMIENTO_precision": 0.6206030150753769,
    "eval_PROCEDIMIENTO_recall": 0.5704387990762124,
    "eval_loss": 0.22795304656028748,
    "eval_overall_accuracy": 0.9558349699275807,
    "eval_overall_f1": 0.6517107150174144,
    "eval_overall_precision": 0.6522452327250359,
    "eval_overall_recall": 0.6511770726714432,
    "eval_runtime": 4.7068,
    "eval_samples_per_second": 74.785,
    "eval_steps_per_second": 4.674,
    "overall_accuracy": 0.9559755353754404,
    "overall_f1": 0.6609225596301356,
    "overall_precision": 0.6572622779519331,
    "overall_recall": 0.6646238377007607,
    "total_flos": 1846193314180800.0,
    "train_loss": 0.05852286020914713,
    "train_runtime": 632.9552,
    "train_samples_per_second": 11.17,
    "train_steps_per_second": 0.711
}