{
    "epoch": 10.0,
    "eval_DIAGNOSTICO_f1": 0.6713440638327142,
    "eval_DIAGNOSTICO_number": 3586,
    "eval_DIAGNOSTICO_precision": 0.6625033939723052,
    "eval_DIAGNOSTICO_recall": 0.6804238706079196,
    "eval_PROCEDIMIENTO_f1": 0.5944645006016847,
    "eval_PROCEDIMIENTO_number": 1299,
    "eval_PROCEDIMIENTO_precision": 0.6206030150753769,
    "eval_PROCEDIMIENTO_recall": 0.5704387990762124,
    "eval_loss": 0.22795304656028748,
    "eval_overall_accuracy": 0.9558349699275807,
    "eval_overall_f1": 0.6517107150174144,
    "eval_overall_precision": 0.6522452327250359,
    "eval_overall_recall": 0.6511770726714432,
    "eval_runtime": 4.7068,
    "eval_samples_per_second": 74.785,
    "eval_steps_per_second": 4.674
}