{
    "DIAGNOSTICO_f1": 0.6856901883609784,
    "DIAGNOSTICO_number": 3491,
    "DIAGNOSTICO_precision": 0.6731990063483301,
    "DIAGNOSTICO_recall": 0.6986536808937267,
    "PROCEDIMIENTO_f1": 0.587598834789846,
    "PROCEDIMIENTO_number": 1241,
    "PROCEDIMIENTO_precision": 0.6075731497418244,
    "PROCEDIMIENTO_recall": 0.5688960515713135,
    "overall_accuracy": 0.9559755353754404,
    "overall_f1": 0.6609225596301356,
    "overall_precision": 0.6572622779519331,
    "overall_recall": 0.6646238377007607
}