{
    "NORMALIZABLES_f1": 0.9250780437044746,
    "NORMALIZABLES_number": 961,
    "NORMALIZABLES_precision": 0.9250780437044746,
    "NORMALIZABLES_recall": 0.9250780437044746,
    "NO_NORMALIZABLES_f1": 0.07407407407407408,
    "NO_NORMALIZABLES_number": 10,
    "NO_NORMALIZABLES_precision": 0.058823529411764705,
    "NO_NORMALIZABLES_recall": 0.1,
    "PROTEINAS_f1": 0.8551236749116607,
    "PROTEINAS_number": 835,
    "PROTEINAS_precision": 0.8412514484356894,
    "PROTEINAS_recall": 0.8694610778443114,
    "UNCLEAR_f1": 0.8358208955223881,
    "UNCLEAR_number": 34,
    "UNCLEAR_precision": 0.8484848484848485,
    "UNCLEAR_recall": 0.8235294117647058,
    "epoch": 9.990654205607477,
    "eval_NORMALIZABLES_f1": 0.9217391304347826,
    "eval_NORMALIZABLES_number": 1104,
    "eval_NORMALIZABLES_precision": 0.9315448658649399,
    "eval_NORMALIZABLES_recall": 0.9121376811594203,
    "eval_NO_NORMALIZABLES_f1": 0.12903225806451615,
    "eval_NO_NORMALIZABLES_number": 16,
    "eval_NO_NORMALIZABLES_precision": 0.13333333333333333,
    "eval_NO_NORMALIZABLES_recall": 0.125,
    "eval_PROTEINAS_f1": 0.9000679809653297,
    "eval_PROTEINAS_number": 736,
    "eval_PROTEINAS_precision": 0.9006802721088435,
    "eval_PROTEINAS_recall": 0.8994565217391305,
    "eval_UNCLEAR_f1": 0.8791208791208791,
    "eval_UNCLEAR_number": 44,
    "eval_UNCLEAR_precision": 0.851063829787234,
    "eval_UNCLEAR_recall": 0.9090909090909091,
    "eval_loss": 0.03544912859797478,
    "eval_overall_accuracy": 0.9947665451173738,
    "eval_overall_f1": 0.9057702488088936,
    "eval_overall_precision": 0.9110756123535676,
    "eval_overall_recall": 0.9005263157894737,
    "eval_runtime": 113.3263,
    "eval_samples_per_second": 33.417,
    "eval_steps_per_second": 8.356,
    "overall_accuracy": 0.9950641913098811,
    "overall_f1": 0.8852988691437803,
    "overall_precision": 0.8772678762006404,
    "overall_recall": 0.8934782608695652,
    "total_flos": 2832324460224480.0,
    "train_loss": 0.009423956909312272,
    "train_runtime": 11098.9189,
    "train_samples_per_second": 7.324,
    "train_steps_per_second": 0.915
}