{
    "epoch": 9.990654205607477,
    "eval_NORMALIZABLES_f1": 0.9217391304347826,
    "eval_NORMALIZABLES_number": 1104,
    "eval_NORMALIZABLES_precision": 0.9315448658649399,
    "eval_NORMALIZABLES_recall": 0.9121376811594203,
    "eval_NO_NORMALIZABLES_f1": 0.12903225806451615,
    "eval_NO_NORMALIZABLES_number": 16,
    "eval_NO_NORMALIZABLES_precision": 0.13333333333333333,
    "eval_NO_NORMALIZABLES_recall": 0.125,
    "eval_PROTEINAS_f1": 0.9000679809653297,
    "eval_PROTEINAS_number": 736,
    "eval_PROTEINAS_precision": 0.9006802721088435,
    "eval_PROTEINAS_recall": 0.8994565217391305,
    "eval_UNCLEAR_f1": 0.8791208791208791,
    "eval_UNCLEAR_number": 44,
    "eval_UNCLEAR_precision": 0.851063829787234,
    "eval_UNCLEAR_recall": 0.9090909090909091,
    "eval_loss": 0.03544912859797478,
    "eval_overall_accuracy": 0.9947665451173738,
    "eval_overall_f1": 0.9057702488088936,
    "eval_overall_precision": 0.9110756123535676,
    "eval_overall_recall": 0.9005263157894737,
    "eval_runtime": 113.3263,
    "eval_samples_per_second": 33.417,
    "eval_steps_per_second": 8.356
}