{
    "NORMALIZABLES_f1": 0.9250780437044746,
    "NORMALIZABLES_number": 961,
    "NORMALIZABLES_precision": 0.9250780437044746,
    "NORMALIZABLES_recall": 0.9250780437044746,
    "NO_NORMALIZABLES_f1": 0.07407407407407408,
    "NO_NORMALIZABLES_number": 10,
    "NO_NORMALIZABLES_precision": 0.058823529411764705,
    "NO_NORMALIZABLES_recall": 0.1,
    "PROTEINAS_f1": 0.8551236749116607,
    "PROTEINAS_number": 835,
    "PROTEINAS_precision": 0.8412514484356894,
    "PROTEINAS_recall": 0.8694610778443114,
    "UNCLEAR_f1": 0.8358208955223881,
    "UNCLEAR_number": 34,
    "UNCLEAR_precision": 0.8484848484848485,
    "UNCLEAR_recall": 0.8235294117647058,
    "overall_accuracy": 0.9950641913098811,
    "overall_f1": 0.8852988691437803,
    "overall_precision": 0.8772678762006404,
    "overall_recall": 0.8934782608695652
}