{
    "epoch": 9.990654205607477,
    "total_flos": 2832324460224480.0,
    "train_loss": 0.009423956909312272,
    "train_runtime": 11098.9189,
    "train_samples_per_second": 7.324,
    "train_steps_per_second": 0.915
}