{
    "ENFERMEDAD_f1": 0.7134161490683231,
    "ENFERMEDAD_number": 7784,
    "ENFERMEDAD_precision": 0.6905964405964405,
    "ENFERMEDAD_recall": 0.7377954779033916,
    "epoch": 10.0,
    "eval_ENFERMEDAD_f1": 0.7130311614730878,
    "eval_ENFERMEDAD_number": 10305,
    "eval_ENFERMEDAD_precision": 0.6943448275862069,
    "eval_ENFERMEDAD_recall": 0.7327510917030567,
    "eval_loss": 0.21013957262039185,
    "eval_overall_accuracy": 0.9644580683912927,
    "eval_overall_f1": 0.7130311614730878,
    "eval_overall_precision": 0.6943448275862069,
    "eval_overall_recall": 0.7327510917030567,
    "eval_runtime": 20.1751,
    "eval_samples_per_second": 14.721,
    "eval_steps_per_second": 3.717,
    "overall_accuracy": 0.9650120098707665,
    "overall_f1": 0.7134161490683231,
    "overall_precision": 0.6905964405964405,
    "overall_recall": 0.7377954779033916,
    "total_flos": 4615462244332800.0,
    "train_loss": 0.03031534523963928,
    "train_runtime": 1729.0171,
    "train_samples_per_second": 5.784,
    "train_steps_per_second": 0.723
}