{
    "ACTIVIDAD_f1": 0.23728813559322032,
    "ACTIVIDAD_number": 28,
    "ACTIVIDAD_precision": 0.22580645161290322,
    "ACTIVIDAD_recall": 0.25,
    "PROFESION_f1": 0.8408927285817135,
    "PROFESION_number": 696,
    "PROFESION_precision": 0.8427128427128427,
    "PROFESION_recall": 0.8390804597701149,
    "SITUACION_LABORAL_f1": 0.6508172362555721,
    "SITUACION_LABORAL_number": 356,
    "SITUACION_LABORAL_precision": 0.6908517350157729,
    "SITUACION_LABORAL_recall": 0.6151685393258427,
    "epoch": 10.0,
    "eval_ACTIVIDAD_f1": 0.3255813953488372,
    "eval_ACTIVIDAD_number": 20,
    "eval_ACTIVIDAD_precision": 0.30434782608695654,
    "eval_ACTIVIDAD_recall": 0.35,
    "eval_PROFESION_f1": 0.8494809688581315,
    "eval_PROFESION_number": 559,
    "eval_PROFESION_precision": 0.8224455611390284,
    "eval_PROFESION_recall": 0.8783542039355993,
    "eval_SITUACION_LABORAL_f1": 0.6683168316831682,
    "eval_SITUACION_LABORAL_number": 197,
    "eval_SITUACION_LABORAL_precision": 0.6521739130434783,
    "eval_SITUACION_LABORAL_recall": 0.6852791878172588,
    "eval_loss": 0.013561955653131008,
    "eval_overall_accuracy": 0.9973560216606678,
    "eval_overall_f1": 0.7897691827822833,
    "eval_overall_precision": 0.7654171704957679,
    "eval_overall_recall": 0.8157216494845361,
    "eval_runtime": 11.4994,
    "eval_samples_per_second": 76.004,
    "eval_steps_per_second": 9.566,
    "overall_accuracy": 0.996076739208194,
    "overall_f1": 0.7637906647807639,
    "overall_precision": 0.7780979827089337,
    "overall_recall": 0.75,
    "total_flos": 9349364780779392.0,
    "train_loss": 0.006908389686473778,
    "train_runtime": 1736.5138,
    "train_samples_per_second": 20.605,
    "train_steps_per_second": 2.58
}