{
    "epoch": 10.0,
    "eval_ACTIVIDAD_f1": 0.3255813953488372,
    "eval_ACTIVIDAD_number": 20,
    "eval_ACTIVIDAD_precision": 0.30434782608695654,
    "eval_ACTIVIDAD_recall": 0.35,
    "eval_PROFESION_f1": 0.8494809688581315,
    "eval_PROFESION_number": 559,
    "eval_PROFESION_precision": 0.8224455611390284,
    "eval_PROFESION_recall": 0.8783542039355993,
    "eval_SITUACION_LABORAL_f1": 0.6683168316831682,
    "eval_SITUACION_LABORAL_number": 197,
    "eval_SITUACION_LABORAL_precision": 0.6521739130434783,
    "eval_SITUACION_LABORAL_recall": 0.6852791878172588,
    "eval_loss": 0.013561955653131008,
    "eval_overall_accuracy": 0.9973560216606678,
    "eval_overall_f1": 0.7897691827822833,
    "eval_overall_precision": 0.7654171704957679,
    "eval_overall_recall": 0.8157216494845361,
    "eval_runtime": 11.4994,
    "eval_samples_per_second": 76.004,
    "eval_steps_per_second": 9.566
}