{
    "ACTIVIDAD_f1": 0.23728813559322032,
    "ACTIVIDAD_number": 28,
    "ACTIVIDAD_precision": 0.22580645161290322,
    "ACTIVIDAD_recall": 0.25,
    "PROFESION_f1": 0.8408927285817135,
    "PROFESION_number": 696,
    "PROFESION_precision": 0.8427128427128427,
    "PROFESION_recall": 0.8390804597701149,
    "SITUACION_LABORAL_f1": 0.6508172362555721,
    "SITUACION_LABORAL_number": 356,
    "SITUACION_LABORAL_precision": 0.6908517350157729,
    "SITUACION_LABORAL_recall": 0.6151685393258427,
    "overall_accuracy": 0.996076739208194,
    "overall_f1": 0.7637906647807639,
    "overall_precision": 0.7780979827089337,
    "overall_recall": 0.75
}