{
    "PROCEDIMIENTO_f1": 0.7561904761904763,
    "PROCEDIMIENTO_number": 3542,
    "PROCEDIMIENTO_precision": 0.7297794117647058,
    "PROCEDIMIENTO_recall": 0.7845849802371542,
    "epoch": 9.746666666666666,
    "eval_PROCEDIMIENTO_f1": 0.7627157652474108,
    "eval_PROCEDIMIENTO_number": 2084,
    "eval_PROCEDIMIENTO_precision": 0.7328615656789031,
    "eval_PROCEDIMIENTO_recall": 0.79510556621881,
    "eval_loss": 0.15507039427757263,
    "eval_overall_accuracy": 0.9681564814949571,
    "eval_overall_f1": 0.7627157652474108,
    "eval_overall_precision": 0.7328615656789031,
    "eval_overall_recall": 0.79510556621881,
    "eval_runtime": 4.3711,
    "eval_samples_per_second": 34.316,
    "eval_steps_per_second": 8.693,
    "overall_accuracy": 0.9643503500085367,
    "overall_f1": 0.7561904761904763,
    "overall_precision": 0.7297794117647058,
    "overall_recall": 0.7845849802371542,
    "total_flos": 2712594530204496.0,
    "train_loss": 0.05966709755562447,
    "train_runtime": 799.0734,
    "train_samples_per_second": 7.496,
    "train_steps_per_second": 0.463
}