{
    "epoch": 9.746666666666666,
    "total_flos": 2712594530204496.0,
    "train_loss": 0.05966709755562447,
    "train_runtime": 799.0734,
    "train_samples_per_second": 7.496,
    "train_steps_per_second": 0.463
}