{
    "FAMILIAR_f1": 0.24691358024691354,
    "FAMILIAR_number": 51,
    "FAMILIAR_precision": 0.3333333333333333,
    "FAMILIAR_recall": 0.19607843137254902,
    "OTROS_f1": 0.6354515050167224,
    "OTROS_number": 146,
    "OTROS_precision": 0.6209150326797386,
    "OTROS_recall": 0.6506849315068494,
    "PACIENTE_f1": 0.5976430976430976,
    "PACIENTE_number": 590,
    "PACIENTE_precision": 0.5936454849498328,
    "PACIENTE_recall": 0.6016949152542372,
    "SANITARIO_f1": 0.8933333333333333,
    "SANITARIO_number": 291,
    "SANITARIO_precision": 0.8673139158576052,
    "SANITARIO_recall": 0.9209621993127147,
    "epoch": 9.97338403041825,
    "eval_FAMILIAR_f1": 0.463768115942029,
    "eval_FAMILIAR_number": 41,
    "eval_FAMILIAR_precision": 0.5714285714285714,
    "eval_FAMILIAR_recall": 0.3902439024390244,
    "eval_OTROS_f1": 0.7578125,
    "eval_OTROS_number": 132,
    "eval_OTROS_precision": 0.782258064516129,
    "eval_OTROS_recall": 0.7348484848484849,
    "eval_PACIENTE_f1": 0.5910364145658263,
    "eval_PACIENTE_number": 326,
    "eval_PACIENTE_precision": 0.5438144329896907,
    "eval_PACIENTE_recall": 0.647239263803681,
    "eval_SANITARIO_f1": 0.8520000000000001,
    "eval_SANITARIO_number": 239,
    "eval_SANITARIO_precision": 0.8160919540229885,
    "eval_SANITARIO_recall": 0.891213389121339,
    "eval_loss": 0.019445592537522316,
    "eval_overall_accuracy": 0.995946588228964,
    "eval_overall_f1": 0.6978557504873295,
    "eval_overall_precision": 0.6704119850187266,
    "eval_overall_recall": 0.7276422764227642,
    "eval_runtime": 15.6083,
    "eval_samples_per_second": 16.466,
    "eval_steps_per_second": 4.164,
    "overall_accuracy": 0.9948128224832583,
    "overall_f1": 0.6715867158671587,
    "overall_precision": 0.6678899082568808,
    "overall_recall": 0.6753246753246753,
    "total_flos": 9865065149155584.0,
    "train_loss": 0.02967705428600311,
    "train_runtime": 2693.2372,
    "train_samples_per_second": 3.906,
    "train_steps_per_second": 0.119
}