{
    "epoch": 9.97338403041825,
    "eval_FAMILIAR_f1": 0.463768115942029,
    "eval_FAMILIAR_number": 41,
    "eval_FAMILIAR_precision": 0.5714285714285714,
    "eval_FAMILIAR_recall": 0.3902439024390244,
    "eval_OTROS_f1": 0.7578125,
    "eval_OTROS_number": 132,
    "eval_OTROS_precision": 0.782258064516129,
    "eval_OTROS_recall": 0.7348484848484849,
    "eval_PACIENTE_f1": 0.5910364145658263,
    "eval_PACIENTE_number": 326,
    "eval_PACIENTE_precision": 0.5438144329896907,
    "eval_PACIENTE_recall": 0.647239263803681,
    "eval_SANITARIO_f1": 0.8520000000000001,
    "eval_SANITARIO_number": 239,
    "eval_SANITARIO_precision": 0.8160919540229885,
    "eval_SANITARIO_recall": 0.891213389121339,
    "eval_loss": 0.019445592537522316,
    "eval_overall_accuracy": 0.995946588228964,
    "eval_overall_f1": 0.6978557504873295,
    "eval_overall_precision": 0.6704119850187266,
    "eval_overall_recall": 0.7276422764227642,
    "eval_runtime": 15.6083,
    "eval_samples_per_second": 16.466,
    "eval_steps_per_second": 4.164
}