{
    "FAMILIAR_f1": 0.24691358024691354,
    "FAMILIAR_number": 51,
    "FAMILIAR_precision": 0.3333333333333333,
    "FAMILIAR_recall": 0.19607843137254902,
    "OTROS_f1": 0.6354515050167224,
    "OTROS_number": 146,
    "OTROS_precision": 0.6209150326797386,
    "OTROS_recall": 0.6506849315068494,
    "PACIENTE_f1": 0.5976430976430976,
    "PACIENTE_number": 590,
    "PACIENTE_precision": 0.5936454849498328,
    "PACIENTE_recall": 0.6016949152542372,
    "SANITARIO_f1": 0.8933333333333333,
    "SANITARIO_number": 291,
    "SANITARIO_precision": 0.8673139158576052,
    "SANITARIO_recall": 0.9209621993127147,
    "overall_accuracy": 0.9948128224832583,
    "overall_f1": 0.6715867158671587,
    "overall_precision": 0.6678899082568808,
    "overall_recall": 0.6753246753246753
}