{
    "epoch": 9.97338403041825,
    "total_flos": 9865065149155584.0,
    "train_loss": 0.02967705428600311,
    "train_runtime": 2693.2372,
    "train_samples_per_second": 3.906,
    "train_steps_per_second": 0.119
}