{
    "ACTIVIDAD_f1": 0.43333333333333335,
    "ACTIVIDAD_number": 30,
    "ACTIVIDAD_precision": 0.43333333333333335,
    "ACTIVIDAD_recall": 0.43333333333333335,
    "PROFESION_f1": 0.8508522727272727,
    "PROFESION_number": 706,
    "PROFESION_precision": 0.8532763532763533,
    "PROFESION_recall": 0.8484419263456091,
    "SITUACION_LABORAL_f1": 0.638655462184874,
    "SITUACION_LABORAL_number": 356,
    "SITUACION_LABORAL_precision": 0.6368715083798883,
    "SITUACION_LABORAL_recall": 0.6404494382022472,
    "overall_accuracy": 0.9964388788338306,
    "overall_f1": 0.76993583868011,
    "overall_precision": 0.7706422018348624,
    "overall_recall": 0.7692307692307693
}