{
    "ENFERMEDAD_f1": 0.7199417934881465,
    "ENFERMEDAD_number": 7784,
    "ENFERMEDAD_precision": 0.6817085773337926,
    "ENFERMEDAD_recall": 0.7627183967112025,
    "epoch": 10.0,
    "eval_ENFERMEDAD_f1": 0.7152630119256727,
    "eval_ENFERMEDAD_number": 10305,
    "eval_ENFERMEDAD_precision": 0.6829375937858593,
    "eval_ENFERMEDAD_recall": 0.7508005822416303,
    "eval_loss": 0.19442248344421387,
    "eval_overall_accuracy": 0.9644943145336675,
    "eval_overall_f1": 0.7152630119256727,
    "eval_overall_precision": 0.6829375937858593,
    "eval_overall_recall": 0.7508005822416303,
    "eval_runtime": 20.2111,
    "eval_samples_per_second": 14.695,
    "eval_steps_per_second": 3.711,
    "overall_accuracy": 0.9658597654542885,
    "overall_f1": 0.7199417934881465,
    "overall_precision": 0.6817085773337926,
    "overall_recall": 0.7627183967112025,
    "total_flos": 4615462244332800.0,
    "train_loss": 0.028454885482788086,
    "train_runtime": 1727.9908,
    "train_samples_per_second": 5.787,
    "train_steps_per_second": 0.723
}