{
    "ENFERMEDAD_f1": 0.7180581813746417,
    "ENFERMEDAD_number": 7784,
    "ENFERMEDAD_precision": 0.6835016835016835,
    "ENFERMEDAD_recall": 0.7562949640287769,
    "epoch": 10.0,
    "eval_ENFERMEDAD_f1": 0.7173144876325088,
    "eval_ENFERMEDAD_number": 10305,
    "eval_ENFERMEDAD_precision": 0.6885655627956797,
    "eval_ENFERMEDAD_recall": 0.7485686559922368,
    "eval_loss": 0.20869366824626923,
    "eval_overall_accuracy": 0.9649914044862368,
    "eval_overall_f1": 0.7173144876325088,
    "eval_overall_precision": 0.6885655627956797,
    "eval_overall_recall": 0.7485686559922368,
    "eval_runtime": 20.1695,
    "eval_samples_per_second": 14.725,
    "eval_steps_per_second": 3.718,
    "overall_accuracy": 0.9654161724163991,
    "overall_f1": 0.7180581813746417,
    "overall_precision": 0.6835016835016835,
    "overall_recall": 0.7562949640287769,
    "total_flos": 4615462244332800.0,
    "train_loss": 0.029652382802963256,
    "train_runtime": 1734.2703,
    "train_samples_per_second": 5.766,
    "train_steps_per_second": 0.721
}