{
    "MORFOLOGIA_NEOPLASIA_f1": 0.8077330508474576,
    "MORFOLOGIA_NEOPLASIA_number": 3562,
    "MORFOLOGIA_NEOPLASIA_precision": 0.7644110275689223,
    "MORFOLOGIA_NEOPLASIA_recall": 0.8562605277933745,
    "epoch": 10.0,
    "eval_MORFOLOGIA_NEOPLASIA_f1": 0.8115923320209126,
    "eval_MORFOLOGIA_NEOPLASIA_number": 7365,
    "eval_MORFOLOGIA_NEOPLASIA_precision": 0.7734990157480315,
    "eval_MORFOLOGIA_NEOPLASIA_recall": 0.8536320434487441,
    "eval_loss": 0.04192811995744705,
    "eval_overall_accuracy": 0.9903970314390181,
    "eval_overall_f1": 0.8115923320209126,
    "eval_overall_precision": 0.7734990157480315,
    "eval_overall_recall": 0.8536320434487441,
    "eval_runtime": 20.3237,
    "eval_samples_per_second": 66.72,
    "eval_steps_per_second": 8.365,
    "overall_accuracy": 0.990581955922865,
    "overall_f1": 0.8077330508474576,
    "overall_precision": 0.7644110275689223,
    "overall_recall": 0.8562605277933745,
    "total_flos": 3848695139276496.0,
    "train_loss": 0.018034960772540118,
    "train_runtime": 1002.9173,
    "train_samples_per_second": 14.687,
    "train_steps_per_second": 1.845
}