{
    "MORFOLOGIA_NEOPLASIA_f1": 0.8077330508474576,
    "MORFOLOGIA_NEOPLASIA_number": 3562,
    "MORFOLOGIA_NEOPLASIA_precision": 0.7644110275689223,
    "MORFOLOGIA_NEOPLASIA_recall": 0.8562605277933745,
    "overall_accuracy": 0.990581955922865,
    "overall_f1": 0.8077330508474576,
    "overall_precision": 0.7644110275689223,
    "overall_recall": 0.8562605277933745
}