{
    "ENFERMEDAD_f1": 0.725385418586082,
    "ENFERMEDAD_number": 7784,
    "ENFERMEDAD_precision": 0.6949511592326704,
    "ENFERMEDAD_recall": 0.7586073997944501,
    "epoch": 10.0,
    "eval_ENFERMEDAD_f1": 0.7217070401211203,
    "eval_ENFERMEDAD_number": 10184,
    "eval_ENFERMEDAD_precision": 0.6964024835646457,
    "eval_ENFERMEDAD_recall": 0.7489198743126473,
    "eval_loss": 0.20990502834320068,
    "eval_overall_accuracy": 0.9666811800994607,
    "eval_overall_f1": 0.7217070401211203,
    "eval_overall_precision": 0.6964024835646457,
    "eval_overall_recall": 0.7489198743126473,
    "eval_runtime": 16.5395,
    "eval_samples_per_second": 15.599,
    "eval_steps_per_second": 3.93,
    "overall_accuracy": 0.9659320546900928,
    "overall_f1": 0.725385418586082,
    "overall_precision": 0.6949511592326704,
    "overall_recall": 0.7586073997944501,
    "total_flos": 4615462244332800.0,
    "train_loss": 0.02722550995349884,
    "train_runtime": 1310.764,
    "train_samples_per_second": 7.629,
    "train_steps_per_second": 0.954
}