{
    "CALLE_f1": 0.9497607655502392,
    "CALLE_number": 413,
    "CALLE_precision": 0.9385342789598109,
    "CALLE_recall": 0.9612590799031477,
    "CENTRO_SALUD_f1": 0.3636363636363636,
    "CENTRO_SALUD_number": 6,
    "CENTRO_SALUD_precision": 0.4,
    "CENTRO_SALUD_recall": 0.3333333333333333,
    "CORREO_ELECTRONICO_f1": 0.9899799599198397,
    "CORREO_ELECTRONICO_number": 249,
    "CORREO_ELECTRONICO_precision": 0.988,
    "CORREO_ELECTRONICO_recall": 0.9919678714859438,
    "EDAD_SUJETO_ASISTENCIA_f1": 0.9808795411089866,
    "EDAD_SUJETO_ASISTENCIA_number": 518,
    "EDAD_SUJETO_ASISTENCIA_precision": 0.9715909090909091,
    "EDAD_SUJETO_ASISTENCIA_recall": 0.9903474903474904,
    "FAMILIARES_SUJETO_ASISTENCIA_f1": 0.7558139534883721,
    "FAMILIARES_SUJETO_ASISTENCIA_number": 81,
    "FAMILIARES_SUJETO_ASISTENCIA_precision": 0.7142857142857143,
    "FAMILIARES_SUJETO_ASISTENCIA_recall": 0.8024691358024691,
    "FECHAS_f1": 0.9885807504078303,
    "FECHAS_number": 611,
    "FECHAS_precision": 0.9853658536585366,
    "FECHAS_recall": 0.9918166939443536,
    "HOSPITAL_f1": 0.9160305343511451,
    "HOSPITAL_number": 130,
    "HOSPITAL_precision": 0.9090909090909091,
    "HOSPITAL_recall": 0.9230769230769231,
    "ID_ASEGURAMIENTO_f1": 0.9974683544303797,
    "ID_ASEGURAMIENTO_number": 198,
    "ID_ASEGURAMIENTO_precision": 1.0,
    "ID_ASEGURAMIENTO_recall": 0.9949494949494949,
    "ID_CONTACTO_ASISTENCIAL_f1": 1.0,
    "ID_CONTACTO_ASISTENCIAL_number": 39,
    "ID_CONTACTO_ASISTENCIAL_precision": 1.0,
    "ID_CONTACTO_ASISTENCIAL_recall": 1.0,
    "ID_SUJETO_ASISTENCIA_f1": 0.9877408056042032,
    "ID_SUJETO_ASISTENCIA_number": 283,
    "ID_SUJETO_ASISTENCIA_precision": 0.9791666666666666,
    "ID_SUJETO_ASISTENCIA_recall": 0.9964664310954063,
    "ID_TITULACION_PERSONAL_SANITARIO_f1": 0.9936305732484078,
    "ID_TITULACION_PERSONAL_SANITARIO_number": 234,
    "ID_TITULACION_PERSONAL_SANITARIO_precision": 0.9873417721518988,
    "ID_TITULACION_PERSONAL_SANITARIO_recall": 1.0,
    "INSTITUCION_f1": 0.4666666666666667,
    "INSTITUCION_number": 67,
    "INSTITUCION_precision": 0.42168674698795183,
    "INSTITUCION_recall": 0.5223880597014925,
    "NOMBRE_PERSONAL_SANITARIO_f1": 0.9940239043824701,
    "NOMBRE_PERSONAL_SANITARIO_number": 501,
    "NOMBRE_PERSONAL_SANITARIO_precision": 0.9920477137176938,
    "NOMBRE_PERSONAL_SANITARIO_recall": 0.9960079840319361,
    "NOMBRE_SUJETO_ASISTENCIA_f1": 1.0,
    "NOMBRE_SUJETO_ASISTENCIA_number": 502,
    "NOMBRE_SUJETO_ASISTENCIA_precision": 1.0,
    "NOMBRE_SUJETO_ASISTENCIA_recall": 1.0,
    "NUMERO_FAX_f1": 0.8571428571428571,
    "NUMERO_FAX_number": 7,
    "NUMERO_FAX_precision": 0.8571428571428571,
    "NUMERO_FAX_recall": 0.8571428571428571,
    "NUMERO_TELEFONO_f1": 0.830188679245283,
    "NUMERO_TELEFONO_number": 26,
    "NUMERO_TELEFONO_precision": 0.8148148148148148,
    "NUMERO_TELEFONO_recall": 0.8461538461538461,
    "OTROS_SUJETO_ASISTENCIA_f1": 0.0,
    "OTROS_SUJETO_ASISTENCIA_number": 7,
    "OTROS_SUJETO_ASISTENCIA_precision": 0.0,
    "OTROS_SUJETO_ASISTENCIA_recall": 0.0,
    "PAIS_f1": 0.986376021798365,
    "PAIS_number": 363,
    "PAIS_precision": 0.9757412398921833,
    "PAIS_recall": 0.9972451790633609,
    "PROFESION_f1": 0.5,
    "PROFESION_number": 9,
    "PROFESION_precision": 0.4,
    "PROFESION_recall": 0.6666666666666666,
    "SEXO_SUJETO_ASISTENCIA_f1": 0.9913419913419914,
    "SEXO_SUJETO_ASISTENCIA_number": 461,
    "SEXO_SUJETO_ASISTENCIA_precision": 0.9892008639308856,
    "SEXO_SUJETO_ASISTENCIA_recall": 0.9934924078091106,
    "TERRITORIO_f1": 0.9712793733681463,
    "TERRITORIO_number": 956,
    "TERRITORIO_precision": 0.9697601668404588,
    "TERRITORIO_recall": 0.9728033472803347,
    "epoch": 9.848,
    "eval_CALLE_f1": 0.9241379310344828,
    "eval_CALLE_number": 434,
    "eval_CALLE_precision": 0.9220183486238532,
    "eval_CALLE_recall": 0.9262672811059908,
    "eval_CENTRO_SALUD_f1": 0.0,
    "eval_CENTRO_SALUD_number": 2,
    "eval_CENTRO_SALUD_precision": 0.0,
    "eval_CENTRO_SALUD_recall": 0.0,
    "eval_CORREO_ELECTRONICO_f1": 0.9914529914529914,
    "eval_CORREO_ELECTRONICO_number": 235,
    "eval_CORREO_ELECTRONICO_precision": 0.9957081545064378,
    "eval_CORREO_ELECTRONICO_recall": 0.9872340425531915,
    "eval_EDAD_SUJETO_ASISTENCIA_f1": 0.9698149951314508,
    "eval_EDAD_SUJETO_ASISTENCIA_number": 521,
    "eval_EDAD_SUJETO_ASISTENCIA_precision": 0.9841897233201581,
    "eval_EDAD_SUJETO_ASISTENCIA_recall": 0.9558541266794626,
    "eval_FAMILIARES_SUJETO_ASISTENCIA_f1": 0.7243243243243243,
    "eval_FAMILIARES_SUJETO_ASISTENCIA_number": 92,
    "eval_FAMILIARES_SUJETO_ASISTENCIA_precision": 0.7204301075268817,
    "eval_FAMILIARES_SUJETO_ASISTENCIA_recall": 0.7282608695652174,
    "eval_FECHAS_f1": 0.9687716863289382,
    "eval_FECHAS_number": 724,
    "eval_FECHAS_precision": 0.9735006973500697,
    "eval_FECHAS_recall": 0.9640883977900553,
    "eval_HOSPITAL_f1": 0.879120879120879,
    "eval_HOSPITAL_number": 140,
    "eval_HOSPITAL_precision": 0.9022556390977443,
    "eval_HOSPITAL_recall": 0.8571428571428571,
    "eval_ID_ASEGURAMIENTO_f1": 0.984375,
    "eval_ID_ASEGURAMIENTO_number": 194,
    "eval_ID_ASEGURAMIENTO_precision": 0.9947368421052631,
    "eval_ID_ASEGURAMIENTO_recall": 0.9742268041237113,
    "eval_ID_CONTACTO_ASISTENCIAL_f1": 0.96875,
    "eval_ID_CONTACTO_ASISTENCIAL_number": 32,
    "eval_ID_CONTACTO_ASISTENCIAL_precision": 0.96875,
    "eval_ID_CONTACTO_ASISTENCIAL_recall": 0.96875,
    "eval_ID_SUJETO_ASISTENCIA_f1": 0.9417808219178082,
    "eval_ID_SUJETO_ASISTENCIA_number": 292,
    "eval_ID_SUJETO_ASISTENCIA_precision": 0.9417808219178082,
    "eval_ID_SUJETO_ASISTENCIA_recall": 0.9417808219178082,
    "eval_ID_TITULACION_PERSONAL_SANITARIO_f1": 0.9755011135857461,
    "eval_ID_TITULACION_PERSONAL_SANITARIO_number": 226,
    "eval_ID_TITULACION_PERSONAL_SANITARIO_precision": 0.9820627802690582,
    "eval_ID_TITULACION_PERSONAL_SANITARIO_recall": 0.9690265486725663,
    "eval_INSTITUCION_f1": 0.7225806451612904,
    "eval_INSTITUCION_number": 72,
    "eval_INSTITUCION_precision": 0.6746987951807228,
    "eval_INSTITUCION_recall": 0.7777777777777778,
    "eval_NOMBRE_PERSONAL_SANITARIO_f1": 0.9573170731707317,
    "eval_NOMBRE_PERSONAL_SANITARIO_number": 497,
    "eval_NOMBRE_PERSONAL_SANITARIO_precision": 0.9671457905544147,
    "eval_NOMBRE_PERSONAL_SANITARIO_recall": 0.9476861167002012,
    "eval_NOMBRE_SUJETO_ASISTENCIA_f1": 0.9767911200807265,
    "eval_NOMBRE_SUJETO_ASISTENCIA_number": 503,
    "eval_NOMBRE_SUJETO_ASISTENCIA_precision": 0.9918032786885246,
    "eval_NOMBRE_SUJETO_ASISTENCIA_recall": 0.9622266401590457,
    "eval_NUMERO_FAX_f1": 0.8333333333333334,
    "eval_NUMERO_FAX_number": 6,
    "eval_NUMERO_FAX_precision": 0.8333333333333334,
    "eval_NUMERO_FAX_recall": 0.8333333333333334,
    "eval_NUMERO_TELEFONO_f1": 0.8979591836734694,
    "eval_NUMERO_TELEFONO_number": 24,
    "eval_NUMERO_TELEFONO_precision": 0.88,
    "eval_NUMERO_TELEFONO_recall": 0.9166666666666666,
    "eval_OTROS_SUJETO_ASISTENCIA_f1": 0.0,
    "eval_OTROS_SUJETO_ASISTENCIA_number": 6,
    "eval_OTROS_SUJETO_ASISTENCIA_precision": 0.0,
    "eval_OTROS_SUJETO_ASISTENCIA_recall": 0.0,
    "eval_PAIS_f1": 0.9782293178519594,
    "eval_PAIS_number": 347,
    "eval_PAIS_precision": 0.9853801169590644,
    "eval_PAIS_recall": 0.9711815561959655,
    "eval_PROFESION_f1": 0.6,
    "eval_PROFESION_number": 4,
    "eval_PROFESION_precision": 0.5,
    "eval_PROFESION_recall": 0.75,
    "eval_SEXO_SUJETO_ASISTENCIA_f1": 0.9700996677740864,
    "eval_SEXO_SUJETO_ASISTENCIA_number": 455,
    "eval_SEXO_SUJETO_ASISTENCIA_precision": 0.9776785714285714,
    "eval_SEXO_SUJETO_ASISTENCIA_recall": 0.9626373626373627,
    "eval_TERRITORIO_f1": 0.9660144181256437,
    "eval_TERRITORIO_number": 975,
    "eval_TERRITORIO_precision": 0.9700103412616339,
    "eval_TERRITORIO_recall": 0.9620512820512821,
    "eval_loss": 0.043313801288604736,