{
    "epoch": 9.848,
    "eval_CALLE_f1": 0.9241379310344828,
    "eval_CALLE_number": 434,
    "eval_CALLE_precision": 0.9220183486238532,
    "eval_CALLE_recall": 0.9262672811059908,
    "eval_CENTRO_SALUD_f1": 0.0,
    "eval_CENTRO_SALUD_number": 2,
    "eval_CENTRO_SALUD_precision": 0.0,
    "eval_CENTRO_SALUD_recall": 0.0,
    "eval_CORREO_ELECTRONICO_f1": 0.9914529914529914,
    "eval_CORREO_ELECTRONICO_number": 235,
    "eval_CORREO_ELECTRONICO_precision": 0.9957081545064378,
    "eval_CORREO_ELECTRONICO_recall": 0.9872340425531915,
    "eval_EDAD_SUJETO_ASISTENCIA_f1": 0.9698149951314508,
    "eval_EDAD_SUJETO_ASISTENCIA_number": 521,
    "eval_EDAD_SUJETO_ASISTENCIA_precision": 0.9841897233201581,
    "eval_EDAD_SUJETO_ASISTENCIA_recall": 0.9558541266794626,
    "eval_FAMILIARES_SUJETO_ASISTENCIA_f1": 0.7243243243243243,
    "eval_FAMILIARES_SUJETO_ASISTENCIA_number": 92,
    "eval_FAMILIARES_SUJETO_ASISTENCIA_precision": 0.7204301075268817,
    "eval_FAMILIARES_SUJETO_ASISTENCIA_recall": 0.7282608695652174,
    "eval_FECHAS_f1": 0.9687716863289382,
    "eval_FECHAS_number": 724,
    "eval_FECHAS_precision": 0.9735006973500697,
    "eval_FECHAS_recall": 0.9640883977900553,
    "eval_HOSPITAL_f1": 0.879120879120879,
    "eval_HOSPITAL_number": 140,
    "eval_HOSPITAL_precision": 0.9022556390977443,
    "eval_HOSPITAL_recall": 0.8571428571428571,
    "eval_ID_ASEGURAMIENTO_f1": 0.984375,
    "eval_ID_ASEGURAMIENTO_number": 194,
    "eval_ID_ASEGURAMIENTO_precision": 0.9947368421052631,
    "eval_ID_ASEGURAMIENTO_recall": 0.9742268041237113,
    "eval_ID_CONTACTO_ASISTENCIAL_f1": 0.96875,
    "eval_ID_CONTACTO_ASISTENCIAL_number": 32,
    "eval_ID_CONTACTO_ASISTENCIAL_precision": 0.96875,
    "eval_ID_CONTACTO_ASISTENCIAL_recall": 0.96875,
    "eval_ID_SUJETO_ASISTENCIA_f1": 0.9417808219178082,
    "eval_ID_SUJETO_ASISTENCIA_number": 292,
    "eval_ID_SUJETO_ASISTENCIA_precision": 0.9417808219178082,
    "eval_ID_SUJETO_ASISTENCIA_recall": 0.9417808219178082,
    "eval_ID_TITULACION_PERSONAL_SANITARIO_f1": 0.9755011135857461,
    "eval_ID_TITULACION_PERSONAL_SANITARIO_number": 226,
    "eval_ID_TITULACION_PERSONAL_SANITARIO_precision": 0.9820627802690582,
    "eval_ID_TITULACION_PERSONAL_SANITARIO_recall": 0.9690265486725663,
    "eval_INSTITUCION_f1": 0.7225806451612904,
    "eval_INSTITUCION_number": 72,
    "eval_INSTITUCION_precision": 0.6746987951807228,
    "eval_INSTITUCION_recall": 0.7777777777777778,
    "eval_NOMBRE_PERSONAL_SANITARIO_f1": 0.9573170731707317,
    "eval_NOMBRE_PERSONAL_SANITARIO_number": 497,
    "eval_NOMBRE_PERSONAL_SANITARIO_precision": 0.9671457905544147,
    "eval_NOMBRE_PERSONAL_SANITARIO_recall": 0.9476861167002012,
    "eval_NOMBRE_SUJETO_ASISTENCIA_f1": 0.9767911200807265,
    "eval_NOMBRE_SUJETO_ASISTENCIA_number": 503,
    "eval_NOMBRE_SUJETO_ASISTENCIA_precision": 0.9918032786885246,
    "eval_NOMBRE_SUJETO_ASISTENCIA_recall": 0.9622266401590457,
    "eval_NUMERO_FAX_f1": 0.8333333333333334,
    "eval_NUMERO_FAX_number": 6,
    "eval_NUMERO_FAX_precision": 0.8333333333333334,
    "eval_NUMERO_FAX_recall": 0.8333333333333334,
    "eval_NUMERO_TELEFONO_f1": 0.8979591836734694,
    "eval_NUMERO_TELEFONO_number": 24,
    "eval_NUMERO_TELEFONO_precision": 0.88,
    "eval_NUMERO_TELEFONO_recall": 0.9166666666666666,
    "eval_OTROS_SUJETO_ASISTENCIA_f1": 0.0,
    "eval_OTROS_SUJETO_ASISTENCIA_number": 6,
    "eval_OTROS_SUJETO_ASISTENCIA_precision": 0.0,
    "eval_OTROS_SUJETO_ASISTENCIA_recall": 0.0,
    "eval_PAIS_f1": 0.9782293178519594,
    "eval_PAIS_number": 347,
    "eval_PAIS_precision": 0.9853801169590644,
    "eval_PAIS_recall": 0.9711815561959655,
    "eval_PROFESION_f1": 0.6,
    "eval_PROFESION_number": 4,
    "eval_PROFESION_precision": 0.5,
    "eval_PROFESION_recall": 0.75,
    "eval_SEXO_SUJETO_ASISTENCIA_f1": 0.9700996677740864,
    "eval_SEXO_SUJETO_ASISTENCIA_number": 455,
    "eval_SEXO_SUJETO_ASISTENCIA_precision": 0.9776785714285714,
    "eval_SEXO_SUJETO_ASISTENCIA_recall": 0.9626373626373627,
    "eval_TERRITORIO_f1": 0.9660144181256437,
    "eval_TERRITORIO_number": 975,
    "eval_TERRITORIO_precision": 0.9700103412616339,
    "eval_TERRITORIO_recall": 0.9620512820512821,
    "eval_loss": 0.043313801288604736,
    "eval_overall_accuracy": 0.9919909737689776,
    "eval_overall_f1": 0.9544940398503438,
    "eval_overall_precision": 0.9602591036414566,
    "eval_overall_recall": 0.9487977858501989,
    "eval_runtime": 8.734,
    "eval_samples_per_second": 28.624,
    "eval_steps_per_second": 7.213
}