{
    "CALLE_f1": 0.9497607655502392,
    "CALLE_number": 413,
    "CALLE_precision": 0.9385342789598109,
    "CALLE_recall": 0.9612590799031477,
    "CENTRO_SALUD_f1": 0.3636363636363636,
    "CENTRO_SALUD_number": 6,
    "CENTRO_SALUD_precision": 0.4,
    "CENTRO_SALUD_recall": 0.3333333333333333,
    "CORREO_ELECTRONICO_f1": 0.9899799599198397,
    "CORREO_ELECTRONICO_number": 249,
    "CORREO_ELECTRONICO_precision": 0.988,
    "CORREO_ELECTRONICO_recall": 0.9919678714859438,
    "EDAD_SUJETO_ASISTENCIA_f1": 0.9808795411089866,
    "EDAD_SUJETO_ASISTENCIA_number": 518,
    "EDAD_SUJETO_ASISTENCIA_precision": 0.9715909090909091,
    "EDAD_SUJETO_ASISTENCIA_recall": 0.9903474903474904,
    "FAMILIARES_SUJETO_ASISTENCIA_f1": 0.7558139534883721,
    "FAMILIARES_SUJETO_ASISTENCIA_number": 81,
    "FAMILIARES_SUJETO_ASISTENCIA_precision": 0.7142857142857143,
    "FAMILIARES_SUJETO_ASISTENCIA_recall": 0.8024691358024691,
    "FECHAS_f1": 0.9885807504078303,
    "FECHAS_number": 611,
    "FECHAS_precision": 0.9853658536585366,
    "FECHAS_recall": 0.9918166939443536,
    "HOSPITAL_f1": 0.9160305343511451,
    "HOSPITAL_number": 130,
    "HOSPITAL_precision": 0.9090909090909091,
    "HOSPITAL_recall": 0.9230769230769231,
    "ID_ASEGURAMIENTO_f1": 0.9974683544303797,
    "ID_ASEGURAMIENTO_number": 198,
    "ID_ASEGURAMIENTO_precision": 1.0,
    "ID_ASEGURAMIENTO_recall": 0.9949494949494949,
    "ID_CONTACTO_ASISTENCIAL_f1": 1.0,
    "ID_CONTACTO_ASISTENCIAL_number": 39,
    "ID_CONTACTO_ASISTENCIAL_precision": 1.0,
    "ID_CONTACTO_ASISTENCIAL_recall": 1.0,
    "ID_SUJETO_ASISTENCIA_f1": 0.9877408056042032,
    "ID_SUJETO_ASISTENCIA_number": 283,
    "ID_SUJETO_ASISTENCIA_precision": 0.9791666666666666,
    "ID_SUJETO_ASISTENCIA_recall": 0.9964664310954063,
    "ID_TITULACION_PERSONAL_SANITARIO_f1": 0.9936305732484078,
    "ID_TITULACION_PERSONAL_SANITARIO_number": 234,
    "ID_TITULACION_PERSONAL_SANITARIO_precision": 0.9873417721518988,
    "ID_TITULACION_PERSONAL_SANITARIO_recall": 1.0,
    "INSTITUCION_f1": 0.4666666666666667,
    "INSTITUCION_number": 67,
    "INSTITUCION_precision": 0.42168674698795183,
    "INSTITUCION_recall": 0.5223880597014925,
    "NOMBRE_PERSONAL_SANITARIO_f1": 0.9940239043824701,
    "NOMBRE_PERSONAL_SANITARIO_number": 501,
    "NOMBRE_PERSONAL_SANITARIO_precision": 0.9920477137176938,
    "NOMBRE_PERSONAL_SANITARIO_recall": 0.9960079840319361,
    "NOMBRE_SUJETO_ASISTENCIA_f1": 1.0,
    "NOMBRE_SUJETO_ASISTENCIA_number": 502,
    "NOMBRE_SUJETO_ASISTENCIA_precision": 1.0,
    "NOMBRE_SUJETO_ASISTENCIA_recall": 1.0,
    "NUMERO_FAX_f1": 0.8571428571428571,
    "NUMERO_FAX_number": 7,
    "NUMERO_FAX_precision": 0.8571428571428571,
    "NUMERO_FAX_recall": 0.8571428571428571,
    "NUMERO_TELEFONO_f1": 0.830188679245283,
    "NUMERO_TELEFONO_number": 26,
    "NUMERO_TELEFONO_precision": 0.8148148148148148,
    "NUMERO_TELEFONO_recall": 0.8461538461538461,
    "OTROS_SUJETO_ASISTENCIA_f1": 0.0,
    "OTROS_SUJETO_ASISTENCIA_number": 7,
    "OTROS_SUJETO_ASISTENCIA_precision": 0.0,
    "OTROS_SUJETO_ASISTENCIA_recall": 0.0,
    "PAIS_f1": 0.986376021798365,
    "PAIS_number": 363,
    "PAIS_precision": 0.9757412398921833,
    "PAIS_recall": 0.9972451790633609,
    "PROFESION_f1": 0.5,
    "PROFESION_number": 9,
    "PROFESION_precision": 0.4,
    "PROFESION_recall": 0.6666666666666666,
    "SEXO_SUJETO_ASISTENCIA_f1": 0.9913419913419914,
    "SEXO_SUJETO_ASISTENCIA_number": 461,
    "SEXO_SUJETO_ASISTENCIA_precision": 0.9892008639308856,
    "SEXO_SUJETO_ASISTENCIA_recall": 0.9934924078091106,
    "TERRITORIO_f1": 0.9712793733681463,
    "TERRITORIO_number": 956,
    "TERRITORIO_precision": 0.9697601668404588,
    "TERRITORIO_recall": 0.9728033472803347,
    "overall_accuracy": 0.9968592809178085,
    "overall_f1": 0.9691119691119691,
    "overall_precision": 0.9628596338273757,
    "overall_recall": 0.9754460342695637
}