{
    "FARMACO_f1": 0.89900426742532,
    "FARMACO_number": 1723,
    "FARMACO_precision": 0.8816964285714286,
    "FARMACO_recall": 0.9170052234474754,
    "epoch": 10.0,
    "eval_FARMACO_f1": 0.9074975657254138,
    "eval_FARMACO_number": 3056,
    "eval_FARMACO_precision": 0.9001931745009659,
    "eval_FARMACO_recall": 0.9149214659685864,
    "eval_loss": 0.007597878575325012,
    "eval_overall_accuracy": 0.9980742167246871,
    "eval_overall_f1": 0.9074975657254138,
    "eval_overall_precision": 0.9001931745009659,
    "eval_overall_recall": 0.9149214659685864,
    "eval_runtime": 13.6654,
    "eval_samples_per_second": 73.177,
    "eval_steps_per_second": 9.147,
    "overall_accuracy": 0.9981434918885407,
    "overall_f1": 0.89900426742532,
    "overall_precision": 0.8816964285714286,
    "overall_recall": 0.9170052234474754,
    "total_flos": 3616510457958912.0,
    "train_loss": 0.009611219056378836,
    "train_runtime": 792.4806,
    "train_samples_per_second": 17.565,
    "train_steps_per_second": 2.196
}