{
    "SINTOMA_f1": 0.69540412044374,
    "SINTOMA_number": 3081,
    "SINTOMA_precision": 0.6794673273459275,
    "SINTOMA_recall": 0.7121064589419019,
    "epoch": 10.0,
    "eval_SINTOMA_f1": 0.6750936329588015,
    "eval_SINTOMA_number": 2042,
    "eval_SINTOMA_precision": 0.6466367713004484,
    "eval_SINTOMA_recall": 0.7061704211557297,
    "eval_loss": 0.338894248008728,
    "eval_overall_accuracy": 0.944554431829024,
    "eval_overall_f1": 0.6750936329588015,
    "eval_overall_precision": 0.6466367713004484,
    "eval_overall_recall": 0.7061704211557297,
    "eval_runtime": 3.7761,
    "eval_samples_per_second": 59.586,
    "eval_steps_per_second": 7.68,
    "overall_accuracy": 0.9427181150759775,
    "overall_f1": 0.69540412044374,
    "overall_precision": 0.6794673273459275,
    "overall_recall": 0.7121064589419019,
    "total_flos": 2149250579410176.0,
    "train_loss": 0.047458659291553955,
    "train_runtime": 503.2155,
    "train_samples_per_second": 16.454,
    "train_steps_per_second": 2.067
}