{
    "epoch": 10.0,
    "eval_SINTOMA_f1": 0.6750936329588015,
    "eval_SINTOMA_number": 2042,
    "eval_SINTOMA_precision": 0.6466367713004484,
    "eval_SINTOMA_recall": 0.7061704211557297,
    "eval_loss": 0.338894248008728,
    "eval_overall_accuracy": 0.944554431829024,
    "eval_overall_f1": 0.6750936329588015,
    "eval_overall_precision": 0.6466367713004484,
    "eval_overall_recall": 0.7061704211557297,
    "eval_runtime": 3.7761,
    "eval_samples_per_second": 59.586,
    "eval_steps_per_second": 7.68
}