{
    "FARMACO_f1": 0.9121315192743763,
    "FARMACO_number": 1723,
    "FARMACO_precision": 0.8914127423822714,
    "FARMACO_recall": 0.9338363319791062,
    "epoch": 10.0,
    "eval_FARMACO_f1": 0.9017971758664955,
    "eval_FARMACO_number": 3056,
    "eval_FARMACO_precision": 0.8847607052896725,
    "eval_FARMACO_recall": 0.9195026178010471,
    "eval_loss": 0.011360173113644123,
    "eval_overall_accuracy": 0.997945685940475,
    "eval_overall_f1": 0.9017971758664955,
    "eval_overall_precision": 0.8847607052896725,
    "eval_overall_recall": 0.9195026178010471,
    "eval_runtime": 14.3735,
    "eval_samples_per_second": 69.572,
    "eval_steps_per_second": 8.697,
    "overall_accuracy": 0.9982296007990907,
    "overall_f1": 0.9121315192743763,
    "overall_precision": 0.8914127423822714,
    "overall_recall": 0.9338363319791062,
    "total_flos": 3616510457958912.0,
    "train_loss": 0.008930892938341218,
    "train_runtime": 794.8833,
    "train_samples_per_second": 17.512,
    "train_steps_per_second": 2.189
}