{
    "ACTIVIDAD_f1": 0.32653061224489793,
    "ACTIVIDAD_number": 28,
    "ACTIVIDAD_precision": 0.38095238095238093,
    "ACTIVIDAD_recall": 0.2857142857142857,
    "PROFESION_f1": 0.8321479374110953,
    "PROFESION_number": 696,
    "PROFESION_precision": 0.823943661971831,
    "PROFESION_recall": 0.8405172413793104,
    "SITUACION_LABORAL_f1": 0.583941605839416,
    "SITUACION_LABORAL_number": 358,
    "SITUACION_LABORAL_precision": 0.6116207951070336,
    "SITUACION_LABORAL_recall": 0.5586592178770949,
    "overall_accuracy": 0.9957092418186059,
    "overall_f1": 0.7411214953271028,
    "overall_precision": 0.7495274102079396,
    "overall_recall": 0.732902033271719
}