{
    "NORMALIZABLES_f1": 0.9205397301349325,
    "NORMALIZABLES_number": 990,
    "NORMALIZABLES_precision": 0.9109792284866469,
    "NORMALIZABLES_recall": 0.9303030303030303,
    "NO_NORMALIZABLES_f1": 0.0,
    "NO_NORMALIZABLES_number": 10,
    "NO_NORMALIZABLES_precision": 0.0,
    "NO_NORMALIZABLES_recall": 0.0,
    "PROTEINAS_f1": 0.8812636165577342,
    "PROTEINAS_number": 895,
    "PROTEINAS_precision": 0.8597236981934112,
    "PROTEINAS_recall": 0.9039106145251397,
    "UNCLEAR_f1": 0.7792207792207793,
    "UNCLEAR_number": 35,
    "UNCLEAR_precision": 0.7142857142857143,
    "UNCLEAR_recall": 0.8571428571428571,
    "epoch": 10.0,
    "eval_NORMALIZABLES_f1": 0.9019174041297935,
    "eval_NORMALIZABLES_number": 1344,
    "eval_NORMALIZABLES_precision": 0.8940058479532164,
    "eval_NORMALIZABLES_recall": 0.9099702380952381,
    "eval_NO_NORMALIZABLES_f1": 0.125,
    "eval_NO_NORMALIZABLES_number": 17,
    "eval_NO_NORMALIZABLES_precision": 0.13333333333333333,
    "eval_NO_NORMALIZABLES_recall": 0.11764705882352941,
    "eval_PROTEINAS_f1": 0.8832540940306391,
    "eval_PROTEINAS_number": 921,
    "eval_PROTEINAS_precision": 0.8600823045267489,
    "eval_PROTEINAS_recall": 0.9077090119435396,
    "eval_UNCLEAR_f1": 0.793103448275862,
    "eval_UNCLEAR_number": 50,
    "eval_UNCLEAR_precision": 0.696969696969697,
    "eval_UNCLEAR_recall": 0.92,
    "eval_loss": 0.032525818794965744,
    "eval_overall_accuracy": 0.9948387174483871,
    "eval_overall_f1": 0.88659793814433,
    "eval_overall_precision": 0.8703015282940934,
    "eval_overall_recall": 0.9035162950257289,
    "eval_runtime": 9.7684,
    "eval_samples_per_second": 42.689,
    "eval_steps_per_second": 5.426,
    "overall_accuracy": 0.9957109644317362,
    "overall_f1": 0.8954464512846605,
    "overall_precision": 0.879560219890055,
    "overall_recall": 0.9119170984455959,
    "total_flos": 8139961707238272.0,
    "train_loss": 0.012958996234123003,
    "train_runtime": 1688.7894,
    "train_samples_per_second": 5.193,
    "train_steps_per_second": 0.651
}