{
    "epoch": 10.0,
    "eval_NORMALIZABLES_f1": 0.9019174041297935,
    "eval_NORMALIZABLES_number": 1344,
    "eval_NORMALIZABLES_precision": 0.8940058479532164,
    "eval_NORMALIZABLES_recall": 0.9099702380952381,
    "eval_NO_NORMALIZABLES_f1": 0.125,
    "eval_NO_NORMALIZABLES_number": 17,
    "eval_NO_NORMALIZABLES_precision": 0.13333333333333333,
    "eval_NO_NORMALIZABLES_recall": 0.11764705882352941,
    "eval_PROTEINAS_f1": 0.8832540940306391,
    "eval_PROTEINAS_number": 921,
    "eval_PROTEINAS_precision": 0.8600823045267489,
    "eval_PROTEINAS_recall": 0.9077090119435396,
    "eval_UNCLEAR_f1": 0.793103448275862,
    "eval_UNCLEAR_number": 50,
    "eval_UNCLEAR_precision": 0.696969696969697,
    "eval_UNCLEAR_recall": 0.92,
    "eval_loss": 0.032525818794965744,
    "eval_overall_accuracy": 0.9948387174483871,
    "eval_overall_f1": 0.88659793814433,
    "eval_overall_precision": 0.8703015282940934,
    "eval_overall_recall": 0.9035162950257289,
    "eval_runtime": 9.7684,
    "eval_samples_per_second": 42.689,
    "eval_steps_per_second": 5.426
}