{
    "NORMALIZABLES_f1": 0.9205397301349325,
    "NORMALIZABLES_number": 990,
    "NORMALIZABLES_precision": 0.9109792284866469,
    "NORMALIZABLES_recall": 0.9303030303030303,
    "NO_NORMALIZABLES_f1": 0.0,
    "NO_NORMALIZABLES_number": 10,
    "NO_NORMALIZABLES_precision": 0.0,
    "NO_NORMALIZABLES_recall": 0.0,
    "PROTEINAS_f1": 0.8812636165577342,
    "PROTEINAS_number": 895,
    "PROTEINAS_precision": 0.8597236981934112,
    "PROTEINAS_recall": 0.9039106145251397,
    "UNCLEAR_f1": 0.7792207792207793,
    "UNCLEAR_number": 35,
    "UNCLEAR_precision": 0.7142857142857143,
    "UNCLEAR_recall": 0.8571428571428571,
    "overall_accuracy": 0.9957109644317362,
    "overall_f1": 0.8954464512846605,
    "overall_precision": 0.879560219890055,
    "overall_recall": 0.9119170984455959
}