{
    "DIAGNOSTICO_f1": 0.6808799565453557,
    "DIAGNOSTICO_number": 3491,
    "DIAGNOSTICO_precision": 0.6473018332042344,
    "DIAGNOSTICO_recall": 0.7181323403036379,
    "PROCEDIMIENTO_f1": 0.5885516711486747,
    "PROCEDIMIENTO_number": 1241,
    "PROCEDIMIENTO_precision": 0.5624082232011748,
    "PROCEDIMIENTO_recall": 0.6172441579371475,
    "epoch": 9.704,
    "eval_DIAGNOSTICO_f1": 0.6698248636233133,
    "eval_DIAGNOSTICO_number": 3342,
    "eval_DIAGNOSTICO_precision": 0.6437637969094923,
    "eval_DIAGNOSTICO_recall": 0.6980849790544584,
    "eval_PROCEDIMIENTO_f1": 0.5864246250986583,
    "eval_PROCEDIMIENTO_number": 1205,
    "eval_PROCEDIMIENTO_precision": 0.5590669676448458,
    "eval_PROCEDIMIENTO_recall": 0.616597510373444,
    "eval_loss": 0.23334439098834991,
    "eval_overall_accuracy": 0.9536812849543036,
    "eval_overall_f1": 0.647578947368421,
    "eval_overall_precision": 0.6210377548960226,
    "eval_overall_recall": 0.6764899934022433,
    "eval_runtime": 7.2898,
    "eval_samples_per_second": 34.294,
    "eval_steps_per_second": 8.642,
    "overall_accuracy": 0.9534341962591488,
    "overall_f1": 0.6567673321962476,
    "overall_precision": 0.625214899713467,
    "overall_recall": 0.6916737109044802,
    "total_flos": 2238419295076032.0,
    "train_loss": 0.07538755478397492,
    "train_runtime": 842.5805,
    "train_samples_per_second": 5.934,
    "train_steps_per_second": 0.368
}