{
    "DIAGNOSTICO_f1": 0.6808799565453557,
    "DIAGNOSTICO_number": 3491,
    "DIAGNOSTICO_precision": 0.6473018332042344,
    "DIAGNOSTICO_recall": 0.7181323403036379,
    "PROCEDIMIENTO_f1": 0.5885516711486747,
    "PROCEDIMIENTO_number": 1241,
    "PROCEDIMIENTO_precision": 0.5624082232011748,
    "PROCEDIMIENTO_recall": 0.6172441579371475,
    "overall_accuracy": 0.9534341962591488,
    "overall_f1": 0.6567673321962476,
    "overall_precision": 0.625214899713467,
    "overall_recall": 0.6916737109044802
}