{
    "ENFERMEDAD_f1": 0.7229787756103545,
    "ENFERMEDAD_number": 7784,
    "ENFERMEDAD_precision": 0.6918290678563043,
    "ENFERMEDAD_recall": 0.757065775950668,
    "epoch": 10.0,
    "eval_ENFERMEDAD_f1": 0.7178614259739254,
    "eval_ENFERMEDAD_number": 12488,
    "eval_ENFERMEDAD_precision": 0.694409101115186,
    "eval_ENFERMEDAD_recall": 0.7429532351057014,
    "eval_loss": 0.23210474848747253,
    "eval_overall_accuracy": 0.9646041206647519,
    "eval_overall_f1": 0.7178614259739254,
    "eval_overall_precision": 0.694409101115186,
    "eval_overall_recall": 0.7429532351057014,
    "eval_runtime": 15.1533,
    "eval_samples_per_second": 68.896,
    "eval_steps_per_second": 8.645,
    "overall_accuracy": 0.9655508932649434,
    "overall_f1": 0.7229787756103545,
    "overall_precision": 0.6918290678563043,
    "overall_recall": 0.757065775950668,
    "total_flos": 3679026272204544.0,
    "train_loss": 0.026132830207267504,
    "train_runtime": 845.1355,
    "train_samples_per_second": 16.767,
    "train_steps_per_second": 2.106
}