{
    "epoch": 9.848,
    "eval_CALLE_f1": 0.908675799086758,
    "eval_CALLE_number": 434,
    "eval_CALLE_precision": 0.9004524886877828,
    "eval_CALLE_recall": 0.9170506912442397,
    "eval_CENTRO_SALUD_f1": 0.0,
    "eval_CENTRO_SALUD_number": 2,
    "eval_CENTRO_SALUD_precision": 0.0,
    "eval_CENTRO_SALUD_recall": 0.0,
    "eval_CORREO_ELECTRONICO_f1": 0.9851380042462844,
    "eval_CORREO_ELECTRONICO_number": 235,
    "eval_CORREO_ELECTRONICO_precision": 0.9830508474576272,
    "eval_CORREO_ELECTRONICO_recall": 0.9872340425531915,
    "eval_EDAD_SUJETO_ASISTENCIA_f1": 0.9657869012707722,
    "eval_EDAD_SUJETO_ASISTENCIA_number": 521,
    "eval_EDAD_SUJETO_ASISTENCIA_precision": 0.9840637450199203,
    "eval_EDAD_SUJETO_ASISTENCIA_recall": 0.9481765834932822,
    "eval_FAMILIARES_SUJETO_ASISTENCIA_f1": 0.7103825136612023,
    "eval_FAMILIARES_SUJETO_ASISTENCIA_number": 92,
    "eval_FAMILIARES_SUJETO_ASISTENCIA_precision": 0.7142857142857143,
    "eval_FAMILIARES_SUJETO_ASISTENCIA_recall": 0.7065217391304348,
    "eval_FECHAS_f1": 0.9667128987517337,
    "eval_FECHAS_number": 724,
    "eval_FECHAS_precision": 0.9707520891364902,
    "eval_FECHAS_recall": 0.962707182320442,
    "eval_HOSPITAL_f1": 0.8945454545454546,
    "eval_HOSPITAL_number": 140,
    "eval_HOSPITAL_precision": 0.9111111111111111,
    "eval_HOSPITAL_recall": 0.8785714285714286,
    "eval_ID_ASEGURAMIENTO_f1": 0.9869451697127937,
    "eval_ID_ASEGURAMIENTO_number": 194,
    "eval_ID_ASEGURAMIENTO_precision": 1.0,
    "eval_ID_ASEGURAMIENTO_recall": 0.9742268041237113,
    "eval_ID_CONTACTO_ASISTENCIAL_f1": 0.96875,
    "eval_ID_CONTACTO_ASISTENCIAL_number": 32,
    "eval_ID_CONTACTO_ASISTENCIAL_precision": 0.96875,
    "eval_ID_CONTACTO_ASISTENCIAL_recall": 0.96875,
    "eval_ID_SUJETO_ASISTENCIA_f1": 0.9401709401709402,
    "eval_ID_SUJETO_ASISTENCIA_number": 292,
    "eval_ID_SUJETO_ASISTENCIA_precision": 0.9385665529010239,
    "eval_ID_SUJETO_ASISTENCIA_recall": 0.9417808219178082,
    "eval_ID_TITULACION_PERSONAL_SANITARIO_f1": 0.9755011135857461,
    "eval_ID_TITULACION_PERSONAL_SANITARIO_number": 226,
    "eval_ID_TITULACION_PERSONAL_SANITARIO_precision": 0.9820627802690582,
    "eval_ID_TITULACION_PERSONAL_SANITARIO_recall": 0.9690265486725663,
    "eval_INSTITUCION_f1": 0.7261146496815285,
    "eval_INSTITUCION_number": 72,
    "eval_INSTITUCION_precision": 0.6705882352941176,
    "eval_INSTITUCION_recall": 0.7916666666666666,
    "eval_NOMBRE_PERSONAL_SANITARIO_f1": 0.9624365482233501,
    "eval_NOMBRE_PERSONAL_SANITARIO_number": 497,
    "eval_NOMBRE_PERSONAL_SANITARIO_precision": 0.9713114754098361,
    "eval_NOMBRE_PERSONAL_SANITARIO_recall": 0.9537223340040242,
    "eval_NOMBRE_SUJETO_ASISTENCIA_f1": 0.9807886754297269,
    "eval_NOMBRE_SUJETO_ASISTENCIA_number": 503,
    "eval_NOMBRE_SUJETO_ASISTENCIA_precision": 0.9979423868312757,
    "eval_NOMBRE_SUJETO_ASISTENCIA_recall": 0.9642147117296223,
    "eval_NUMERO_FAX_f1": 0.9090909090909091,
    "eval_NUMERO_FAX_number": 6,
    "eval_NUMERO_FAX_precision": 1.0,
    "eval_NUMERO_FAX_recall": 0.8333333333333334,
    "eval_NUMERO_TELEFONO_f1": 0.9583333333333334,
    "eval_NUMERO_TELEFONO_number": 24,
    "eval_NUMERO_TELEFONO_precision": 0.9583333333333334,
    "eval_NUMERO_TELEFONO_recall": 0.9583333333333334,
    "eval_OTROS_SUJETO_ASISTENCIA_f1": 0.0,
    "eval_OTROS_SUJETO_ASISTENCIA_number": 6,
    "eval_OTROS_SUJETO_ASISTENCIA_precision": 0.0,
    "eval_OTROS_SUJETO_ASISTENCIA_recall": 0.0,
    "eval_PAIS_f1": 0.9796511627906977,
    "eval_PAIS_number": 347,
    "eval_PAIS_precision": 0.9882697947214076,
    "eval_PAIS_recall": 0.9711815561959655,
    "eval_PROFESION_f1": 0.6666666666666665,
    "eval_PROFESION_number": 4,
    "eval_PROFESION_precision": 0.6,
    "eval_PROFESION_recall": 0.75,
    "eval_SEXO_SUJETO_ASISTENCIA_f1": 0.9766925638179801,
    "eval_SEXO_SUJETO_ASISTENCIA_number": 455,
    "eval_SEXO_SUJETO_ASISTENCIA_precision": 0.9865470852017937,
    "eval_SEXO_SUJETO_ASISTENCIA_recall": 0.967032967032967,
    "eval_TERRITORIO_f1": 0.964984552008239,
    "eval_TERRITORIO_number": 975,
    "eval_TERRITORIO_precision": 0.9689762150982419,
    "eval_TERRITORIO_recall": 0.961025641025641,
    "eval_loss": 0.046760961413383484,
    "eval_overall_accuracy": 0.9918389776507246,
    "eval_overall_f1": 0.9544861195718389,
    "eval_overall_precision": 0.9604203152364273,
    "eval_overall_recall": 0.9486248053969901,
    "eval_runtime": 11.6198,
    "eval_samples_per_second": 21.515,
    "eval_steps_per_second": 5.422
}