{
    "CALLE_f1": 0.9328537170263788,
    "CALLE_number": 413,
    "CALLE_precision": 0.9239904988123515,
    "CALLE_recall": 0.9418886198547215,
    "CENTRO_SALUD_f1": 0.1818181818181818,
    "CENTRO_SALUD_number": 6,
    "CENTRO_SALUD_precision": 0.2,
    "CENTRO_SALUD_recall": 0.16666666666666666,
    "CORREO_ELECTRONICO_f1": 0.984,
    "CORREO_ELECTRONICO_number": 249,
    "CORREO_ELECTRONICO_precision": 0.9800796812749004,
    "CORREO_ELECTRONICO_recall": 0.9879518072289156,
    "EDAD_SUJETO_ASISTENCIA_f1": 0.982725527831094,
    "EDAD_SUJETO_ASISTENCIA_number": 518,
    "EDAD_SUJETO_ASISTENCIA_precision": 0.9770992366412213,
    "EDAD_SUJETO_ASISTENCIA_recall": 0.9884169884169884,
    "FAMILIARES_SUJETO_ASISTENCIA_f1": 0.710059171597633,
    "FAMILIARES_SUJETO_ASISTENCIA_number": 81,
    "FAMILIARES_SUJETO_ASISTENCIA_precision": 0.6818181818181818,
    "FAMILIARES_SUJETO_ASISTENCIA_recall": 0.7407407407407407,
    "FECHAS_f1": 0.9877551020408163,
    "FECHAS_number": 611,
    "FECHAS_precision": 0.9853420195439739,
    "FECHAS_recall": 0.9901800327332242,
    "HOSPITAL_f1": 0.9236641221374045,
    "HOSPITAL_number": 130,
    "HOSPITAL_precision": 0.9166666666666666,
    "HOSPITAL_recall": 0.9307692307692308,
    "ID_ASEGURAMIENTO_f1": 0.9974683544303797,
    "ID_ASEGURAMIENTO_number": 198,
    "ID_ASEGURAMIENTO_precision": 1.0,
    "ID_ASEGURAMIENTO_recall": 0.9949494949494949,
    "ID_CONTACTO_ASISTENCIAL_f1": 1.0,
    "ID_CONTACTO_ASISTENCIAL_number": 39,
    "ID_CONTACTO_ASISTENCIAL_precision": 1.0,
    "ID_CONTACTO_ASISTENCIAL_recall": 1.0,
    "ID_SUJETO_ASISTENCIA_f1": 0.9876977152899824,
    "ID_SUJETO_ASISTENCIA_number": 283,
    "ID_SUJETO_ASISTENCIA_precision": 0.9825174825174825,
    "ID_SUJETO_ASISTENCIA_recall": 0.9929328621908127,
    "ID_TITULACION_PERSONAL_SANITARIO_f1": 0.9978678038379531,
    "ID_TITULACION_PERSONAL_SANITARIO_number": 234,
    "ID_TITULACION_PERSONAL_SANITARIO_precision": 0.9957446808510638,
    "ID_TITULACION_PERSONAL_SANITARIO_recall": 1.0,
    "INSTITUCION_f1": 0.4383561643835616,
    "INSTITUCION_number": 67,
    "INSTITUCION_precision": 0.4050632911392405,
    "INSTITUCION_recall": 0.47761194029850745,
    "NOMBRE_PERSONAL_SANITARIO_f1": 0.9930486593843098,
    "NOMBRE_PERSONAL_SANITARIO_number": 501,
    "NOMBRE_PERSONAL_SANITARIO_precision": 0.9881422924901185,
    "NOMBRE_PERSONAL_SANITARIO_recall": 0.998003992015968,
    "NOMBRE_SUJETO_ASISTENCIA_f1": 0.999004975124378,
    "NOMBRE_SUJETO_ASISTENCIA_number": 502,
    "NOMBRE_SUJETO_ASISTENCIA_precision": 0.9980119284294234,
    "NOMBRE_SUJETO_ASISTENCIA_recall": 1.0,
    "NUMERO_FAX_f1": 0.8571428571428571,
    "NUMERO_FAX_number": 7,
    "NUMERO_FAX_precision": 0.8571428571428571,
    "NUMERO_FAX_recall": 0.8571428571428571,
    "NUMERO_TELEFONO_f1": 0.9090909090909091,
    "NUMERO_TELEFONO_number": 26,
    "NUMERO_TELEFONO_precision": 0.8620689655172413,
    "NUMERO_TELEFONO_recall": 0.9615384615384616,
    "OTROS_SUJETO_ASISTENCIA_f1": 0.0,
    "OTROS_SUJETO_ASISTENCIA_number": 7,
    "OTROS_SUJETO_ASISTENCIA_precision": 0.0,
    "OTROS_SUJETO_ASISTENCIA_recall": 0.0,
    "PAIS_f1": 0.9876880984952121,
    "PAIS_number": 363,
    "PAIS_precision": 0.9809782608695652,
    "PAIS_recall": 0.9944903581267218,
    "PROFESION_f1": 0.5,
    "PROFESION_number": 9,
    "PROFESION_precision": 0.4,
    "PROFESION_recall": 0.6666666666666666,
    "SEXO_SUJETO_ASISTENCIA_f1": 0.9892008639308855,
    "SEXO_SUJETO_ASISTENCIA_number": 461,
    "SEXO_SUJETO_ASISTENCIA_precision": 0.9849462365591398,
    "SEXO_SUJETO_ASISTENCIA_recall": 0.9934924078091106,
    "TERRITORIO_f1": 0.9642301710730947,
    "TERRITORIO_number": 956,
    "TERRITORIO_precision": 0.9558067831449126,
    "TERRITORIO_recall": 0.9728033472803347,
    "overall_accuracy": 0.9967168025373541,
    "overall_f1": 0.9659589401649412,
    "overall_precision": 0.9595607460345128,
    "overall_recall": 0.9724430312665607
}