{
    "ENFERMEDAD_f1": 0.7262467030607864,
    "ENFERMEDAD_number": 7843,
    "ENFERMEDAD_precision": 0.6997635933806147,
    "ENFERMEDAD_recall": 0.7548132092311616,
    "epoch": 10.0,
    "eval_ENFERMEDAD_f1": 0.7113880932104978,
    "eval_ENFERMEDAD_number": 12522,
    "eval_ENFERMEDAD_precision": 0.6902794471153846,
    "eval_ENFERMEDAD_recall": 0.7338284619070436,
    "eval_loss": 0.20654067397117615,
    "eval_overall_accuracy": 0.9653925417289351,
    "eval_overall_f1": 0.7113880932104978,
    "eval_overall_precision": 0.6902794471153846,
    "eval_overall_recall": 0.7338284619070436,
    "eval_runtime": 13.9007,
    "eval_samples_per_second": 71.939,
    "eval_steps_per_second": 8.992,
    "overall_accuracy": 0.9670926187441876,
    "overall_f1": 0.7262467030607864,
    "overall_precision": 0.6997635933806147,
    "overall_recall": 0.7548132092311616,
    "total_flos": 3616510457958912.0,
    "train_loss": 0.025919719948165717,
    "train_runtime": 898.2864,
    "train_samples_per_second": 15.496,
    "train_steps_per_second": 1.937
}