{
    "CALLE_f1": 0.9366786140979688,
    "CALLE_number": 413,
    "CALLE_precision": 0.9245283018867925,
    "CALLE_recall": 0.9491525423728814,
    "CENTRO_SALUD_f1": 0.9090909090909091,
    "CENTRO_SALUD_number": 6,
    "CENTRO_SALUD_precision": 1.0,
    "CENTRO_SALUD_recall": 0.8333333333333334,
    "CORREO_ELECTRONICO_f1": 0.9860279441117764,
    "CORREO_ELECTRONICO_number": 249,
    "CORREO_ELECTRONICO_precision": 0.9801587301587301,
    "CORREO_ELECTRONICO_recall": 0.9919678714859438,
    "EDAD_SUJETO_ASISTENCIA_f1": 0.9818529130850048,
    "EDAD_SUJETO_ASISTENCIA_number": 518,
    "EDAD_SUJETO_ASISTENCIA_precision": 0.9716446124763705,
    "EDAD_SUJETO_ASISTENCIA_recall": 0.9922779922779923,
    "FAMILIARES_SUJETO_ASISTENCIA_f1": 0.6815642458100559,
    "FAMILIARES_SUJETO_ASISTENCIA_number": 81,
    "FAMILIARES_SUJETO_ASISTENCIA_precision": 0.6224489795918368,
    "FAMILIARES_SUJETO_ASISTENCIA_recall": 0.7530864197530864,
    "FECHAS_f1": 0.9877750611246944,
    "FECHAS_number": 611,
    "FECHAS_precision": 0.9837662337662337,
    "FECHAS_recall": 0.9918166939443536,
    "HOSPITAL_f1": 0.9348659003831418,
    "HOSPITAL_number": 130,
    "HOSPITAL_precision": 0.9312977099236641,
    "HOSPITAL_recall": 0.9384615384615385,
    "ID_ASEGURAMIENTO_f1": 0.9949494949494949,
    "ID_ASEGURAMIENTO_number": 198,
    "ID_ASEGURAMIENTO_precision": 0.9949494949494949,
    "ID_ASEGURAMIENTO_recall": 0.9949494949494949,
    "ID_CONTACTO_ASISTENCIAL_f1": 1.0,
    "ID_CONTACTO_ASISTENCIAL_number": 39,
    "ID_CONTACTO_ASISTENCIAL_precision": 1.0,
    "ID_CONTACTO_ASISTENCIAL_recall": 1.0,
    "ID_SUJETO_ASISTENCIA_f1": 0.9805309734513273,
    "ID_SUJETO_ASISTENCIA_number": 283,
    "ID_SUJETO_ASISTENCIA_precision": 0.9822695035460993,
    "ID_SUJETO_ASISTENCIA_recall": 0.9787985865724381,
    "ID_TITULACION_PERSONAL_SANITARIO_f1": 0.9936305732484078,
    "ID_TITULACION_PERSONAL_SANITARIO_number": 234,
    "ID_TITULACION_PERSONAL_SANITARIO_precision": 0.9873417721518988,
    "ID_TITULACION_PERSONAL_SANITARIO_recall": 1.0,
    "INSTITUCION_f1": 0.4769230769230769,
    "INSTITUCION_number": 67,
    "INSTITUCION_precision": 0.49206349206349204,
    "INSTITUCION_recall": 0.4626865671641791,
    "NOMBRE_PERSONAL_SANITARIO_f1": 0.9930348258706468,
    "NOMBRE_PERSONAL_SANITARIO_number": 501,
    "NOMBRE_PERSONAL_SANITARIO_precision": 0.9900793650793651,
    "NOMBRE_PERSONAL_SANITARIO_recall": 0.9960079840319361,
    "NOMBRE_SUJETO_ASISTENCIA_f1": 0.99800796812749,
    "NOMBRE_SUJETO_ASISTENCIA_number": 502,
    "NOMBRE_SUJETO_ASISTENCIA_precision": 0.99800796812749,
    "NOMBRE_SUJETO_ASISTENCIA_recall": 0.99800796812749,
    "NUMERO_FAX_f1": 0.2857142857142857,
    "NUMERO_FAX_number": 7,
    "NUMERO_FAX_precision": 0.2857142857142857,
    "NUMERO_FAX_recall": 0.2857142857142857,
    "NUMERO_TELEFONO_f1": 0.7857142857142856,
    "NUMERO_TELEFONO_number": 26,
    "NUMERO_TELEFONO_precision": 0.7333333333333333,
    "NUMERO_TELEFONO_recall": 0.8461538461538461,
    "OTROS_SUJETO_ASISTENCIA_f1": 0.0,
    "OTROS_SUJETO_ASISTENCIA_number": 7,
    "OTROS_SUJETO_ASISTENCIA_precision": 0.0,
    "OTROS_SUJETO_ASISTENCIA_recall": 0.0,
    "PAIS_f1": 0.9820689655172414,
    "PAIS_number": 363,
    "PAIS_precision": 0.9834254143646409,
    "PAIS_recall": 0.9807162534435262,
    "PROFESION_f1": 0.7000000000000001,
    "PROFESION_number": 9,
    "PROFESION_precision": 0.6363636363636364,
    "PROFESION_recall": 0.7777777777777778,
    "SEXO_SUJETO_ASISTENCIA_f1": 0.9828326180257512,
    "SEXO_SUJETO_ASISTENCIA_number": 461,
    "SEXO_SUJETO_ASISTENCIA_precision": 0.9723991507430998,
    "SEXO_SUJETO_ASISTENCIA_recall": 0.9934924078091106,
    "TERRITORIO_f1": 0.9723814486711829,
    "TERRITORIO_number": 956,
    "TERRITORIO_precision": 0.9688473520249221,
    "TERRITORIO_recall": 0.9759414225941423,
    "epoch": 9.848,
    "eval_CALLE_f1": 0.9037372593431483,
    "eval_CALLE_number": 434,
    "eval_CALLE_precision": 0.888641425389755,
    "eval_CALLE_recall": 0.9193548387096774,
    "eval_CENTRO_SALUD_f1": 0.0,
    "eval_CENTRO_SALUD_number": 2,
    "eval_CENTRO_SALUD_precision": 0.0,
    "eval_CENTRO_SALUD_recall": 0.0,
    "eval_CORREO_ELECTRONICO_f1": 0.9851380042462844,
    "eval_CORREO_ELECTRONICO_number": 235,
    "eval_CORREO_ELECTRONICO_precision": 0.9830508474576272,
    "eval_CORREO_ELECTRONICO_recall": 0.9872340425531915,
    "eval_EDAD_SUJETO_ASISTENCIA_f1": 0.9687500000000001,
    "eval_EDAD_SUJETO_ASISTENCIA_number": 521,
    "eval_EDAD_SUJETO_ASISTENCIA_precision": 0.9860834990059643,
    "eval_EDAD_SUJETO_ASISTENCIA_recall": 0.9520153550863724,
    "eval_FAMILIARES_SUJETO_ASISTENCIA_f1": 0.7593582887700535,
    "eval_FAMILIARES_SUJETO_ASISTENCIA_number": 92,
    "eval_FAMILIARES_SUJETO_ASISTENCIA_precision": 0.7473684210526316,
    "eval_FAMILIARES_SUJETO_ASISTENCIA_recall": 0.7717391304347826,
    "eval_FECHAS_f1": 0.9667590027700831,
    "eval_FECHAS_number": 724,
    "eval_FECHAS_precision": 0.9694444444444444,
    "eval_FECHAS_recall": 0.9640883977900553,
    "eval_HOSPITAL_f1": 0.9,
    "eval_HOSPITAL_number": 140,
    "eval_HOSPITAL_precision": 0.9,
    "eval_HOSPITAL_recall": 0.9,
    "eval_ID_ASEGURAMIENTO_f1": 0.9844559585492227,
    "eval_ID_ASEGURAMIENTO_number": 194,
    "eval_ID_ASEGURAMIENTO_precision": 0.9895833333333334,
    "eval_ID_ASEGURAMIENTO_recall": 0.979381443298969,
    "eval_ID_CONTACTO_ASISTENCIAL_f1": 0.96875,
    "eval_ID_CONTACTO_ASISTENCIAL_number": 32,
    "eval_ID_CONTACTO_ASISTENCIAL_precision": 0.96875,
    "eval_ID_CONTACTO_ASISTENCIAL_recall": 0.96875,
    "eval_ID_SUJETO_ASISTENCIA_f1": 0.9340277777777777,
    "eval_ID_SUJETO_ASISTENCIA_number": 292,
    "eval_ID_SUJETO_ASISTENCIA_precision": 0.9471830985915493,
    "eval_ID_SUJETO_ASISTENCIA_recall": 0.9212328767123288,
    "eval_ID_TITULACION_PERSONAL_SANITARIO_f1": 0.9733333333333334,
    "eval_ID_TITULACION_PERSONAL_SANITARIO_number": 226,
    "eval_ID_TITULACION_PERSONAL_SANITARIO_precision": 0.9776785714285714,
    "eval_ID_TITULACION_PERSONAL_SANITARIO_recall": 0.9690265486725663,
    "eval_INSTITUCION_f1": 0.625,
    "eval_INSTITUCION_number": 72,
    "eval_INSTITUCION_precision": 0.5681818181818182,
    "eval_INSTITUCION_recall": 0.6944444444444444,
    "eval_NOMBRE_PERSONAL_SANITARIO_f1": 0.9694501018329938,
    "eval_NOMBRE_PERSONAL_SANITARIO_number": 497,
    "eval_NOMBRE_PERSONAL_SANITARIO_precision": 0.9814432989690721,
    "eval_NOMBRE_PERSONAL_SANITARIO_recall": 0.9577464788732394,
    "eval_NOMBRE_SUJETO_ASISTENCIA_f1": 0.9788092835519676,
    "eval_NOMBRE_SUJETO_ASISTENCIA_number": 503,
    "eval_NOMBRE_SUJETO_ASISTENCIA_precision": 0.9938524590163934,
    "eval_NOMBRE_SUJETO_ASISTENCIA_recall": 0.9642147117296223,
    "eval_NUMERO_FAX_f1": 0.6,
    "eval_NUMERO_FAX_number": 6,
    "eval_NUMERO_FAX_precision": 0.75,
    "eval_NUMERO_FAX_recall": 0.5,
    "eval_NUMERO_TELEFONO_f1": 0.9166666666666666,
    "eval_NUMERO_TELEFONO_number": 24,
    "eval_NUMERO_TELEFONO_precision": 0.9166666666666666,
    "eval_NUMERO_TELEFONO_recall": 0.9166666666666666,
    "eval_OTROS_SUJETO_ASISTENCIA_f1": 0.0,
    "eval_OTROS_SUJETO_ASISTENCIA_number": 6,
    "eval_OTROS_SUJETO_ASISTENCIA_precision": 0.0,
    "eval_OTROS_SUJETO_ASISTENCIA_recall": 0.0,
    "eval_PAIS_f1": 0.9694323144104804,
    "eval_PAIS_number": 347,
    "eval_PAIS_precision": 0.9794117647058823,
    "eval_PAIS_recall": 0.9596541786743515,
    "eval_PROFESION_f1": 0.75,
    "eval_PROFESION_number": 4,
    "eval_PROFESION_precision": 0.75,
    "eval_PROFESION_recall": 0.75,
    "eval_SEXO_SUJETO_ASISTENCIA_f1": 0.9691629955947136,
    "eval_SEXO_SUJETO_ASISTENCIA_number": 455,
    "eval_SEXO_SUJETO_ASISTENCIA_precision": 0.9713024282560706,
    "eval_SEXO_SUJETO_ASISTENCIA_recall": 0.967032967032967,
    "eval_TERRITORIO_f1": 0.9673744174003106,
    "eval_TERRITORIO_number": 975,
    "eval_TERRITORIO_precision": 0.9769874476987448,
    "eval_TERRITORIO_recall": 0.9579487179487179,