{
    "FARMACO_f1": 0.8982475975127191,
    "FARMACO_number": 1716,
    "FARMACO_precision": 0.8721185510428101,
    "FARMACO_recall": 0.925990675990676,
    "epoch": 10.0,
    "eval_FARMACO_f1": 0.8866522143078353,
    "eval_FARMACO_number": 3137,
    "eval_FARMACO_precision": 0.8620897320084312,
    "eval_FARMACO_recall": 0.9126554032515142,
    "eval_loss": 0.014041771180927753,
    "eval_overall_accuracy": 0.9980318291520835,
    "eval_overall_f1": 0.8866522143078353,
    "eval_overall_precision": 0.8620897320084312,
    "eval_overall_recall": 0.9126554032515142,
    "eval_runtime": 18.636,
    "eval_samples_per_second": 75.875,
    "eval_steps_per_second": 9.498,
    "overall_accuracy": 0.9982278618964247,
    "overall_f1": 0.8982475975127191,
    "overall_precision": 0.8721185510428101,
    "overall_recall": 0.925990675990676,
    "total_flos": 5017866589745856.0,
    "train_loss": 0.005387060010334268,
    "train_runtime": 1274.8623,
    "train_samples_per_second": 15.076,
    "train_steps_per_second": 1.89
}