{
    "DIAGNOSTICO_f1": 0.6817142857142857,
    "DIAGNOSTICO_number": 3491,
    "DIAGNOSTICO_precision": 0.6799658022228555,
    "DIAGNOSTICO_recall": 0.683471784588943,
    "PROCEDIMIENTO_f1": 0.5743887277248239,
    "PROCEDIMIENTO_number": 1241,
    "PROCEDIMIENTO_precision": 0.591296928327645,
    "PROCEDIMIENTO_recall": 0.5584206285253828,
    "epoch": 9.704,
    "eval_DIAGNOSTICO_f1": 0.668967587034814,
    "eval_DIAGNOSTICO_number": 3342,
    "eval_DIAGNOSTICO_precision": 0.6709813365442504,
    "eval_DIAGNOSTICO_recall": 0.6669658886894075,
    "eval_PROCEDIMIENTO_f1": 0.5820060266896254,
    "eval_PROCEDIMIENTO_number": 1205,
    "eval_PROCEDIMIENTO_precision": 0.6046511627906976,
    "eval_PROCEDIMIENTO_recall": 0.5609958506224066,
    "eval_loss": 0.18867716193199158,
    "eval_overall_accuracy": 0.9556932887737007,
    "eval_overall_f1": 0.6464893735395572,
    "eval_overall_precision": 0.6542792792792793,
    "eval_overall_recall": 0.6388827798548493,
    "eval_runtime": 9.1143,
    "eval_samples_per_second": 27.43,
    "eval_steps_per_second": 6.912,
    "overall_accuracy": 0.956432976416373,
    "overall_f1": 0.6542016360352703,
    "overall_precision": 0.6577654347361674,
    "overall_recall": 0.650676246830093,
    "total_flos": 2238419295076032.0,
    "train_loss": 0.08100246306388609,
    "train_runtime": 972.8009,
    "train_samples_per_second": 5.14,
    "train_steps_per_second": 0.319
}