{
    "DIAGNOSTICO_f1": 0.6817142857142857,
    "DIAGNOSTICO_number": 3491,
    "DIAGNOSTICO_precision": 0.6799658022228555,
    "DIAGNOSTICO_recall": 0.683471784588943,
    "PROCEDIMIENTO_f1": 0.5743887277248239,
    "PROCEDIMIENTO_number": 1241,
    "PROCEDIMIENTO_precision": 0.591296928327645,
    "PROCEDIMIENTO_recall": 0.5584206285253828,
    "overall_accuracy": 0.956432976416373,
    "overall_f1": 0.6542016360352703,
    "overall_precision": 0.6577654347361674,
    "overall_recall": 0.650676246830093
}