{
    "ENFERMEDAD_f1": 0.7067612530604558,
    "ENFERMEDAD_number": 7840,
    "ENFERMEDAD_precision": 0.695883298306342,
    "ENFERMEDAD_recall": 0.717984693877551,
    "epoch": 10.0,
    "eval_ENFERMEDAD_f1": 0.7012202119114103,
    "eval_ENFERMEDAD_number": 12859,
    "eval_ENFERMEDAD_precision": 0.6900030111412225,
    "eval_ENFERMEDAD_recall": 0.7128081499338984,
    "eval_loss": 0.31304165720939636,
    "eval_overall_accuracy": 0.9573259027771059,
    "eval_overall_f1": 0.7012202119114103,
    "eval_overall_precision": 0.6900030111412225,
    "eval_overall_recall": 0.7128081499338984,
    "eval_runtime": 31.3682,
    "eval_samples_per_second": 41.666,
    "eval_steps_per_second": 5.228,
    "overall_accuracy": 0.9594881026885168,
    "overall_f1": 0.7067612530604558,
    "overall_precision": 0.695883298306342,
    "overall_recall": 0.717984693877551,
    "total_flos": 1.6092921499535616e+16,
    "train_loss": 0.03277971135443806,
    "train_runtime": 2103.8875,
    "train_samples_per_second": 8.242,
    "train_steps_per_second": 1.031
}