{
    "DIAGNOSTICO_f1": 0.6806340454858718,
    "DIAGNOSTICO_number": 3491,
    "DIAGNOSTICO_precision": 0.655951115834219,
    "DIAGNOSTICO_recall": 0.7072472071039817,
    "PROCEDIMIENTO_f1": 0.576706827309237,
    "PROCEDIMIENTO_number": 1241,
    "PROCEDIMIENTO_precision": 0.5748598879103283,
    "PROCEDIMIENTO_recall": 0.5785656728444802,
    "epoch": 10.0,
    "eval_DIAGNOSTICO_f1": 0.6651413189771197,
    "eval_DIAGNOSTICO_number": 3586,
    "eval_DIAGNOSTICO_precision": 0.6428199791883454,
    "eval_DIAGNOSTICO_recall": 0.6890686001115449,
    "eval_PROCEDIMIENTO_f1": 0.5939907550077042,
    "eval_PROCEDIMIENTO_number": 1299,
    "eval_PROCEDIMIENTO_precision": 0.5944487278334618,
    "eval_PROCEDIMIENTO_recall": 0.5935334872979214,
    "eval_loss": 0.22391997277736664,
    "eval_overall_accuracy": 0.9554053639376457,
    "eval_overall_f1": 0.646718531817275,
    "eval_overall_precision": 0.6306166115541724,
    "eval_overall_recall": 0.6636642784032754,
    "eval_runtime": 4.6676,
    "eval_samples_per_second": 75.413,
    "eval_steps_per_second": 4.713,
    "overall_accuracy": 0.9546455679045812,
    "overall_f1": 0.6540790148794254,
    "overall_precision": 0.6357470576501097,
    "overall_recall": 0.6734995773457312,
    "total_flos": 1846193314180800.0,
    "train_loss": 0.06019464704725477,
    "train_runtime": 607.7022,
    "train_samples_per_second": 11.634,
    "train_steps_per_second": 0.74
}