{
    "DIAGNOSTICO_f1": 0.6806340454858718,
    "DIAGNOSTICO_number": 3491,
    "DIAGNOSTICO_precision": 0.655951115834219,
    "DIAGNOSTICO_recall": 0.7072472071039817,
    "PROCEDIMIENTO_f1": 0.576706827309237,
    "PROCEDIMIENTO_number": 1241,
    "PROCEDIMIENTO_precision": 0.5748598879103283,
    "PROCEDIMIENTO_recall": 0.5785656728444802,
    "overall_accuracy": 0.9546455679045812,
    "overall_f1": 0.6540790148794254,
    "overall_precision": 0.6357470576501097,
    "overall_recall": 0.6734995773457312
}