{
    "epoch": 9.923694779116467,
    "eval_ACTIVIDAD_f1": 0.25641025641025644,
    "eval_ACTIVIDAD_number": 18,
    "eval_ACTIVIDAD_precision": 0.23809523809523808,
    "eval_ACTIVIDAD_recall": 0.2777777777777778,
    "eval_PROFESION_f1": 0.8381330685203575,
    "eval_PROFESION_number": 492,
    "eval_PROFESION_precision": 0.8194174757281554,
    "eval_PROFESION_recall": 0.8577235772357723,
    "eval_SITUACION_LABORAL_f1": 0.6529562982005142,
    "eval_SITUACION_LABORAL_number": 175,
    "eval_SITUACION_LABORAL_precision": 0.5934579439252337,
    "eval_SITUACION_LABORAL_recall": 0.7257142857142858,
    "eval_loss": 0.015844587236642838,
    "eval_overall_accuracy": 0.9969477511665944,
    "eval_overall_f1": 0.7721254355400697,
    "eval_overall_precision": 0.7386666666666667,
    "eval_overall_recall": 0.8087591240875912,
    "eval_runtime": 12.4494,
    "eval_samples_per_second": 20.081,
    "eval_steps_per_second": 5.06
}