{
    "ACTIVIDAD_f1": 0.32653061224489793,
    "ACTIVIDAD_number": 28,
    "ACTIVIDAD_precision": 0.38095238095238093,
    "ACTIVIDAD_recall": 0.2857142857142857,
    "PROFESION_f1": 0.8523878437047757,
    "PROFESION_number": 695,
    "PROFESION_precision": 0.8573508005822417,
    "PROFESION_recall": 0.8474820143884892,
    "SITUACION_LABORAL_f1": 0.5968436154949786,
    "SITUACION_LABORAL_number": 356,
    "SITUACION_LABORAL_precision": 0.6099706744868035,
    "SITUACION_LABORAL_recall": 0.5842696629213483,
    "overall_accuracy": 0.9960478647491492,
    "overall_f1": 0.7565789473684212,
    "overall_precision": 0.7673975214489991,
    "overall_recall": 0.7460611677479148
}