{
    "epoch": 9.923694779116467,
    "total_flos": 1.003105633827144e+16,
    "train_loss": 0.010701384431412143,
    "train_runtime": 2055.529,
    "train_samples_per_second": 4.831,
    "train_steps_per_second": 0.603
}