{
    "ACTIVIDAD_f1": 0.39999999999999997,
    "ACTIVIDAD_number": 28,
    "ACTIVIDAD_precision": 0.4074074074074074,
    "ACTIVIDAD_recall": 0.39285714285714285,
    "PROFESION_f1": 0.8392213410237923,
    "PROFESION_number": 695,
    "PROFESION_precision": 0.8410404624277457,
    "PROFESION_recall": 0.837410071942446,
    "SITUACION_LABORAL_f1": 0.6129496402877697,
    "SITUACION_LABORAL_number": 356,
    "SITUACION_LABORAL_precision": 0.6283185840707964,
    "SITUACION_LABORAL_recall": 0.598314606741573,
    "epoch": 10.0,
    "eval_ACTIVIDAD_f1": 0.3333333333333333,
    "eval_ACTIVIDAD_number": 18,
    "eval_ACTIVIDAD_precision": 0.2916666666666667,
    "eval_ACTIVIDAD_recall": 0.3888888888888889,
    "eval_PROFESION_f1": 0.8271119842829078,
    "eval_PROFESION_number": 495,
    "eval_PROFESION_precision": 0.8049713193116634,
    "eval_PROFESION_recall": 0.8505050505050505,
    "eval_SITUACION_LABORAL_f1": 0.6596858638743456,
    "eval_SITUACION_LABORAL_number": 175,
    "eval_SITUACION_LABORAL_precision": 0.6086956521739131,
    "eval_SITUACION_LABORAL_recall": 0.72,
    "eval_loss": 0.01552614662796259,
    "eval_overall_accuracy": 0.997175177404833,
    "eval_overall_f1": 0.768377253814147,
    "eval_overall_precision": 0.7347480106100795,
    "eval_overall_recall": 0.8052325581395349,
    "eval_runtime": 15.9198,
    "eval_samples_per_second": 16.395,
    "eval_steps_per_second": 4.146,
    "overall_accuracy": 0.9962282201276602,
    "overall_f1": 0.7543284978942443,
    "overall_precision": 0.7618147448015122,
    "overall_recall": 0.7469879518072289,
    "total_flos": 9905464568611200.0,
    "train_loss": 0.010268040467764585,
    "train_runtime": 2748.0912,
    "train_samples_per_second": 3.814,
    "train_steps_per_second": 0.477
}