{
    "ACTIVIDAD_f1": 0.39999999999999997,
    "ACTIVIDAD_number": 28,
    "ACTIVIDAD_precision": 0.4074074074074074,
    "ACTIVIDAD_recall": 0.39285714285714285,
    "PROFESION_f1": 0.8392213410237923,
    "PROFESION_number": 695,
    "PROFESION_precision": 0.8410404624277457,
    "PROFESION_recall": 0.837410071942446,
    "SITUACION_LABORAL_f1": 0.6129496402877697,
    "SITUACION_LABORAL_number": 356,
    "SITUACION_LABORAL_precision": 0.6283185840707964,
    "SITUACION_LABORAL_recall": 0.598314606741573,
    "overall_accuracy": 0.9962282201276602,
    "overall_f1": 0.7543284978942443,
    "overall_precision": 0.7618147448015122,
    "overall_recall": 0.7469879518072289
}