{
    "SINTOMA_f1": 0.6920503425203123,
    "SINTOMA_number": 3081,
    "SINTOMA_precision": 0.6795994993742178,
    "SINTOMA_recall": 0.7049659201557936,
    "epoch": 9.87248322147651,
    "eval_SINTOMA_f1": 0.6770833333333333,
    "eval_SINTOMA_number": 1827,
    "eval_SINTOMA_precision": 0.6458022851465475,
    "eval_SINTOMA_recall": 0.7115489874110563,
    "eval_loss": 0.25920581817626953,
    "eval_overall_accuracy": 0.9453588774959525,
    "eval_overall_f1": 0.6770833333333333,
    "eval_overall_precision": 0.6458022851465475,
    "eval_overall_recall": 0.7115489874110563,
    "eval_runtime": 6.6094,
    "eval_samples_per_second": 22.544,
    "eval_steps_per_second": 5.749,
    "overall_accuracy": 0.9432644698651187,
    "overall_f1": 0.6920503425203123,
    "overall_precision": 0.6795994993742178,
    "overall_recall": 0.7049659201557936,
    "total_flos": 2700586367156160.0,
    "train_loss": 0.054551242171107114,
    "train_runtime": 1167.4869,
    "train_samples_per_second": 5.096,
    "train_steps_per_second": 0.634
}