{
    "FAMILIAR_f1": 0.37894736842105264,
    "FAMILIAR_number": 51,
    "FAMILIAR_precision": 0.4090909090909091,
    "FAMILIAR_recall": 0.35294117647058826,
    "OTROS_f1": 0.6855123674911661,
    "OTROS_number": 146,
    "OTROS_precision": 0.708029197080292,
    "OTROS_recall": 0.6643835616438356,
    "PACIENTE_f1": 0.5966101694915255,
    "PACIENTE_number": 592,
    "PACIENTE_precision": 0.5986394557823129,
    "PACIENTE_recall": 0.5945945945945946,
    "SANITARIO_f1": 0.888888888888889,
    "SANITARIO_number": 292,
    "SANITARIO_precision": 0.85,
    "SANITARIO_recall": 0.9315068493150684,
    "epoch": 10.0,
    "eval_FAMILIAR_f1": 0.6333333333333334,
    "eval_FAMILIAR_number": 59,
    "eval_FAMILIAR_precision": 0.6229508196721312,
    "eval_FAMILIAR_recall": 0.6440677966101694,
    "eval_OTROS_f1": 0.7364864864864865,
    "eval_OTROS_number": 159,
    "eval_OTROS_precision": 0.7956204379562044,
    "eval_OTROS_recall": 0.6855345911949685,
    "eval_PACIENTE_f1": 0.6223958333333333,
    "eval_PACIENTE_number": 358,
    "eval_PACIENTE_precision": 0.5829268292682926,
    "eval_PACIENTE_recall": 0.6675977653631285,
    "eval_SANITARIO_f1": 0.8908450704225352,
    "eval_SANITARIO_number": 270,
    "eval_SANITARIO_precision": 0.8489932885906041,
    "eval_SANITARIO_recall": 0.937037037037037,
    "eval_loss": 0.0184036735445261,
    "eval_overall_accuracy": 0.9964882380814086,
    "eval_overall_f1": 0.7294520547945206,
    "eval_overall_precision": 0.7052980132450332,
    "eval_overall_recall": 0.7553191489361702,
    "eval_runtime": 9.2709,
    "eval_samples_per_second": 65.581,
    "eval_steps_per_second": 8.198,
    "overall_accuracy": 0.9951703837152256,
    "overall_f1": 0.6811059907834102,
    "overall_precision": 0.6786042240587695,
    "overall_recall": 0.6836262719703978,
    "total_flos": 6783415449005376.0,
    "train_loss": 0.01527086394566756,
    "train_runtime": 1528.9433,
    "train_samples_per_second": 16.979,
    "train_steps_per_second": 2.126
}