{
    "epoch": 10.0,
    "eval_FAMILIAR_f1": 0.6333333333333334,
    "eval_FAMILIAR_number": 59,
    "eval_FAMILIAR_precision": 0.6229508196721312,
    "eval_FAMILIAR_recall": 0.6440677966101694,
    "eval_OTROS_f1": 0.7364864864864865,
    "eval_OTROS_number": 159,
    "eval_OTROS_precision": 0.7956204379562044,
    "eval_OTROS_recall": 0.6855345911949685,
    "eval_PACIENTE_f1": 0.6223958333333333,
    "eval_PACIENTE_number": 358,
    "eval_PACIENTE_precision": 0.5829268292682926,
    "eval_PACIENTE_recall": 0.6675977653631285,
    "eval_SANITARIO_f1": 0.8908450704225352,
    "eval_SANITARIO_number": 270,
    "eval_SANITARIO_precision": 0.8489932885906041,
    "eval_SANITARIO_recall": 0.937037037037037,
    "eval_loss": 0.0184036735445261,
    "eval_overall_accuracy": 0.9964882380814086,
    "eval_overall_f1": 0.7294520547945206,
    "eval_overall_precision": 0.7052980132450332,
    "eval_overall_recall": 0.7553191489361702,
    "eval_runtime": 9.2709,
    "eval_samples_per_second": 65.581,
    "eval_steps_per_second": 8.198
}