{
    "FAMILIAR_f1": 0.3655913978494623,
    "FAMILIAR_number": 51,
    "FAMILIAR_precision": 0.40476190476190477,
    "FAMILIAR_recall": 0.3333333333333333,
    "OTROS_f1": 0.6915254237288135,
    "OTROS_number": 146,
    "OTROS_precision": 0.6845637583892618,
    "OTROS_recall": 0.6986301369863014,
    "PACIENTE_f1": 0.6136939983093829,
    "PACIENTE_number": 590,
    "PACIENTE_precision": 0.612141652613828,
    "PACIENTE_recall": 0.6152542372881356,
    "SANITARIO_f1": 0.9176470588235294,
    "SANITARIO_number": 291,
    "SANITARIO_precision": 0.8980263157894737,
    "SANITARIO_recall": 0.9381443298969072,
    "epoch": 9.706827309236948,
    "eval_FAMILIAR_f1": 0.40449438202247195,
    "eval_FAMILIAR_number": 41,
    "eval_FAMILIAR_precision": 0.375,
    "eval_FAMILIAR_recall": 0.43902439024390244,
    "eval_OTROS_f1": 0.6949152542372881,
    "eval_OTROS_number": 129,
    "eval_OTROS_precision": 0.7663551401869159,
    "eval_OTROS_recall": 0.6356589147286822,
    "eval_PACIENTE_f1": 0.6237482117310442,
    "eval_PACIENTE_number": 326,
    "eval_PACIENTE_precision": 0.5844504021447721,
    "eval_PACIENTE_recall": 0.6687116564417178,
    "eval_SANITARIO_f1": 0.8520000000000001,
    "eval_SANITARIO_number": 237,
    "eval_SANITARIO_precision": 0.8098859315589354,
    "eval_SANITARIO_recall": 0.8987341772151899,
    "eval_loss": 0.016938654705882072,
    "eval_overall_accuracy": 0.9961914634695993,
    "eval_overall_f1": 0.6968503937007874,
    "eval_overall_precision": 0.6713021491782554,
    "eval_overall_recall": 0.7244201909959073,
    "eval_runtime": 10.0786,
    "eval_samples_per_second": 24.607,
    "eval_steps_per_second": 6.152,
    "overall_accuracy": 0.9953617301569876,
    "overall_f1": 0.6971375807940905,
    "overall_precision": 0.6939338235294118,
    "overall_recall": 0.7003710575139147,
    "total_flos": 1.0003810617875808e+16,
    "train_loss": 0.02776153318343624,
    "train_runtime": 1777.3178,
    "train_samples_per_second": 5.598,
    "train_steps_per_second": 0.174
}