{
    "epoch": 9.706827309236948,
    "eval_FAMILIAR_f1": 0.40449438202247195,
    "eval_FAMILIAR_number": 41,
    "eval_FAMILIAR_precision": 0.375,
    "eval_FAMILIAR_recall": 0.43902439024390244,
    "eval_OTROS_f1": 0.6949152542372881,
    "eval_OTROS_number": 129,
    "eval_OTROS_precision": 0.7663551401869159,
    "eval_OTROS_recall": 0.6356589147286822,
    "eval_PACIENTE_f1": 0.6237482117310442,
    "eval_PACIENTE_number": 326,
    "eval_PACIENTE_precision": 0.5844504021447721,
    "eval_PACIENTE_recall": 0.6687116564417178,
    "eval_SANITARIO_f1": 0.8520000000000001,
    "eval_SANITARIO_number": 237,
    "eval_SANITARIO_precision": 0.8098859315589354,
    "eval_SANITARIO_recall": 0.8987341772151899,
    "eval_loss": 0.016938654705882072,
    "eval_overall_accuracy": 0.9961914634695993,
    "eval_overall_f1": 0.6968503937007874,
    "eval_overall_precision": 0.6713021491782554,
    "eval_overall_recall": 0.7244201909959073,
    "eval_runtime": 10.0786,
    "eval_samples_per_second": 24.607,
    "eval_steps_per_second": 6.152
}