{
    "ENFERMEDAD_f1": 0.7457627118644068,
    "ENFERMEDAD_number": 2550,
    "ENFERMEDAD_precision": 0.7249166975194372,
    "ENFERMEDAD_recall": 0.7678431372549019,
    "epoch": 10.0,
    "eval_ENFERMEDAD_f1": 0.7463429816370992,
    "eval_ENFERMEDAD_number": 1559,
    "eval_ENFERMEDAD_precision": 0.7249093107617895,
    "eval_ENFERMEDAD_recall": 0.7690827453495831,
    "eval_loss": 0.14961601793766022,
    "eval_overall_accuracy": 0.9712163416898792,
    "eval_overall_f1": 0.7463429816370992,
    "eval_overall_precision": 0.7249093107617895,
    "eval_overall_recall": 0.7690827453495831,
    "eval_runtime": 5.317,
    "eval_samples_per_second": 28.211,
    "eval_steps_per_second": 7.147,
    "overall_accuracy": 0.9711541744920608,
    "overall_f1": 0.7457627118644068,
    "overall_precision": 0.7249166975194372,
    "overall_recall": 0.7678431372549019,
    "total_flos": 2782933889020992.0,
    "train_loss": 0.03452896173795064,
    "train_runtime": 1045.3794,
    "train_samples_per_second": 5.74,
    "train_steps_per_second": 0.717
}