{
    "PROCEDIMIENTO_f1": 0.7501683501683502,
    "PROCEDIMIENTO_number": 3557,
    "PROCEDIMIENTO_precision": 0.7200103412616339,
    "PROCEDIMIENTO_recall": 0.7829631712116952,
    "epoch": 10.0,
    "eval_PROCEDIMIENTO_f1": 0.7511951777177304,
    "eval_PROCEDIMIENTO_number": 2308,
    "eval_PROCEDIMIENTO_precision": 0.7219336795844986,
    "eval_PROCEDIMIENTO_recall": 0.7829289428076257,
    "eval_loss": 0.1664041429758072,
    "eval_overall_accuracy": 0.9651264401812242,
    "eval_overall_f1": 0.7511951777177304,
    "eval_overall_precision": 0.7219336795844986,
    "eval_overall_recall": 0.7829289428076257,
    "eval_runtime": 2.6242,
    "eval_samples_per_second": 79.262,
    "eval_steps_per_second": 4.954,
    "overall_accuracy": 0.9634664549285821,
    "overall_f1": 0.7501683501683502,
    "overall_precision": 0.7200103412616339,
    "overall_recall": 0.7829631712116952,
    "total_flos": 2168456064664320.0,
    "train_loss": 0.05334712110746365,
    "train_runtime": 713.6583,
    "train_samples_per_second": 11.63,
    "train_steps_per_second": 0.729
}