{
    "FAMILIAR_f1": 0.18604651162790697,
    "FAMILIAR_number": 51,
    "FAMILIAR_precision": 0.22857142857142856,
    "FAMILIAR_recall": 0.1568627450980392,
    "OTROS_f1": 0.6258503401360545,
    "OTROS_number": 146,
    "OTROS_precision": 0.6216216216216216,
    "OTROS_recall": 0.6301369863013698,
    "PACIENTE_f1": 0.6153846153846154,
    "PACIENTE_number": 590,
    "PACIENTE_precision": 0.6072607260726073,
    "PACIENTE_recall": 0.6237288135593221,
    "SANITARIO_f1": 0.8855721393034824,
    "SANITARIO_number": 291,
    "SANITARIO_precision": 0.8557692307692307,
    "SANITARIO_recall": 0.9175257731958762,
    "epoch": 9.97338403041825,
    "eval_FAMILIAR_f1": 0.4337349397590361,
    "eval_FAMILIAR_number": 41,
    "eval_FAMILIAR_precision": 0.42857142857142855,
    "eval_FAMILIAR_recall": 0.43902439024390244,
    "eval_OTROS_f1": 0.757201646090535,
    "eval_OTROS_number": 132,
    "eval_OTROS_precision": 0.8288288288288288,
    "eval_OTROS_recall": 0.696969696969697,
    "eval_PACIENTE_f1": 0.6025104602510459,
    "eval_PACIENTE_number": 326,
    "eval_PACIENTE_precision": 0.5524296675191815,
    "eval_PACIENTE_recall": 0.6625766871165644,
    "eval_SANITARIO_f1": 0.8657314629258518,
    "eval_SANITARIO_number": 239,
    "eval_SANITARIO_precision": 0.8307692307692308,
    "eval_SANITARIO_recall": 0.9037656903765691,
    "eval_loss": 0.01807117834687233,
    "eval_overall_accuracy": 0.996031781617957,
    "eval_overall_f1": 0.7029831387808041,
    "eval_overall_precision": 0.6741293532338308,
    "eval_overall_recall": 0.7344173441734417,
    "eval_runtime": 17.6313,
    "eval_samples_per_second": 14.576,
    "eval_steps_per_second": 3.687,
    "overall_accuracy": 0.9951186424729075,
    "overall_f1": 0.6746213859568608,
    "overall_precision": 0.667574931880109,
    "overall_recall": 0.6818181818181818,
    "total_flos": 9865065149155584.0,
    "train_loss": 0.026492750644683837,
    "train_runtime": 3017.8447,
    "train_samples_per_second": 3.486,
    "train_steps_per_second": 0.106
}