{
    "epoch": 9.97338403041825,
    "eval_FAMILIAR_f1": 0.4337349397590361,
    "eval_FAMILIAR_number": 41,
    "eval_FAMILIAR_precision": 0.42857142857142855,
    "eval_FAMILIAR_recall": 0.43902439024390244,
    "eval_OTROS_f1": 0.757201646090535,
    "eval_OTROS_number": 132,
    "eval_OTROS_precision": 0.8288288288288288,
    "eval_OTROS_recall": 0.696969696969697,
    "eval_PACIENTE_f1": 0.6025104602510459,
    "eval_PACIENTE_number": 326,
    "eval_PACIENTE_precision": 0.5524296675191815,
    "eval_PACIENTE_recall": 0.6625766871165644,
    "eval_SANITARIO_f1": 0.8657314629258518,
    "eval_SANITARIO_number": 239,
    "eval_SANITARIO_precision": 0.8307692307692308,
    "eval_SANITARIO_recall": 0.9037656903765691,
    "eval_loss": 0.01807117834687233,
    "eval_overall_accuracy": 0.996031781617957,
    "eval_overall_f1": 0.7029831387808041,
    "eval_overall_precision": 0.6741293532338308,
    "eval_overall_recall": 0.7344173441734417,
    "eval_runtime": 17.6313,
    "eval_samples_per_second": 14.576,
    "eval_steps_per_second": 3.687
}