{
    "FAMILIAR_f1": 0.18604651162790697,
    "FAMILIAR_number": 51,
    "FAMILIAR_precision": 0.22857142857142856,
    "FAMILIAR_recall": 0.1568627450980392,
    "OTROS_f1": 0.6258503401360545,
    "OTROS_number": 146,
    "OTROS_precision": 0.6216216216216216,
    "OTROS_recall": 0.6301369863013698,
    "PACIENTE_f1": 0.6153846153846154,
    "PACIENTE_number": 590,
    "PACIENTE_precision": 0.6072607260726073,
    "PACIENTE_recall": 0.6237288135593221,
    "SANITARIO_f1": 0.8855721393034824,
    "SANITARIO_number": 291,
    "SANITARIO_precision": 0.8557692307692307,
    "SANITARIO_recall": 0.9175257731958762,
    "overall_accuracy": 0.9951186424729075,
    "overall_f1": 0.6746213859568608,
    "overall_precision": 0.667574931880109,
    "overall_recall": 0.6818181818181818
}