{
    "ACTIVIDAD_f1": 0.2692307692307692,
    "ACTIVIDAD_number": 28,
    "ACTIVIDAD_precision": 0.2916666666666667,
    "ACTIVIDAD_recall": 0.25,
    "PROFESION_f1": 0.84822695035461,
    "PROFESION_number": 696,
    "PROFESION_precision": 0.8375350140056023,
    "PROFESION_recall": 0.8591954022988506,
    "SITUACION_LABORAL_f1": 0.6297872340425532,
    "SITUACION_LABORAL_number": 358,
    "SITUACION_LABORAL_precision": 0.6397694524495677,
    "SITUACION_LABORAL_recall": 0.6201117318435754,
    "epoch": 10.0,
    "eval_ACTIVIDAD_f1": 0.4782608695652174,
    "eval_ACTIVIDAD_number": 22,
    "eval_ACTIVIDAD_precision": 0.4583333333333333,
    "eval_ACTIVIDAD_recall": 0.5,
    "eval_PROFESION_f1": 0.825531914893617,
    "eval_PROFESION_number": 572,
    "eval_PROFESION_precision": 0.8043117744610282,
    "eval_PROFESION_recall": 0.8479020979020979,
    "eval_SITUACION_LABORAL_f1": 0.6712328767123288,
    "eval_SITUACION_LABORAL_number": 203,
    "eval_SITUACION_LABORAL_precision": 0.625531914893617,
    "eval_SITUACION_LABORAL_recall": 0.7241379310344828,
    "eval_loss": 0.015649063512682915,
    "eval_overall_accuracy": 0.9971818607708482,
    "eval_overall_f1": 0.7751657625075348,
    "eval_overall_precision": 0.7459396751740139,
    "eval_overall_recall": 0.8067754077791719,
    "eval_runtime": 9.2715,
    "eval_samples_per_second": 68.274,
    "eval_steps_per_second": 8.629,
    "overall_accuracy": 0.9961355027063545,
    "overall_f1": 0.7632671896631287,
    "overall_precision": 0.7622119815668202,
    "overall_recall": 0.7643253234750462,
    "total_flos": 6717945243002928.0,
    "train_loss": 0.012262101406636446,
    "train_runtime": 1120.9592,
    "train_samples_per_second": 22.936,
    "train_steps_per_second": 2.873
}