{
    "ACTIVIDAD_f1": 0.2692307692307692,
    "ACTIVIDAD_number": 28,
    "ACTIVIDAD_precision": 0.2916666666666667,
    "ACTIVIDAD_recall": 0.25,
    "PROFESION_f1": 0.84822695035461,
    "PROFESION_number": 696,
    "PROFESION_precision": 0.8375350140056023,
    "PROFESION_recall": 0.8591954022988506,
    "SITUACION_LABORAL_f1": 0.6297872340425532,
    "SITUACION_LABORAL_number": 358,
    "SITUACION_LABORAL_precision": 0.6397694524495677,
    "SITUACION_LABORAL_recall": 0.6201117318435754,
    "overall_accuracy": 0.9961355027063545,
    "overall_f1": 0.7632671896631287,
    "overall_precision": 0.7622119815668202,
    "overall_recall": 0.7643253234750462
}