{
    "MORFOLOGIA_NEOPLASIA_f1": 0.8227659862106259,
    "MORFOLOGIA_NEOPLASIA_number": 3569,
    "MORFOLOGIA_NEOPLASIA_precision": 0.794932079414838,
    "MORFOLOGIA_NEOPLASIA_recall": 0.852619781451387,
    "epoch": 10.0,
    "eval_MORFOLOGIA_NEOPLASIA_f1": 0.8326838139776566,
    "eval_MORFOLOGIA_NEOPLASIA_number": 7553,
    "eval_MORFOLOGIA_NEOPLASIA_precision": 0.8172893025627949,
    "eval_MORFOLOGIA_NEOPLASIA_recall": 0.8486694028862704,
    "eval_loss": 0.07442425191402435,
    "eval_overall_accuracy": 0.9895495316487816,
    "eval_overall_f1": 0.8326838139776566,
    "eval_overall_precision": 0.8172893025627949,
    "eval_overall_recall": 0.8486694028862704,
    "eval_runtime": 39.2399,
    "eval_samples_per_second": 42.049,
    "eval_steps_per_second": 5.275,
    "overall_accuracy": 0.989493475809631,
    "overall_f1": 0.8227659862106259,
    "overall_precision": 0.794932079414838,
    "overall_recall": 0.852619781451387,
    "total_flos": 1.688395036207104e+16,
    "train_loss": 0.012566795441926572,
    "train_runtime": 3240.8099,
    "train_samples_per_second": 5.61,
    "train_steps_per_second": 0.704
}