{
    "epoch": 10.0,
    "eval_MORFOLOGIA_NEOPLASIA_f1": 0.8326838139776566,
    "eval_MORFOLOGIA_NEOPLASIA_number": 7553,
    "eval_MORFOLOGIA_NEOPLASIA_precision": 0.8172893025627949,
    "eval_MORFOLOGIA_NEOPLASIA_recall": 0.8486694028862704,
    "eval_loss": 0.07442425191402435,
    "eval_overall_accuracy": 0.9895495316487816,
    "eval_overall_f1": 0.8326838139776566,
    "eval_overall_precision": 0.8172893025627949,
    "eval_overall_recall": 0.8486694028862704,
    "eval_runtime": 39.2399,
    "eval_samples_per_second": 42.049,
    "eval_steps_per_second": 5.275
}