{
    "MORFOLOGIA_NEOPLASIA_f1": 0.8227659862106259,
    "MORFOLOGIA_NEOPLASIA_number": 3569,
    "MORFOLOGIA_NEOPLASIA_precision": 0.794932079414838,
    "MORFOLOGIA_NEOPLASIA_recall": 0.852619781451387,
    "overall_accuracy": 0.989493475809631,
    "overall_f1": 0.8227659862106259,
    "overall_precision": 0.794932079414838,
    "overall_recall": 0.852619781451387
}