{
    "ENFERMEDAD_f1": 0.7226663387037264,
    "ENFERMEDAD_number": 7784,
    "ENFERMEDAD_precision": 0.6930879924510498,
    "ENFERMEDAD_recall": 0.7548818088386434,
    "epoch": 10.0,
    "eval_ENFERMEDAD_f1": 0.7196644920782852,
    "eval_ENFERMEDAD_number": 10305,
    "eval_ENFERMEDAD_precision": 0.6922456297624384,
    "eval_ENFERMEDAD_recall": 0.7493449781659388,
    "eval_loss": 0.18994560837745667,
    "eval_overall_accuracy": 0.9650820198421739,
    "eval_overall_f1": 0.7196644920782852,
    "eval_overall_precision": 0.6922456297624384,
    "eval_overall_recall": 0.7493449781659388,
    "eval_runtime": 20.1397,
    "eval_samples_per_second": 14.747,
    "eval_steps_per_second": 3.724,
    "overall_accuracy": 0.966116063653958,
    "overall_f1": 0.7226663387037264,
    "overall_precision": 0.6930879924510498,
    "overall_recall": 0.7548818088386434,
    "total_flos": 4615462244332800.0,
    "train_loss": 0.02984645805358887,
    "train_runtime": 1731.9736,
    "train_samples_per_second": 5.774,
    "train_steps_per_second": 0.722
}