{
    "SINTOMA_f1": 0.6739821882951654,
    "SINTOMA_number": 3098,
    "SINTOMA_precision": 0.6642633228840126,
    "SINTOMA_recall": 0.683989670755326,
    "epoch": 10.0,
    "eval_SINTOMA_f1": 0.6583612841399138,
    "eval_SINTOMA_number": 2009,
    "eval_SINTOMA_precision": 0.6346420323325636,
    "eval_SINTOMA_recall": 0.6839223494275759,
    "eval_loss": 0.26303350925445557,
    "eval_overall_accuracy": 0.9450936587042447,
    "eval_overall_f1": 0.6583612841399138,
    "eval_overall_precision": 0.6346420323325636,
    "eval_overall_recall": 0.6839223494275759,
    "eval_runtime": 2.9251,
    "eval_samples_per_second": 74.87,
    "eval_steps_per_second": 9.572,
    "overall_accuracy": 0.9435898330817489,
    "overall_f1": 0.6739821882951654,
    "overall_precision": 0.6642633228840126,
    "overall_recall": 0.683989670755326,
    "total_flos": 2114309987827488.0,
    "train_loss": 0.06533209009497773,
    "train_runtime": 929.2024,
    "train_samples_per_second": 8.76,
    "train_steps_per_second": 1.098
}