{
    "NORMALIZABLES_f1": 0.9319105691056911,
    "NORMALIZABLES_number": 973,
    "NORMALIZABLES_precision": 0.9216080402010051,
    "NORMALIZABLES_recall": 0.9424460431654677,
    "NO_NORMALIZABLES_f1": 0.10526315789473685,
    "NO_NORMALIZABLES_number": 10,
    "NO_NORMALIZABLES_precision": 0.1111111111111111,
    "NO_NORMALIZABLES_recall": 0.1,
    "PROTEINAS_f1": 0.8748577929465301,
    "PROTEINAS_number": 859,
    "PROTEINAS_precision": 0.8553948832035595,
    "PROTEINAS_recall": 0.8952270081490105,
    "UNCLEAR_f1": 0.7605633802816901,
    "UNCLEAR_number": 34,
    "UNCLEAR_precision": 0.7297297297297297,
    "UNCLEAR_recall": 0.7941176470588235,
    "epoch": 10.0,
    "eval_NORMALIZABLES_f1": 0.9215229215229214,
    "eval_NORMALIZABLES_number": 1275,
    "eval_NORMALIZABLES_precision": 0.9130100076982294,
    "eval_NORMALIZABLES_recall": 0.9301960784313725,
    "eval_NO_NORMALIZABLES_f1": 0.13333333333333333,
    "eval_NO_NORMALIZABLES_number": 19,
    "eval_NO_NORMALIZABLES_precision": 0.18181818181818182,
    "eval_NO_NORMALIZABLES_recall": 0.10526315789473684,
    "eval_PROTEINAS_f1": 0.9067599067599067,
    "eval_PROTEINAS_number": 847,
    "eval_PROTEINAS_precision": 0.8952819332566168,
    "eval_PROTEINAS_recall": 0.9185360094451004,
    "eval_UNCLEAR_f1": 0.7708333333333334,
    "eval_UNCLEAR_number": 45,
    "eval_UNCLEAR_precision": 0.7254901960784313,
    "eval_UNCLEAR_recall": 0.8222222222222222,
    "eval_loss": 0.027489183470606804,
    "eval_overall_accuracy": 0.9951764024530533,
    "eval_overall_f1": 0.9071557971014492,
    "eval_overall_precision": 0.8982062780269058,
    "eval_overall_recall": 0.9162854528819762,
    "eval_runtime": 5.6807,
    "eval_samples_per_second": 61.436,
    "eval_steps_per_second": 7.746,
    "overall_accuracy": 0.9958515395208868,
    "overall_f1": 0.8983228511530398,
    "overall_precision": 0.8835051546391752,
    "overall_recall": 0.9136460554371002,
    "total_flos": 1854793589888160.0,
    "train_loss": 0.015059210658073426,
    "train_runtime": 499.1379,
    "train_samples_per_second": 14.305,
    "train_steps_per_second": 1.803
}