{
    "epoch": 10.0,
    "eval_NORMALIZABLES_f1": 0.9215229215229214,
    "eval_NORMALIZABLES_number": 1275,
    "eval_NORMALIZABLES_precision": 0.9130100076982294,
    "eval_NORMALIZABLES_recall": 0.9301960784313725,
    "eval_NO_NORMALIZABLES_f1": 0.13333333333333333,
    "eval_NO_NORMALIZABLES_number": 19,
    "eval_NO_NORMALIZABLES_precision": 0.18181818181818182,
    "eval_NO_NORMALIZABLES_recall": 0.10526315789473684,
    "eval_PROTEINAS_f1": 0.9067599067599067,
    "eval_PROTEINAS_number": 847,
    "eval_PROTEINAS_precision": 0.8952819332566168,
    "eval_PROTEINAS_recall": 0.9185360094451004,
    "eval_UNCLEAR_f1": 0.7708333333333334,
    "eval_UNCLEAR_number": 45,
    "eval_UNCLEAR_precision": 0.7254901960784313,
    "eval_UNCLEAR_recall": 0.8222222222222222,
    "eval_loss": 0.027489183470606804,
    "eval_overall_accuracy": 0.9951764024530533,
    "eval_overall_f1": 0.9071557971014492,
    "eval_overall_precision": 0.8982062780269058,
    "eval_overall_recall": 0.9162854528819762,
    "eval_runtime": 5.6807,
    "eval_samples_per_second": 61.436,
    "eval_steps_per_second": 7.746
}