{
    "NORMALIZABLES_f1": 0.9319105691056911,
    "NORMALIZABLES_number": 973,
    "NORMALIZABLES_precision": 0.9216080402010051,
    "NORMALIZABLES_recall": 0.9424460431654677,
    "NO_NORMALIZABLES_f1": 0.10526315789473685,
    "NO_NORMALIZABLES_number": 10,
    "NO_NORMALIZABLES_precision": 0.1111111111111111,
    "NO_NORMALIZABLES_recall": 0.1,
    "PROTEINAS_f1": 0.8748577929465301,
    "PROTEINAS_number": 859,
    "PROTEINAS_precision": 0.8553948832035595,
    "PROTEINAS_recall": 0.8952270081490105,
    "UNCLEAR_f1": 0.7605633802816901,
    "UNCLEAR_number": 34,
    "UNCLEAR_precision": 0.7297297297297297,
    "UNCLEAR_recall": 0.7941176470588235,
    "overall_accuracy": 0.9958515395208868,
    "overall_f1": 0.8983228511530398,
    "overall_precision": 0.8835051546391752,
    "overall_recall": 0.9136460554371002
}