{
    "MORFOLOGIA_NEOPLASIA_f1": 0.828162934987861,
    "MORFOLOGIA_NEOPLASIA_number": 3562,
    "MORFOLOGIA_NEOPLASIA_precision": 0.7969885773624091,
    "MORFOLOGIA_NEOPLASIA_recall": 0.8618753509264458,
    "overall_accuracy": 0.9910984848484848,
    "overall_f1": 0.828162934987861,
    "overall_precision": 0.7969885773624091,
    "overall_recall": 0.8618753509264458
}