{
    "FARMACO_f1": 0.9084668192219679,
    "FARMACO_number": 1717,
    "FARMACO_precision": 0.8926363125351321,
    "FARMACO_recall": 0.9248689574839837,
    "epoch": 10.0,
    "eval_FARMACO_f1": 0.8932745736731175,
    "eval_FARMACO_number": 2566,
    "eval_FARMACO_precision": 0.8786279683377308,
    "eval_FARMACO_recall": 0.9084177708495713,
    "eval_loss": 0.010615493170917034,
    "eval_overall_accuracy": 0.9981333236676954,
    "eval_overall_f1": 0.8932745736731175,
    "eval_overall_precision": 0.8786279683377308,
    "eval_overall_recall": 0.9084177708495713,
    "eval_runtime": 24.4106,
    "eval_samples_per_second": 12.167,
    "eval_steps_per_second": 3.072,
    "overall_accuracy": 0.998330775827794,
    "overall_f1": 0.9084668192219679,
    "overall_precision": 0.8926363125351321,
    "overall_recall": 0.9248689574839837,
    "total_flos": 4615462244332800.0,
    "train_loss": 0.003306797370314598,
    "train_runtime": 2154.5498,
    "train_samples_per_second": 4.641,
    "train_steps_per_second": 0.58
}