{
    "SINTOMA_f1": 0.6992469155584041,
    "SINTOMA_number": 3081,
    "SINTOMA_precision": 0.6905063291139241,
    "SINTOMA_recall": 0.7082116196040247,
    "epoch": 9.87248322147651,
    "eval_SINTOMA_f1": 0.6826315789473685,
    "eval_SINTOMA_number": 1827,
    "eval_SINTOMA_precision": 0.6573745565129245,
    "eval_SINTOMA_recall": 0.7099069512862616,
    "eval_loss": 0.30680862069129944,
    "eval_overall_accuracy": 0.9470858067997842,
    "eval_overall_f1": 0.6826315789473685,
    "eval_overall_precision": 0.6573745565129245,
    "eval_overall_recall": 0.7099069512862616,
    "eval_runtime": 5.4744,
    "eval_samples_per_second": 27.217,
    "eval_steps_per_second": 6.941,
    "overall_accuracy": 0.9449974389619259,
    "overall_f1": 0.6992469155584041,
    "overall_precision": 0.6905063291139241,
    "overall_recall": 0.7082116196040247,
    "total_flos": 2700586367156160.0,
    "train_loss": 0.053815707805994394,
    "train_runtime": 1027.8853,
    "train_samples_per_second": 5.789,
    "train_steps_per_second": 0.72
}