{
    "ENFERMEDAD_f1": 0.7542726927459171,
    "ENFERMEDAD_number": 2550,
    "ENFERMEDAD_precision": 0.7312223858615611,
    "ENFERMEDAD_recall": 0.7788235294117647,
    "epoch": 10.0,
    "eval_ENFERMEDAD_f1": 0.7491514964517124,
    "eval_ENFERMEDAD_number": 1559,
    "eval_ENFERMEDAD_precision": 0.7217598097502973,
    "eval_ENFERMEDAD_recall": 0.7787042976266838,
    "eval_loss": 0.17199252545833588,
    "eval_overall_accuracy": 0.9702007892293407,
    "eval_overall_f1": 0.7491514964517124,
    "eval_overall_precision": 0.7217598097502973,
    "eval_overall_recall": 0.7787042976266838,
    "eval_runtime": 6.2945,
    "eval_samples_per_second": 23.83,
    "eval_steps_per_second": 6.037,
    "overall_accuracy": 0.9708383131295886,
    "overall_f1": 0.7542726927459171,
    "overall_precision": 0.7312223858615611,
    "overall_recall": 0.7788235294117647,
    "total_flos": 2782933889020992.0,
    "train_loss": 0.0318125163714091,
    "train_runtime": 1212.5757,
    "train_samples_per_second": 4.948,
    "train_steps_per_second": 0.619
}