{
    "FARMACO_f1": 0.9117478510028654,
    "FARMACO_number": 1717,
    "FARMACO_precision": 0.8973491257755217,
    "FARMACO_recall": 0.9266161910308678,
    "overall_accuracy": 0.9983439193252128,
    "overall_f1": 0.9117478510028654,
    "overall_precision": 0.8973491257755217,
    "overall_recall": 0.9266161910308678
}