{
    "ACTIVIDAD_f1": 0.3050847457627119,
    "ACTIVIDAD_number": 28,
    "ACTIVIDAD_precision": 0.2903225806451613,
    "ACTIVIDAD_recall": 0.32142857142857145,
    "PROFESION_f1": 0.8274398868458275,
    "PROFESION_number": 695,
    "PROFESION_precision": 0.8136300417246175,
    "PROFESION_recall": 0.841726618705036,
    "SITUACION_LABORAL_f1": 0.5994236311239193,
    "SITUACION_LABORAL_number": 356,
    "SITUACION_LABORAL_precision": 0.6153846153846154,
    "SITUACION_LABORAL_recall": 0.5842696629213483,
    "epoch": 10.0,
    "eval_ACTIVIDAD_f1": 0.34146341463414637,
    "eval_ACTIVIDAD_number": 18,
    "eval_ACTIVIDAD_precision": 0.30434782608695654,
    "eval_ACTIVIDAD_recall": 0.3888888888888889,
    "eval_PROFESION_f1": 0.8320312500000001,
    "eval_PROFESION_number": 495,
    "eval_PROFESION_precision": 0.8052930056710775,
    "eval_PROFESION_recall": 0.8606060606060606,
    "eval_SITUACION_LABORAL_f1": 0.6428571428571428,
    "eval_SITUACION_LABORAL_number": 175,
    "eval_SITUACION_LABORAL_precision": 0.5806451612903226,
    "eval_SITUACION_LABORAL_recall": 0.72,
    "eval_loss": 0.01495011430233717,
    "eval_overall_accuracy": 0.997068499814381,
    "eval_overall_f1": 0.7673301304049417,
    "eval_overall_precision": 0.7269180754226268,
    "eval_overall_recall": 0.8125,
    "eval_runtime": 18.4332,
    "eval_samples_per_second": 14.159,
    "eval_steps_per_second": 3.58,
    "overall_accuracy": 0.9959420039835014,
    "overall_f1": 0.7401938163359483,
    "overall_precision": 0.7371323529411765,
    "overall_recall": 0.7432808155699722,
    "total_flos": 9905464568611200.0,
    "train_loss": 0.010784659699629282,
    "train_runtime": 3048.1795,
    "train_samples_per_second": 3.438,
    "train_steps_per_second": 0.43
}