{
    "ACTIVIDAD_f1": 0.3050847457627119,
    "ACTIVIDAD_number": 28,
    "ACTIVIDAD_precision": 0.2903225806451613,
    "ACTIVIDAD_recall": 0.32142857142857145,
    "PROFESION_f1": 0.8274398868458275,
    "PROFESION_number": 695,
    "PROFESION_precision": 0.8136300417246175,
    "PROFESION_recall": 0.841726618705036,
    "SITUACION_LABORAL_f1": 0.5994236311239193,
    "SITUACION_LABORAL_number": 356,
    "SITUACION_LABORAL_precision": 0.6153846153846154,
    "SITUACION_LABORAL_recall": 0.5842696629213483,
    "overall_accuracy": 0.9959420039835014,
    "overall_f1": 0.7401938163359483,
    "overall_precision": 0.7371323529411765,
    "overall_recall": 0.7432808155699722
}