{
    "ENFERMEDAD_f1": 0.7518910741301059,
    "ENFERMEDAD_number": 2550,
    "ENFERMEDAD_precision": 0.7260774287801315,
    "ENFERMEDAD_recall": 0.779607843137255,
    "epoch": 10.0,
    "eval_ENFERMEDAD_f1": 0.7420954742715437,
    "eval_ENFERMEDAD_number": 1559,
    "eval_ENFERMEDAD_precision": 0.7180563887222555,
    "eval_ENFERMEDAD_recall": 0.7677998717126363,
    "eval_loss": 0.17403383553028107,
    "eval_overall_accuracy": 0.9702007892293407,
    "eval_overall_f1": 0.7420954742715437,
    "eval_overall_precision": 0.7180563887222555,
    "eval_overall_recall": 0.7677998717126363,
    "eval_runtime": 5.2029,
    "eval_samples_per_second": 28.83,
    "eval_steps_per_second": 7.304,
    "overall_accuracy": 0.9710261225883559,
    "overall_f1": 0.7518910741301059,
    "overall_precision": 0.7260774287801315,
    "overall_recall": 0.779607843137255,
    "total_flos": 2782933889020992.0,
    "train_loss": 0.032047983487447106,
    "train_runtime": 1044.7504,
    "train_samples_per_second": 5.743,
    "train_steps_per_second": 0.718
}