{
    "MORFOLOGIA_NEOPLASIA_f1": 0.8182184602982667,
    "MORFOLOGIA_NEOPLASIA_number": 3562,
    "MORFOLOGIA_NEOPLASIA_precision": 0.7845916001030662,
    "MORFOLOGIA_NEOPLASIA_recall": 0.8548568220101067,
    "epoch": 10.0,
    "eval_MORFOLOGIA_NEOPLASIA_f1": 0.8277221218590902,
    "eval_MORFOLOGIA_NEOPLASIA_number": 5901,
    "eval_MORFOLOGIA_NEOPLASIA_precision": 0.8029313366257766,
    "eval_MORFOLOGIA_NEOPLASIA_recall": 0.8540925266903915,
    "eval_loss": 0.05286334082484245,
    "eval_overall_accuracy": 0.9904467640918581,
    "eval_overall_f1": 0.8277221218590902,
    "eval_overall_precision": 0.8029313366257766,
    "eval_overall_recall": 0.8540925266903915,
    "eval_runtime": 19.6352,
    "eval_samples_per_second": 25.465,
    "eval_steps_per_second": 6.366,
    "overall_accuracy": 0.9906232782369147,
    "overall_f1": 0.8182184602982667,
    "overall_precision": 0.7845916001030662,
    "overall_recall": 0.8548568220101067,
    "total_flos": 4650369101642880.0,
    "train_loss": 0.023024929728772906,
    "train_runtime": 1073.7113,
    "train_samples_per_second": 4.666,
    "train_steps_per_second": 0.587
}