{
    "MORFOLOGIA_NEOPLASIA_f1": 0.8182184602982667,
    "MORFOLOGIA_NEOPLASIA_number": 3562,
    "MORFOLOGIA_NEOPLASIA_precision": 0.7845916001030662,
    "MORFOLOGIA_NEOPLASIA_recall": 0.8548568220101067,
    "overall_accuracy": 0.9906232782369147,
    "overall_f1": 0.8182184602982667,
    "overall_precision": 0.7845916001030662,
    "overall_recall": 0.8548568220101067
}