{
    "FAMILIAR_f1": 0.5242718446601942,
    "FAMILIAR_number": 51,
    "FAMILIAR_precision": 0.5192307692307693,
    "FAMILIAR_recall": 0.5294117647058824,
    "OTROS_f1": 0.6853146853146853,
    "OTROS_number": 146,
    "OTROS_precision": 0.7,
    "OTROS_recall": 0.6712328767123288,
    "PACIENTE_f1": 0.6528138528138527,
    "PACIENTE_number": 590,
    "PACIENTE_precision": 0.6672566371681415,
    "PACIENTE_recall": 0.6389830508474577,
    "SANITARIO_f1": 0.92,
    "SANITARIO_number": 291,
    "SANITARIO_precision": 0.8932038834951457,
    "SANITARIO_recall": 0.9484536082474226,
    "epoch": 10.0,
    "eval_FAMILIAR_f1": 0.7350427350427351,
    "eval_FAMILIAR_number": 56,
    "eval_FAMILIAR_precision": 0.7049180327868853,
    "eval_FAMILIAR_recall": 0.7678571428571429,
    "eval_OTROS_f1": 0.7666666666666667,
    "eval_OTROS_number": 162,
    "eval_OTROS_precision": 0.8333333333333334,
    "eval_OTROS_recall": 0.7098765432098766,
    "eval_PACIENTE_f1": 0.6422018348623854,
    "eval_PACIENTE_number": 362,
    "eval_PACIENTE_precision": 0.6109725685785536,
    "eval_PACIENTE_recall": 0.6767955801104972,
    "eval_SANITARIO_f1": 0.8645833333333334,
    "eval_SANITARIO_number": 277,
    "eval_SANITARIO_precision": 0.8327759197324415,
    "eval_SANITARIO_recall": 0.8989169675090253,
    "eval_loss": 0.02010086365044117,
    "eval_overall_accuracy": 0.9963982658316968,
    "eval_overall_f1": 0.7425968109339409,
    "eval_overall_precision": 0.7252502780867631,
    "eval_overall_recall": 0.7607934655775963,
    "eval_runtime": 8.4272,
    "eval_samples_per_second": 73.927,
    "eval_steps_per_second": 2.373,
    "overall_accuracy": 0.9955773724573812,
    "overall_f1": 0.7257462686567164,
    "overall_precision": 0.7298311444652908,
    "overall_recall": 0.7217068645640075,
    "total_flos": 6963999266764800.0,
    "train_loss": 0.011146351180615879,
    "train_runtime": 1134.8988,
    "train_samples_per_second": 23.482,
    "train_steps_per_second": 0.74
}