{
    "epoch": 10.0,
    "eval_FAMILIAR_f1": 0.7350427350427351,
    "eval_FAMILIAR_number": 56,
    "eval_FAMILIAR_precision": 0.7049180327868853,
    "eval_FAMILIAR_recall": 0.7678571428571429,
    "eval_OTROS_f1": 0.7666666666666667,
    "eval_OTROS_number": 162,
    "eval_OTROS_precision": 0.8333333333333334,
    "eval_OTROS_recall": 0.7098765432098766,
    "eval_PACIENTE_f1": 0.6422018348623854,
    "eval_PACIENTE_number": 362,
    "eval_PACIENTE_precision": 0.6109725685785536,
    "eval_PACIENTE_recall": 0.6767955801104972,
    "eval_SANITARIO_f1": 0.8645833333333334,
    "eval_SANITARIO_number": 277,
    "eval_SANITARIO_precision": 0.8327759197324415,
    "eval_SANITARIO_recall": 0.8989169675090253,
    "eval_loss": 0.02010086365044117,
    "eval_overall_accuracy": 0.9963982658316968,
    "eval_overall_f1": 0.7425968109339409,
    "eval_overall_precision": 0.7252502780867631,
    "eval_overall_recall": 0.7607934655775963,
    "eval_runtime": 8.4272,
    "eval_samples_per_second": 73.927,
    "eval_steps_per_second": 2.373
}