{
    "MORFOLOGIA_NEOPLASIA_f1": 0.8228846410907632,
    "MORFOLOGIA_NEOPLASIA_number": 3562,
    "MORFOLOGIA_NEOPLASIA_precision": 0.7854044399081398,
    "MORFOLOGIA_NEOPLASIA_recall": 0.8641212801796744,
    "epoch": 10.0,
    "eval_MORFOLOGIA_NEOPLASIA_f1": 0.8372703412073491,
    "eval_MORFOLOGIA_NEOPLASIA_number": 5908,
    "eval_MORFOLOGIA_NEOPLASIA_precision": 0.812221514958625,
    "eval_MORFOLOGIA_NEOPLASIA_recall": 0.8639133378469871,
    "eval_loss": 0.05134064331650734,
    "eval_overall_accuracy": 0.991300434978251,
    "eval_overall_f1": 0.8372703412073491,
    "eval_overall_precision": 0.812221514958625,
    "eval_overall_recall": 0.8639133378469871,
    "eval_runtime": 38.1769,
    "eval_samples_per_second": 13.306,
    "eval_steps_per_second": 3.327,
    "overall_accuracy": 0.9908712121212121,
    "overall_f1": 0.8228846410907632,
    "overall_precision": 0.7854044399081398,
    "overall_recall": 0.8641212801796744,
    "total_flos": 4645918987670016.0,
    "train_loss": 0.01446510273963213,
    "train_runtime": 2124.2658,
    "train_samples_per_second": 2.396,
    "train_steps_per_second": 0.301
}