{
    "MORFOLOGIA_NEOPLASIA_f1": 0.8228846410907632,
    "MORFOLOGIA_NEOPLASIA_number": 3562,
    "MORFOLOGIA_NEOPLASIA_precision": 0.7854044399081398,
    "MORFOLOGIA_NEOPLASIA_recall": 0.8641212801796744,
    "overall_accuracy": 0.9908712121212121,
    "overall_f1": 0.8228846410907632,
    "overall_precision": 0.7854044399081398,
    "overall_recall": 0.8641212801796744
}