{
    "NORMALIZABLES_f1": 0.9362591431556948,
    "NORMALIZABLES_number": 961,
    "NORMALIZABLES_precision": 0.9401888772298006,
    "NORMALIZABLES_recall": 0.9323621227887617,
    "NO_NORMALIZABLES_f1": 0.20000000000000004,
    "NO_NORMALIZABLES_number": 10,
    "NO_NORMALIZABLES_precision": 0.2,
    "NO_NORMALIZABLES_recall": 0.2,
    "PROTEINAS_f1": 0.8654970760233919,
    "PROTEINAS_number": 835,
    "PROTEINAS_precision": 0.8457142857142858,
    "PROTEINAS_recall": 0.8862275449101796,
    "UNCLEAR_f1": 0.7777777777777778,
    "UNCLEAR_number": 34,
    "UNCLEAR_precision": 0.7368421052631579,
    "UNCLEAR_recall": 0.8235294117647058,
    "epoch": 9.990654205607477,
    "eval_NORMALIZABLES_f1": 0.9167429094236048,
    "eval_NORMALIZABLES_number": 1104,
    "eval_NORMALIZABLES_precision": 0.9260628465804066,
    "eval_NORMALIZABLES_recall": 0.907608695652174,
    "eval_NO_NORMALIZABLES_f1": 0.14814814814814814,
    "eval_NO_NORMALIZABLES_number": 16,
    "eval_NO_NORMALIZABLES_precision": 0.18181818181818182,
    "eval_NO_NORMALIZABLES_recall": 0.125,
    "eval_PROTEINAS_f1": 0.8953409858203916,
    "eval_PROTEINAS_number": 736,
    "eval_PROTEINAS_precision": 0.8899328859060402,
    "eval_PROTEINAS_recall": 0.9008152173913043,
    "eval_UNCLEAR_f1": 0.875,
    "eval_UNCLEAR_number": 44,
    "eval_UNCLEAR_precision": 0.8076923076923077,
    "eval_UNCLEAR_recall": 0.9545454545454546,
    "eval_loss": 0.04162166640162468,
    "eval_overall_accuracy": 0.9944099212752868,
    "eval_overall_f1": 0.9018469656992084,
    "eval_overall_precision": 0.9042328042328043,
    "eval_overall_recall": 0.8994736842105263,
    "eval_runtime": 60.839,
    "eval_samples_per_second": 62.246,
    "eval_steps_per_second": 15.566,
    "overall_accuracy": 0.9951759779178454,
    "overall_f1": 0.8966630785791173,
    "overall_precision": 0.8880597014925373,
    "overall_recall": 0.9054347826086957,
    "total_flos": 2832324460224480.0,
    "train_loss": 0.009414801240612673,
    "train_runtime": 5098.2632,
    "train_samples_per_second": 15.945,
    "train_steps_per_second": 1.993
}