{
    "epoch": 9.990654205607477,
    "eval_NORMALIZABLES_f1": 0.9167429094236048,
    "eval_NORMALIZABLES_number": 1104,
    "eval_NORMALIZABLES_precision": 0.9260628465804066,
    "eval_NORMALIZABLES_recall": 0.907608695652174,
    "eval_NO_NORMALIZABLES_f1": 0.14814814814814814,
    "eval_NO_NORMALIZABLES_number": 16,
    "eval_NO_NORMALIZABLES_precision": 0.18181818181818182,
    "eval_NO_NORMALIZABLES_recall": 0.125,
    "eval_PROTEINAS_f1": 0.8953409858203916,
    "eval_PROTEINAS_number": 736,
    "eval_PROTEINAS_precision": 0.8899328859060402,
    "eval_PROTEINAS_recall": 0.9008152173913043,
    "eval_UNCLEAR_f1": 0.875,
    "eval_UNCLEAR_number": 44,
    "eval_UNCLEAR_precision": 0.8076923076923077,
    "eval_UNCLEAR_recall": 0.9545454545454546,
    "eval_loss": 0.04162166640162468,
    "eval_overall_accuracy": 0.9944099212752868,
    "eval_overall_f1": 0.9018469656992084,
    "eval_overall_precision": 0.9042328042328043,
    "eval_overall_recall": 0.8994736842105263,
    "eval_runtime": 60.839,
    "eval_samples_per_second": 62.246,
    "eval_steps_per_second": 15.566
}