{
    "NORMALIZABLES_f1": 0.9362591431556948,
    "NORMALIZABLES_number": 961,
    "NORMALIZABLES_precision": 0.9401888772298006,
    "NORMALIZABLES_recall": 0.9323621227887617,
    "NO_NORMALIZABLES_f1": 0.20000000000000004,
    "NO_NORMALIZABLES_number": 10,
    "NO_NORMALIZABLES_precision": 0.2,
    "NO_NORMALIZABLES_recall": 0.2,
    "PROTEINAS_f1": 0.8654970760233919,
    "PROTEINAS_number": 835,
    "PROTEINAS_precision": 0.8457142857142858,
    "PROTEINAS_recall": 0.8862275449101796,
    "UNCLEAR_f1": 0.7777777777777778,
    "UNCLEAR_number": 34,
    "UNCLEAR_precision": 0.7368421052631579,
    "UNCLEAR_recall": 0.8235294117647058,
    "overall_accuracy": 0.9951759779178454,
    "overall_f1": 0.8966630785791173,
    "overall_precision": 0.8880597014925373,
    "overall_recall": 0.9054347826086957
}