{
    "epoch": 9.848,
    "eval_CALLE_f1": 0.9197247706422019,
    "eval_CALLE_number": 434,
    "eval_CALLE_precision": 0.9155251141552512,
    "eval_CALLE_recall": 0.923963133640553,
    "eval_CENTRO_SALUD_f1": 0.0,
    "eval_CENTRO_SALUD_number": 2,
    "eval_CENTRO_SALUD_precision": 0.0,
    "eval_CENTRO_SALUD_recall": 0.0,
    "eval_CORREO_ELECTRONICO_f1": 0.9767441860465115,
    "eval_CORREO_ELECTRONICO_number": 235,
    "eval_CORREO_ELECTRONICO_precision": 0.9705882352941176,
    "eval_CORREO_ELECTRONICO_recall": 0.9829787234042553,
    "eval_EDAD_SUJETO_ASISTENCIA_f1": 0.9678048780487805,
    "eval_EDAD_SUJETO_ASISTENCIA_number": 521,
    "eval_EDAD_SUJETO_ASISTENCIA_precision": 0.9841269841269841,
    "eval_EDAD_SUJETO_ASISTENCIA_recall": 0.9520153550863724,
    "eval_FAMILIARES_SUJETO_ASISTENCIA_f1": 0.6989247311827957,
    "eval_FAMILIARES_SUJETO_ASISTENCIA_number": 92,
    "eval_FAMILIARES_SUJETO_ASISTENCIA_precision": 0.6914893617021277,
    "eval_FAMILIARES_SUJETO_ASISTENCIA_recall": 0.7065217391304348,
    "eval_FECHAS_f1": 0.9617790132036136,
    "eval_FECHAS_number": 724,
    "eval_FECHAS_precision": 0.9678321678321679,
    "eval_FECHAS_recall": 0.9558011049723757,
    "eval_HOSPITAL_f1": 0.8985507246376812,
    "eval_HOSPITAL_number": 140,
    "eval_HOSPITAL_precision": 0.9117647058823529,
    "eval_HOSPITAL_recall": 0.8857142857142857,
    "eval_ID_ASEGURAMIENTO_f1": 0.9869451697127937,
    "eval_ID_ASEGURAMIENTO_number": 194,
    "eval_ID_ASEGURAMIENTO_precision": 1.0,
    "eval_ID_ASEGURAMIENTO_recall": 0.9742268041237113,
    "eval_ID_CONTACTO_ASISTENCIAL_f1": 0.96875,
    "eval_ID_CONTACTO_ASISTENCIAL_number": 32,
    "eval_ID_CONTACTO_ASISTENCIAL_precision": 0.96875,
    "eval_ID_CONTACTO_ASISTENCIAL_recall": 0.96875,
    "eval_ID_SUJETO_ASISTENCIA_f1": 0.9462738301559792,
    "eval_ID_SUJETO_ASISTENCIA_number": 292,
    "eval_ID_SUJETO_ASISTENCIA_precision": 0.9578947368421052,
    "eval_ID_SUJETO_ASISTENCIA_recall": 0.934931506849315,
    "eval_ID_TITULACION_PERSONAL_SANITARIO_f1": 0.9755011135857461,
    "eval_ID_TITULACION_PERSONAL_SANITARIO_number": 226,
    "eval_ID_TITULACION_PERSONAL_SANITARIO_precision": 0.9820627802690582,
    "eval_ID_TITULACION_PERSONAL_SANITARIO_recall": 0.9690265486725663,
    "eval_INSTITUCION_f1": 0.6545454545454547,
    "eval_INSTITUCION_number": 72,
    "eval_INSTITUCION_precision": 0.5806451612903226,
    "eval_INSTITUCION_recall": 0.75,
    "eval_NOMBRE_PERSONAL_SANITARIO_f1": 0.9574898785425102,
    "eval_NOMBRE_PERSONAL_SANITARIO_number": 497,
    "eval_NOMBRE_PERSONAL_SANITARIO_precision": 0.9633401221995926,
    "eval_NOMBRE_PERSONAL_SANITARIO_recall": 0.9517102615694165,
    "eval_NOMBRE_SUJETO_ASISTENCIA_f1": 0.9808274470232089,
    "eval_NOMBRE_SUJETO_ASISTENCIA_number": 503,
    "eval_NOMBRE_SUJETO_ASISTENCIA_precision": 0.9959016393442623,
    "eval_NOMBRE_SUJETO_ASISTENCIA_recall": 0.9662027833001988,
    "eval_NUMERO_FAX_f1": 0.8333333333333334,
    "eval_NUMERO_FAX_number": 6,
    "eval_NUMERO_FAX_precision": 0.8333333333333334,
    "eval_NUMERO_FAX_recall": 0.8333333333333334,
    "eval_NUMERO_TELEFONO_f1": 0.9166666666666666,
    "eval_NUMERO_TELEFONO_number": 24,
    "eval_NUMERO_TELEFONO_precision": 0.9166666666666666,
    "eval_NUMERO_TELEFONO_recall": 0.9166666666666666,
    "eval_OTROS_SUJETO_ASISTENCIA_f1": 0.0,
    "eval_OTROS_SUJETO_ASISTENCIA_number": 6,
    "eval_OTROS_SUJETO_ASISTENCIA_precision": 0.0,
    "eval_OTROS_SUJETO_ASISTENCIA_recall": 0.0,
    "eval_PAIS_f1": 0.9767441860465116,
    "eval_PAIS_number": 347,
    "eval_PAIS_precision": 0.9853372434017595,
    "eval_PAIS_recall": 0.968299711815562,
    "eval_PROFESION_f1": 0.75,
    "eval_PROFESION_number": 4,
    "eval_PROFESION_precision": 0.75,
    "eval_PROFESION_recall": 0.75,
    "eval_SEXO_SUJETO_ASISTENCIA_f1": 0.9713024282560705,
    "eval_SEXO_SUJETO_ASISTENCIA_number": 455,
    "eval_SEXO_SUJETO_ASISTENCIA_precision": 0.975609756097561,
    "eval_SEXO_SUJETO_ASISTENCIA_recall": 0.967032967032967,
    "eval_TERRITORIO_f1": 0.9681069958847737,
    "eval_TERRITORIO_number": 975,
    "eval_TERRITORIO_precision": 0.9711042311661506,
    "eval_TERRITORIO_recall": 0.9651282051282051,
    "eval_loss": 0.04564085602760315,
    "eval_overall_accuracy": 0.9916402134960861,
    "eval_overall_f1": 0.9527203198331305,
    "eval_overall_precision": 0.9573799126637554,
    "eval_overall_recall": 0.9481058640373637,
    "eval_runtime": 13.436,
    "eval_samples_per_second": 18.607,
    "eval_steps_per_second": 4.689
}