{
    "CALLE_f1": 0.9531812725090036,
    "CALLE_number": 413,
    "CALLE_precision": 0.9452380952380952,
    "CALLE_recall": 0.9612590799031477,
    "CENTRO_SALUD_f1": 0.2,
    "CENTRO_SALUD_number": 6,
    "CENTRO_SALUD_precision": 0.25,
    "CENTRO_SALUD_recall": 0.16666666666666666,
    "CORREO_ELECTRONICO_f1": 0.9880000000000001,
    "CORREO_ELECTRONICO_number": 249,
    "CORREO_ELECTRONICO_precision": 0.9840637450199203,
    "CORREO_ELECTRONICO_recall": 0.9919678714859438,
    "EDAD_SUJETO_ASISTENCIA_f1": 0.9799043062200958,
    "EDAD_SUJETO_ASISTENCIA_number": 518,
    "EDAD_SUJETO_ASISTENCIA_precision": 0.9715370018975332,
    "EDAD_SUJETO_ASISTENCIA_recall": 0.9884169884169884,
    "FAMILIARES_SUJETO_ASISTENCIA_f1": 0.7471264367816093,
    "FAMILIARES_SUJETO_ASISTENCIA_number": 81,
    "FAMILIARES_SUJETO_ASISTENCIA_precision": 0.6989247311827957,
    "FAMILIARES_SUJETO_ASISTENCIA_recall": 0.8024691358024691,
    "FECHAS_f1": 0.9893877551020409,
    "FECHAS_number": 611,
    "FECHAS_precision": 0.9869706840390879,
    "FECHAS_recall": 0.9918166939443536,
    "HOSPITAL_f1": 0.9049429657794676,
    "HOSPITAL_number": 130,
    "HOSPITAL_precision": 0.8947368421052632,
    "HOSPITAL_recall": 0.9153846153846154,
    "ID_ASEGURAMIENTO_f1": 0.9974683544303797,
    "ID_ASEGURAMIENTO_number": 198,
    "ID_ASEGURAMIENTO_precision": 1.0,
    "ID_ASEGURAMIENTO_recall": 0.9949494949494949,
    "ID_CONTACTO_ASISTENCIAL_f1": 0.9500000000000001,
    "ID_CONTACTO_ASISTENCIAL_number": 39,
    "ID_CONTACTO_ASISTENCIAL_precision": 0.926829268292683,
    "ID_CONTACTO_ASISTENCIAL_recall": 0.9743589743589743,
    "ID_SUJETO_ASISTENCIA_f1": 0.9876977152899824,
    "ID_SUJETO_ASISTENCIA_number": 283,
    "ID_SUJETO_ASISTENCIA_precision": 0.9825174825174825,
    "ID_SUJETO_ASISTENCIA_recall": 0.9929328621908127,
    "ID_TITULACION_PERSONAL_SANITARIO_f1": 0.9936305732484078,
    "ID_TITULACION_PERSONAL_SANITARIO_number": 234,
    "ID_TITULACION_PERSONAL_SANITARIO_precision": 0.9873417721518988,
    "ID_TITULACION_PERSONAL_SANITARIO_recall": 1.0,
    "INSTITUCION_f1": 0.47368421052631576,
    "INSTITUCION_number": 67,
    "INSTITUCION_precision": 0.4235294117647059,
    "INSTITUCION_recall": 0.5373134328358209,
    "NOMBRE_PERSONAL_SANITARIO_f1": 0.992047713717694,
    "NOMBRE_PERSONAL_SANITARIO_number": 501,
    "NOMBRE_PERSONAL_SANITARIO_precision": 0.9881188118811881,
    "NOMBRE_PERSONAL_SANITARIO_recall": 0.9960079840319361,
    "NOMBRE_SUJETO_ASISTENCIA_f1": 1.0,
    "NOMBRE_SUJETO_ASISTENCIA_number": 502,
    "NOMBRE_SUJETO_ASISTENCIA_precision": 1.0,
    "NOMBRE_SUJETO_ASISTENCIA_recall": 1.0,
    "NUMERO_FAX_f1": 0.7999999999999999,
    "NUMERO_FAX_number": 7,
    "NUMERO_FAX_precision": 0.75,
    "NUMERO_FAX_recall": 0.8571428571428571,
    "NUMERO_TELEFONO_f1": 0.888888888888889,
    "NUMERO_TELEFONO_number": 26,
    "NUMERO_TELEFONO_precision": 0.8571428571428571,
    "NUMERO_TELEFONO_recall": 0.9230769230769231,
    "OTROS_SUJETO_ASISTENCIA_f1": 0.0,
    "OTROS_SUJETO_ASISTENCIA_number": 7,
    "OTROS_SUJETO_ASISTENCIA_precision": 0.0,
    "OTROS_SUJETO_ASISTENCIA_recall": 0.0,
    "PAIS_f1": 0.9877216916780355,
    "PAIS_number": 363,
    "PAIS_precision": 0.9783783783783784,
    "PAIS_recall": 0.9972451790633609,
    "PROFESION_f1": 0.5185185185185185,
    "PROFESION_number": 9,
    "PROFESION_precision": 0.3888888888888889,
    "PROFESION_recall": 0.7777777777777778,
    "SEXO_SUJETO_ASISTENCIA_f1": 0.9902702702702704,
    "SEXO_SUJETO_ASISTENCIA_number": 461,
    "SEXO_SUJETO_ASISTENCIA_precision": 0.9870689655172413,
    "SEXO_SUJETO_ASISTENCIA_recall": 0.9934924078091106,
    "TERRITORIO_f1": 0.96931877275091,
    "TERRITORIO_number": 956,
    "TERRITORIO_precision": 0.9638055842812823,
    "TERRITORIO_recall": 0.9748953974895398,
    "overall_accuracy": 0.9969274227519389,
    "overall_f1": 0.9679284963196635,
    "overall_precision": 0.9603547209181011,
    "overall_recall": 0.9756226815050344
}