{
    "ACTIVIDAD_f1": 0.4150943396226415,
    "ACTIVIDAD_number": 28,
    "ACTIVIDAD_precision": 0.44,
    "ACTIVIDAD_recall": 0.39285714285714285,
    "PROFESION_f1": 0.8330955777460771,
    "PROFESION_number": 695,
    "PROFESION_precision": 0.826025459688826,
    "PROFESION_recall": 0.8402877697841726,
    "SITUACION_LABORAL_f1": 0.6581196581196581,
    "SITUACION_LABORAL_number": 356,
    "SITUACION_LABORAL_precision": 0.6676300578034682,
    "SITUACION_LABORAL_recall": 0.648876404494382,
    "overall_accuracy": 0.9961184385929144,
    "overall_f1": 0.7658785350023181,
    "overall_precision": 0.7662337662337663,
    "overall_recall": 0.7655236329935126
}