{
    "SINTOMA_f1": 0.6934720908230843,
    "SINTOMA_number": 3081,
    "SINTOMA_precision": 0.6743330266789328,
    "SINTOMA_recall": 0.7137293086660176,
    "epoch": 9.87248322147651,
    "eval_SINTOMA_f1": 0.6740359897172237,
    "eval_SINTOMA_number": 1827,
    "eval_SINTOMA_precision": 0.6354823073194377,
    "eval_SINTOMA_recall": 0.7175697865353038,
    "eval_loss": 0.3219612240791321,
    "eval_overall_accuracy": 0.9473961144090663,
    "eval_overall_f1": 0.6740359897172237,
    "eval_overall_precision": 0.6354823073194377,
    "eval_overall_recall": 0.7175697865353038,
    "eval_runtime": 5.4724,
    "eval_samples_per_second": 27.227,
    "eval_steps_per_second": 6.944,
    "overall_accuracy": 0.9440754652552501,
    "overall_f1": 0.6934720908230843,
    "overall_precision": 0.6743330266789328,
    "overall_recall": 0.7137293086660176,
    "total_flos": 2700586367156160.0,
    "train_loss": 0.055437849824493,
    "train_runtime": 1045.8099,
    "train_samples_per_second": 5.689,
    "train_steps_per_second": 0.708
}