{
    "epoch": 9.87248322147651,
    "total_flos": 2700586367156160.0,
    "train_loss": 0.055437849824493,
    "train_runtime": 1045.8099,
    "train_samples_per_second": 5.689,
    "train_steps_per_second": 0.708
}