{
    "DIAGNOSTICO_f1": 0.6792559188275085,
    "DIAGNOSTICO_number": 3491,
    "DIAGNOSTICO_precision": 0.6685159500693482,
    "DIAGNOSTICO_recall": 0.690346605557147,
    "PROCEDIMIENTO_f1": 0.5735174654752234,
    "PROCEDIMIENTO_number": 1241,
    "PROCEDIMIENTO_precision": 0.5782145782145782,
    "PROCEDIMIENTO_recall": 0.5688960515713135,
    "epoch": 10.0,
    "eval_DIAGNOSTICO_f1": 0.6691511387163561,
    "eval_DIAGNOSTICO_number": 3586,
    "eval_DIAGNOSTICO_precision": 0.6624760863623941,
    "eval_DIAGNOSTICO_recall": 0.6759620747350809,
    "eval_PROCEDIMIENTO_f1": 0.5815715995213402,
    "eval_PROCEDIMIENTO_number": 1299,
    "eval_PROCEDIMIENTO_precision": 0.6034768211920529,
    "eval_PROCEDIMIENTO_recall": 0.5612009237875288,
    "eval_loss": 0.15121401846408844,
    "eval_overall_accuracy": 0.9565484227322941,
    "eval_overall_f1": 0.6466365873666939,
    "eval_overall_precision": 0.6478323402506677,
    "eval_overall_recall": 0.6454452405322415,
    "eval_runtime": 5.7062,
    "eval_samples_per_second": 61.687,
    "eval_steps_per_second": 3.855,
    "overall_accuracy": 0.9553825562483058,
    "overall_f1": 0.6520192508893073,
    "overall_precision": 0.6456692913385826,
    "overall_recall": 0.6584953508030431,
    "total_flos": 1846193314180800.0,
    "train_loss": 0.05836397382948134,
    "train_runtime": 506.7228,
    "train_samples_per_second": 13.952,
    "train_steps_per_second": 0.888
}