{
    "DIAGNOSTICO_f1": 0.6792559188275085,
    "DIAGNOSTICO_number": 3491,
    "DIAGNOSTICO_precision": 0.6685159500693482,
    "DIAGNOSTICO_recall": 0.690346605557147,
    "PROCEDIMIENTO_f1": 0.5735174654752234,
    "PROCEDIMIENTO_number": 1241,
    "PROCEDIMIENTO_precision": 0.5782145782145782,
    "PROCEDIMIENTO_recall": 0.5688960515713135,
    "overall_accuracy": 0.9553825562483058,
    "overall_f1": 0.6520192508893073,
    "overall_precision": 0.6456692913385826,
    "overall_recall": 0.6584953508030431
}