{
    "PROCEDIMIENTO_f1": 0.756900212314225,
    "PROCEDIMIENTO_number": 3648,
    "PROCEDIMIENTO_precision": 0.7335390946502057,
    "PROCEDIMIENTO_recall": 0.7817982456140351,
    "epoch": 10.0,
    "eval_PROCEDIMIENTO_f1": 0.7684862562911343,
    "eval_PROCEDIMIENTO_number": 2491,
    "eval_PROCEDIMIENTO_precision": 0.7420560747663552,
    "eval_PROCEDIMIENTO_recall": 0.7968687274187074,
    "eval_loss": 0.24639001488685608,
    "eval_overall_accuracy": 0.9649175292686332,
    "eval_overall_f1": 0.7684862562911343,
    "eval_overall_precision": 0.7420560747663552,
    "eval_overall_recall": 0.7968687274187074,
    "eval_runtime": 5.9725,
    "eval_samples_per_second": 42.026,
    "eval_steps_per_second": 5.358,
    "overall_accuracy": 0.9632431266264849,
    "overall_f1": 0.756900212314225,
    "overall_precision": 0.7335390946502057,
    "overall_recall": 0.7817982456140351,
    "total_flos": 9791608682243184.0,
    "train_loss": 0.04013838221629461,
    "train_runtime": 1542.9098,
    "train_samples_per_second": 6.838,
    "train_steps_per_second": 0.856
}