{
    "FAMILIAR_f1": 0.5862068965517241,
    "FAMILIAR_number": 51,
    "FAMILIAR_precision": 0.5230769230769231,
    "FAMILIAR_recall": 0.6666666666666666,
    "OTROS_f1": 0.648854961832061,
    "OTROS_number": 146,
    "OTROS_precision": 0.7327586206896551,
    "OTROS_recall": 0.5821917808219178,
    "PACIENTE_f1": 0.6723842195540308,
    "PACIENTE_number": 588,
    "PACIENTE_precision": 0.6782006920415224,
    "PACIENTE_recall": 0.6666666666666666,
    "SANITARIO_f1": 0.9078947368421052,
    "SANITARIO_number": 291,
    "SANITARIO_precision": 0.8706624605678234,
    "SANITARIO_recall": 0.9484536082474226,
    "epoch": 10.0,
    "eval_FAMILIAR_f1": 0.6930693069306931,
    "eval_FAMILIAR_number": 45,
    "eval_FAMILIAR_precision": 0.625,
    "eval_FAMILIAR_recall": 0.7777777777777778,
    "eval_OTROS_f1": 0.6891385767790262,
    "eval_OTROS_number": 160,
    "eval_OTROS_precision": 0.8598130841121495,
    "eval_OTROS_recall": 0.575,
    "eval_PACIENTE_f1": 0.6694915254237288,
    "eval_PACIENTE_number": 351,
    "eval_PACIENTE_precision": 0.6638655462184874,
    "eval_PACIENTE_recall": 0.6752136752136753,
    "eval_SANITARIO_f1": 0.8770764119601329,
    "eval_SANITARIO_number": 283,
    "eval_SANITARIO_precision": 0.8275862068965517,
    "eval_SANITARIO_recall": 0.9328621908127208,
    "eval_loss": 0.016824739053845406,
    "eval_overall_accuracy": 0.9970094977102338,
    "eval_overall_f1": 0.7485101311084624,
    "eval_overall_precision": 0.7485101311084624,
    "eval_overall_recall": 0.7485101311084624,
    "eval_runtime": 11.0606,
    "eval_samples_per_second": 76.759,
    "eval_steps_per_second": 9.674,
    "overall_accuracy": 0.9961959699992619,
    "overall_f1": 0.7314126394052045,
    "overall_precision": 0.7314126394052045,
    "overall_recall": 0.7314126394052045,
    "total_flos": 9415287968901120.0,
    "train_loss": 0.006572066244623828,
    "train_runtime": 2104.6673,
    "train_samples_per_second": 17.119,
    "train_steps_per_second": 2.143
}