{
    "DIAGNOSTICO_f1": 0.6570955273329653,
    "DIAGNOSTICO_number": 3478,
    "DIAGNOSTICO_precision": 0.6319702602230484,
    "DIAGNOSTICO_recall": 0.684301322599195,
    "PROCEDIMIENTO_f1": 0.5498039215686276,
    "PROCEDIMIENTO_number": 1240,
    "PROCEDIMIENTO_precision": 0.5351145038167939,
    "PROCEDIMIENTO_recall": 0.5653225806451613,
    "epoch": 10.0,
    "eval_DIAGNOSTICO_f1": 0.6195458025006378,
    "eval_DIAGNOSTICO_number": 3759,
    "eval_DIAGNOSTICO_precision": 0.595243932336357,
    "eval_DIAGNOSTICO_recall": 0.6459164671455174,
    "eval_PROCEDIMIENTO_f1": 0.5643912737508796,
    "eval_PROCEDIMIENTO_number": 1424,
    "eval_PROCEDIMIENTO_precision": 0.5655853314527504,
    "eval_PROCEDIMIENTO_recall": 0.5632022471910112,
    "eval_loss": 0.245546355843544,
    "eval_overall_accuracy": 0.9462550844606649,
    "eval_overall_f1": 0.6048689138576779,
    "eval_overall_precision": 0.5875932326723667,
    "eval_overall_recall": 0.6231912020065599,
    "eval_runtime": 6.7881,
    "eval_samples_per_second": 70.123,
    "eval_steps_per_second": 8.839,
    "overall_accuracy": 0.9476827463746671,
    "overall_f1": 0.6291607106391669,
    "overall_precision": 0.6069739952718676,
    "overall_recall": 0.6530309453158117,
    "total_flos": 2507516965097472.0,
    "train_loss": 0.08223016341527303,
    "train_runtime": 1042.7982,
    "train_samples_per_second": 9.206,
    "train_steps_per_second": 1.151
}