{
    "DIAGNOSTICO_f1": 0.6570955273329653,
    "DIAGNOSTICO_number": 3478,
    "DIAGNOSTICO_precision": 0.6319702602230484,
    "DIAGNOSTICO_recall": 0.684301322599195,
    "PROCEDIMIENTO_f1": 0.5498039215686276,
    "PROCEDIMIENTO_number": 1240,
    "PROCEDIMIENTO_precision": 0.5351145038167939,
    "PROCEDIMIENTO_recall": 0.5653225806451613,
    "overall_accuracy": 0.9476827463746671,
    "overall_f1": 0.6291607106391669,
    "overall_precision": 0.6069739952718676,
    "overall_recall": 0.6530309453158117
}