{
    "epoch": 9.848,
    "eval_NORMALIZABLES_f1": 0.9137100306614104,
    "eval_NORMALIZABLES_number": 1121,
    "eval_NORMALIZABLES_precision": 0.8975903614457831,
    "eval_NORMALIZABLES_recall": 0.9304192685102587,
    "eval_NO_NORMALIZABLES_f1": 0.10526315789473684,
    "eval_NO_NORMALIZABLES_number": 16,
    "eval_NO_NORMALIZABLES_precision": 0.3333333333333333,
    "eval_NO_NORMALIZABLES_recall": 0.0625,
    "eval_PROTEINAS_f1": 0.8959575878064945,
    "eval_PROTEINAS_number": 745,
    "eval_PROTEINAS_precision": 0.8848167539267016,
    "eval_PROTEINAS_recall": 0.9073825503355705,
    "eval_UNCLEAR_f1": 0.7640449438202247,
    "eval_UNCLEAR_number": 44,
    "eval_UNCLEAR_precision": 0.7555555555555555,
    "eval_UNCLEAR_recall": 0.7727272727272727,
    "eval_loss": 0.023130662739276886,
    "eval_overall_accuracy": 0.9954928335170893,
    "eval_overall_f1": 0.8994871794871795,
    "eval_overall_precision": 0.8885511651469098,
    "eval_overall_recall": 0.9106957424714434,
    "eval_runtime": 7.2921,
    "eval_samples_per_second": 34.284,
    "eval_steps_per_second": 8.64
}