{
    "NORMALIZABLES_f1": 0.9259445843828715,
    "NORMALIZABLES_number": 973,
    "NORMALIZABLES_precision": 0.908102766798419,
    "NORMALIZABLES_recall": 0.9445015416238438,
    "NO_NORMALIZABLES_f1": 0.0,
    "NO_NORMALIZABLES_number": 10,
    "NO_NORMALIZABLES_precision": 0.0,
    "NO_NORMALIZABLES_recall": 0.0,
    "PROTEINAS_f1": 0.8608597285067873,
    "PROTEINAS_number": 859,
    "PROTEINAS_precision": 0.8371837183718371,
    "PROTEINAS_recall": 0.8859138533178114,
    "UNCLEAR_f1": 0.7397260273972601,
    "UNCLEAR_number": 34,
    "UNCLEAR_precision": 0.6923076923076923,
    "UNCLEAR_recall": 0.7941176470588235,
    "overall_accuracy": 0.99574952819763,
    "overall_f1": 0.8885996876626758,
    "overall_precision": 0.8682604272634792,
    "overall_recall": 0.9099147121535182
}