{
    "SINTOMA_f1": 0.7020472440944882,
    "SINTOMA_number": 3081,
    "SINTOMA_precision": 0.6818598959926583,
    "SINTOMA_recall": 0.7234664070107109,
    "epoch": 9.87248322147651,
    "eval_SINTOMA_f1": 0.6814547330410112,
    "eval_SINTOMA_number": 1827,
    "eval_SINTOMA_precision": 0.644390243902439,
    "eval_SINTOMA_recall": 0.7230432402846196,
    "eval_loss": 0.3145441710948944,
    "eval_overall_accuracy": 0.9454398273070697,
    "eval_overall_f1": 0.6814547330410112,
    "eval_overall_precision": 0.644390243902439,
    "eval_overall_recall": 0.7230432402846196,
    "eval_runtime": 6.5898,
    "eval_samples_per_second": 22.611,
    "eval_steps_per_second": 5.766,
    "overall_accuracy": 0.9440840020488305,
    "overall_f1": 0.7020472440944882,
    "overall_precision": 0.6818598959926583,
    "overall_recall": 0.7234664070107109,
    "total_flos": 2700586367156160.0,
    "train_loss": 0.052040394254632895,
    "train_runtime": 1168.4557,
    "train_samples_per_second": 5.092,
    "train_steps_per_second": 0.633
}