{
    "DIAGNOSTICO_f1": 0.6891322662173548,
    "DIAGNOSTICO_number": 3491,
    "DIAGNOSTICO_precision": 0.6758468741393555,
    "DIAGNOSTICO_recall": 0.7029504439988542,
    "PROCEDIMIENTO_f1": 0.5868506493506495,
    "PROCEDIMIENTO_number": 1241,
    "PROCEDIMIENTO_precision": 0.5911692559280458,
    "PROCEDIMIENTO_recall": 0.5825946817082998,
    "epoch": 10.0,
    "eval_DIAGNOSTICO_f1": 0.6728614375512435,
    "eval_DIAGNOSTICO_number": 3586,
    "eval_DIAGNOSTICO_precision": 0.6596998928188639,
    "eval_DIAGNOSTICO_recall": 0.6865588399330731,
    "eval_PROCEDIMIENTO_f1": 0.5898764447987246,
    "eval_PROCEDIMIENTO_number": 1299,
    "eval_PROCEDIMIENTO_precision": 0.6115702479338843,
    "eval_PROCEDIMIENTO_recall": 0.5696689761354888,
    "eval_loss": 0.22542276978492737,
    "eval_overall_accuracy": 0.9561418313489628,
    "eval_overall_f1": 0.6516739594993385,
    "eval_overall_precision": 0.6479158235532173,
    "eval_overall_recall": 0.6554759467758444,
    "eval_runtime": 4.64,
    "eval_samples_per_second": 75.862,
    "eval_steps_per_second": 4.741,
    "overall_accuracy": 0.9562804960693955,
    "overall_f1": 0.6628416440642603,
    "overall_precision": 0.6545117428924598,
    "overall_recall": 0.6713863060016906,
    "total_flos": 1846193314180800.0,
    "train_loss": 0.06243405236138238,
    "train_runtime": 486.5268,
    "train_samples_per_second": 14.532,
    "train_steps_per_second": 0.925
}