{
    "DIAGNOSTICO_f1": 0.6891322662173548,
    "DIAGNOSTICO_number": 3491,
    "DIAGNOSTICO_precision": 0.6758468741393555,
    "DIAGNOSTICO_recall": 0.7029504439988542,
    "PROCEDIMIENTO_f1": 0.5868506493506495,
    "PROCEDIMIENTO_number": 1241,
    "PROCEDIMIENTO_precision": 0.5911692559280458,
    "PROCEDIMIENTO_recall": 0.5825946817082998,
    "overall_accuracy": 0.9562804960693955,
    "overall_f1": 0.6628416440642603,
    "overall_precision": 0.6545117428924598,
    "overall_recall": 0.6713863060016906
}