{
    "ACTIVIDAD_f1": 0.509090909090909,
    "ACTIVIDAD_number": 28,
    "ACTIVIDAD_precision": 0.5185185185185185,
    "ACTIVIDAD_recall": 0.5,
    "PROFESION_f1": 0.8473609129814551,
    "PROFESION_number": 695,
    "PROFESION_precision": 0.8401697312588402,
    "PROFESION_recall": 0.8546762589928057,
    "SITUACION_LABORAL_f1": 0.640117994100295,
    "SITUACION_LABORAL_number": 356,
    "SITUACION_LABORAL_precision": 0.6739130434782609,
    "SITUACION_LABORAL_recall": 0.6095505617977528,
    "epoch": 10.0,
    "eval_ACTIVIDAD_f1": 0.4878048780487805,
    "eval_ACTIVIDAD_number": 21,
    "eval_ACTIVIDAD_precision": 0.5,
    "eval_ACTIVIDAD_recall": 0.47619047619047616,
    "eval_PROFESION_f1": 0.8378839590443686,
    "eval_PROFESION_number": 574,
    "eval_PROFESION_precision": 0.8210702341137124,
    "eval_PROFESION_recall": 0.8554006968641115,
    "eval_SITUACION_LABORAL_f1": 0.6744730679156908,
    "eval_SITUACION_LABORAL_number": 196,
    "eval_SITUACION_LABORAL_precision": 0.6233766233766234,
    "eval_SITUACION_LABORAL_recall": 0.7346938775510204,
    "eval_loss": 0.017350351437926292,
    "eval_overall_accuracy": 0.9971515588965372,
    "eval_overall_f1": 0.7865853658536585,
    "eval_overall_precision": 0.7597173144876325,
    "eval_overall_recall": 0.8154235145385588,
    "eval_runtime": 9.3838,
    "eval_samples_per_second": 69.162,
    "eval_steps_per_second": 8.738,
    "overall_accuracy": 0.9961772501293854,
    "overall_f1": 0.7728337236533958,
    "overall_precision": 0.78125,
    "overall_recall": 0.7645968489341983,
    "total_flos": 6895933124720640.0,
    "train_loss": 0.0063122663759824,
    "train_runtime": 1150.061,
    "train_samples_per_second": 22.947,
    "train_steps_per_second": 2.869
}