{
    "epoch": 10.0,
    "eval_ACTIVIDAD_f1": 0.4878048780487805,
    "eval_ACTIVIDAD_number": 21,
    "eval_ACTIVIDAD_precision": 0.5,
    "eval_ACTIVIDAD_recall": 0.47619047619047616,
    "eval_PROFESION_f1": 0.8378839590443686,
    "eval_PROFESION_number": 574,
    "eval_PROFESION_precision": 0.8210702341137124,
    "eval_PROFESION_recall": 0.8554006968641115,
    "eval_SITUACION_LABORAL_f1": 0.6744730679156908,
    "eval_SITUACION_LABORAL_number": 196,
    "eval_SITUACION_LABORAL_precision": 0.6233766233766234,
    "eval_SITUACION_LABORAL_recall": 0.7346938775510204,
    "eval_loss": 0.017350351437926292,
    "eval_overall_accuracy": 0.9971515588965372,
    "eval_overall_f1": 0.7865853658536585,
    "eval_overall_precision": 0.7597173144876325,
    "eval_overall_recall": 0.8154235145385588,
    "eval_runtime": 9.3838,
    "eval_samples_per_second": 69.162,
    "eval_steps_per_second": 8.738
}