{
    "ACTIVIDAD_f1": 0.509090909090909,
    "ACTIVIDAD_number": 28,
    "ACTIVIDAD_precision": 0.5185185185185185,
    "ACTIVIDAD_recall": 0.5,
    "PROFESION_f1": 0.8473609129814551,
    "PROFESION_number": 695,
    "PROFESION_precision": 0.8401697312588402,
    "PROFESION_recall": 0.8546762589928057,
    "SITUACION_LABORAL_f1": 0.640117994100295,
    "SITUACION_LABORAL_number": 356,
    "SITUACION_LABORAL_precision": 0.6739130434782609,
    "SITUACION_LABORAL_recall": 0.6095505617977528,
    "overall_accuracy": 0.9961772501293854,
    "overall_f1": 0.7728337236533958,
    "overall_precision": 0.78125,
    "overall_recall": 0.7645968489341983
}