{
    "MORFOLOGIA_NEOPLASIA_f1": 0.8397401191120736,
    "MORFOLOGIA_NEOPLASIA_number": 3562,
    "MORFOLOGIA_NEOPLASIA_precision": 0.810768426555149,
    "MORFOLOGIA_NEOPLASIA_recall": 0.87085906793936,
    "overall_accuracy": 0.9915874655647383,
    "overall_f1": 0.8397401191120736,
    "overall_precision": 0.810768426555149,
    "overall_recall": 0.87085906793936
}