{
    "FARMACO_f1": 0.9092446448703494,
    "FARMACO_number": 1723,
    "FARMACO_precision": 0.8838356164383562,
    "FARMACO_recall": 0.9361578641903656,
    "epoch": 10.0,
    "eval_FARMACO_f1": 0.9049138481174217,
    "eval_FARMACO_number": 3056,
    "eval_FARMACO_precision": 0.8829389788293898,
    "eval_FARMACO_recall": 0.9280104712041884,
    "eval_loss": 0.01070332806557417,
    "eval_overall_accuracy": 0.997917365598191,
    "eval_overall_f1": 0.9049138481174217,
    "eval_overall_precision": 0.8829389788293898,
    "eval_overall_recall": 0.9280104712041884,
    "eval_runtime": 14.5732,
    "eval_samples_per_second": 68.619,
    "eval_steps_per_second": 8.577,
    "overall_accuracy": 0.9981572693142287,
    "overall_f1": 0.9092446448703494,
    "overall_precision": 0.8838356164383562,
    "overall_recall": 0.9361578641903656,
    "total_flos": 3616510457958912.0,
    "train_loss": 0.008745529147228976,
    "train_runtime": 780.4199,
    "train_samples_per_second": 17.837,
    "train_steps_per_second": 2.23
}