{
    "FARMACO_f1": 0.9219777079165475,
    "FARMACO_number": 1717,
    "FARMACO_precision": 0.9051627384960719,
    "FARMACO_recall": 0.9394292370413512,
    "epoch": 10.0,
    "eval_FARMACO_f1": 0.8981940226945822,
    "eval_FARMACO_number": 3060,
    "eval_FARMACO_precision": 0.8789490147012825,
    "eval_FARMACO_recall": 0.9183006535947712,
    "eval_loss": 0.010810773819684982,
    "eval_overall_accuracy": 0.9980699948533196,
    "eval_overall_f1": 0.8981940226945822,
    "eval_overall_precision": 0.8789490147012825,
    "eval_overall_recall": 0.9183006535947712,
    "eval_runtime": 15.0979,
    "eval_samples_per_second": 69.149,
    "eval_steps_per_second": 8.677,
    "overall_accuracy": 0.9983406334508581,
    "overall_f1": 0.9219777079165475,
    "overall_precision": 0.9051627384960719,
    "overall_recall": 0.9394292370413512,
    "total_flos": 3679026272204544.0,
    "train_loss": 0.003908912094540141,
    "train_runtime": 871.1985,
    "train_samples_per_second": 16.265,
    "train_steps_per_second": 2.043
}