{
    "ENFERMEDAD_f1": 0.7513207547169811,
    "ENFERMEDAD_number": 2550,
    "ENFERMEDAD_precision": 0.724,
    "ENFERMEDAD_recall": 0.7807843137254902,
    "epoch": 10.0,
    "eval_ENFERMEDAD_f1": 0.7432598039215687,
    "eval_ENFERMEDAD_number": 1559,
    "eval_ENFERMEDAD_precision": 0.7114369501466276,
    "eval_ENFERMEDAD_recall": 0.7780628608082104,
    "eval_loss": 0.16770784556865692,
    "eval_overall_accuracy": 0.9705199628597957,
    "eval_overall_f1": 0.7432598039215687,
    "eval_overall_precision": 0.7114369501466276,
    "eval_overall_recall": 0.7780628608082104,
    "eval_runtime": 4.3558,
    "eval_samples_per_second": 34.437,
    "eval_steps_per_second": 8.724,
    "overall_accuracy": 0.9698138978999488,
    "overall_f1": 0.7513207547169811,
    "overall_precision": 0.724,
    "overall_recall": 0.7807843137254902,
    "total_flos": 2782933889020992.0,
    "train_loss": 0.033917970101038614,
    "train_runtime": 838.4832,
    "train_samples_per_second": 7.156,
    "train_steps_per_second": 0.894
}