{
    "MORFOLOGIA_NEOPLASIA_f1": 0.8324832214765101,
    "MORFOLOGIA_NEOPLASIA_number": 3586,
    "MORFOLOGIA_NEOPLASIA_precision": 0.802536231884058,
    "MORFOLOGIA_NEOPLASIA_recall": 0.8647518126045733,
    "epoch": 10.0,
    "eval_MORFOLOGIA_NEOPLASIA_f1": 0.8317750812280353,
    "eval_MORFOLOGIA_NEOPLASIA_number": 7359,
    "eval_MORFOLOGIA_NEOPLASIA_precision": 0.8122248122248122,
    "eval_MORFOLOGIA_NEOPLASIA_recall": 0.8522897132762604,
    "eval_loss": 0.05746602639555931,
    "eval_overall_accuracy": 0.9902385153624935,
    "eval_overall_f1": 0.8317750812280353,
    "eval_overall_precision": 0.8122248122248122,
    "eval_overall_recall": 0.8522897132762604,
    "eval_runtime": 18.235,
    "eval_samples_per_second": 73.101,
    "eval_steps_per_second": 9.158,
    "overall_accuracy": 0.9904644865506301,
    "overall_f1": 0.8324832214765101,
    "overall_precision": 0.802536231884058,
    "overall_recall": 0.8647518126045733,
    "total_flos": 3772767331183104.0,
    "train_loss": 0.015045911789928352,
    "train_runtime": 882.0698,
    "train_samples_per_second": 16.371,
    "train_steps_per_second": 2.052
}