{
    "epoch": 10.0,
    "eval_MORFOLOGIA_NEOPLASIA_f1": 0.8317750812280353,
    "eval_MORFOLOGIA_NEOPLASIA_number": 7359,
    "eval_MORFOLOGIA_NEOPLASIA_precision": 0.8122248122248122,
    "eval_MORFOLOGIA_NEOPLASIA_recall": 0.8522897132762604,
    "eval_loss": 0.05746602639555931,
    "eval_overall_accuracy": 0.9902385153624935,
    "eval_overall_f1": 0.8317750812280353,
    "eval_overall_precision": 0.8122248122248122,
    "eval_overall_recall": 0.8522897132762604,
    "eval_runtime": 18.235,
    "eval_samples_per_second": 73.101,
    "eval_steps_per_second": 9.158
}