{
    "MORFOLOGIA_NEOPLASIA_f1": 0.8324832214765101,
    "MORFOLOGIA_NEOPLASIA_number": 3586,
    "MORFOLOGIA_NEOPLASIA_precision": 0.802536231884058,
    "MORFOLOGIA_NEOPLASIA_recall": 0.8647518126045733,
    "overall_accuracy": 0.9904644865506301,
    "overall_f1": 0.8324832214765101,
    "overall_precision": 0.802536231884058,
    "overall_recall": 0.8647518126045733
}