{
    "epoch": 9.848,
    "eval_CALLE_f1": 0.9172413793103448,
    "eval_CALLE_number": 434,
    "eval_CALLE_precision": 0.9151376146788991,
    "eval_CALLE_recall": 0.9193548387096774,
    "eval_CENTRO_SALUD_f1": 0.0,
    "eval_CENTRO_SALUD_number": 2,
    "eval_CENTRO_SALUD_precision": 0.0,
    "eval_CENTRO_SALUD_recall": 0.0,
    "eval_CORREO_ELECTRONICO_f1": 0.9789029535864978,
    "eval_CORREO_ELECTRONICO_number": 235,
    "eval_CORREO_ELECTRONICO_precision": 0.9707112970711297,
    "eval_CORREO_ELECTRONICO_recall": 0.9872340425531915,
    "eval_EDAD_SUJETO_ASISTENCIA_f1": 0.9659863945578232,
    "eval_EDAD_SUJETO_ASISTENCIA_number": 521,
    "eval_EDAD_SUJETO_ASISTENCIA_precision": 0.9783464566929134,
    "eval_EDAD_SUJETO_ASISTENCIA_recall": 0.9539347408829175,
    "eval_FAMILIARES_SUJETO_ASISTENCIA_f1": 0.7071823204419889,
    "eval_FAMILIARES_SUJETO_ASISTENCIA_number": 92,
    "eval_FAMILIARES_SUJETO_ASISTENCIA_precision": 0.7191011235955056,
    "eval_FAMILIARES_SUJETO_ASISTENCIA_recall": 0.6956521739130435,
    "eval_FECHAS_f1": 0.9653739612188365,
    "eval_FECHAS_number": 724,
    "eval_FECHAS_precision": 0.9680555555555556,
    "eval_FECHAS_recall": 0.962707182320442,
    "eval_HOSPITAL_f1": 0.8661971830985916,
    "eval_HOSPITAL_number": 140,
    "eval_HOSPITAL_precision": 0.8541666666666666,
    "eval_HOSPITAL_recall": 0.8785714285714286,
    "eval_ID_ASEGURAMIENTO_f1": 0.9869451697127937,
    "eval_ID_ASEGURAMIENTO_number": 194,
    "eval_ID_ASEGURAMIENTO_precision": 1.0,
    "eval_ID_ASEGURAMIENTO_recall": 0.9742268041237113,
    "eval_ID_CONTACTO_ASISTENCIAL_f1": 0.96875,
    "eval_ID_CONTACTO_ASISTENCIAL_number": 32,
    "eval_ID_CONTACTO_ASISTENCIAL_precision": 0.96875,
    "eval_ID_CONTACTO_ASISTENCIAL_recall": 0.96875,
    "eval_ID_SUJETO_ASISTENCIA_f1": 0.9413793103448275,
    "eval_ID_SUJETO_ASISTENCIA_number": 292,
    "eval_ID_SUJETO_ASISTENCIA_precision": 0.9479166666666666,
    "eval_ID_SUJETO_ASISTENCIA_recall": 0.934931506849315,
    "eval_ID_TITULACION_PERSONAL_SANITARIO_f1": 0.9733333333333334,
    "eval_ID_TITULACION_PERSONAL_SANITARIO_number": 226,
    "eval_ID_TITULACION_PERSONAL_SANITARIO_precision": 0.9776785714285714,
    "eval_ID_TITULACION_PERSONAL_SANITARIO_recall": 0.9690265486725663,
    "eval_INSTITUCION_f1": 0.7133757961783439,
    "eval_INSTITUCION_number": 72,
    "eval_INSTITUCION_precision": 0.6588235294117647,
    "eval_INSTITUCION_recall": 0.7777777777777778,
    "eval_NOMBRE_PERSONAL_SANITARIO_f1": 0.9524772497472194,
    "eval_NOMBRE_PERSONAL_SANITARIO_number": 497,
    "eval_NOMBRE_PERSONAL_SANITARIO_precision": 0.9573170731707317,
    "eval_NOMBRE_PERSONAL_SANITARIO_recall": 0.9476861167002012,
    "eval_NOMBRE_SUJETO_ASISTENCIA_f1": 0.9778225806451614,
    "eval_NOMBRE_SUJETO_ASISTENCIA_number": 503,
    "eval_NOMBRE_SUJETO_ASISTENCIA_precision": 0.9918200408997955,
    "eval_NOMBRE_SUJETO_ASISTENCIA_recall": 0.9642147117296223,
    "eval_NUMERO_FAX_f1": 0.9090909090909091,
    "eval_NUMERO_FAX_number": 6,
    "eval_NUMERO_FAX_precision": 1.0,
    "eval_NUMERO_FAX_recall": 0.8333333333333334,
    "eval_NUMERO_TELEFONO_f1": 0.9361702127659574,
    "eval_NUMERO_TELEFONO_number": 24,
    "eval_NUMERO_TELEFONO_precision": 0.9565217391304348,
    "eval_NUMERO_TELEFONO_recall": 0.9166666666666666,
    "eval_OTROS_SUJETO_ASISTENCIA_f1": 0.0,
    "eval_OTROS_SUJETO_ASISTENCIA_number": 6,
    "eval_OTROS_SUJETO_ASISTENCIA_precision": 0.0,
    "eval_OTROS_SUJETO_ASISTENCIA_recall": 0.0,
    "eval_PAIS_f1": 0.9768115942028986,
    "eval_PAIS_number": 347,
    "eval_PAIS_precision": 0.9825072886297376,
    "eval_PAIS_recall": 0.9711815561959655,
    "eval_PROFESION_f1": 0.6666666666666666,
    "eval_PROFESION_number": 4,
    "eval_PROFESION_precision": 1.0,
    "eval_PROFESION_recall": 0.5,
    "eval_SEXO_SUJETO_ASISTENCIA_f1": 0.9733333333333334,
    "eval_SEXO_SUJETO_ASISTENCIA_number": 455,
    "eval_SEXO_SUJETO_ASISTENCIA_precision": 0.9842696629213483,
    "eval_SEXO_SUJETO_ASISTENCIA_recall": 0.9626373626373627,
    "eval_TERRITORIO_f1": 0.9684428349715467,
    "eval_TERRITORIO_number": 975,
    "eval_TERRITORIO_precision": 0.9770354906054279,
    "eval_TERRITORIO_recall": 0.96,
    "eval_loss": 0.04866114631295204,
    "eval_overall_accuracy": 0.9915232934051222,
    "eval_overall_f1": 0.9526791927627002,
    "eval_overall_precision": 0.9581802274715661,
    "eval_overall_recall": 0.9472409617713199,
    "eval_runtime": 11.3287,
    "eval_samples_per_second": 22.068,
    "eval_steps_per_second": 5.561
}