{
    "CALLE_f1": 0.9357142857142857,
    "CALLE_number": 413,
    "CALLE_precision": 0.9203747072599532,
    "CALLE_recall": 0.9515738498789347,
    "CENTRO_SALUD_f1": 0.3333333333333333,
    "CENTRO_SALUD_number": 6,
    "CENTRO_SALUD_precision": 0.3333333333333333,
    "CENTRO_SALUD_recall": 0.3333333333333333,
    "CORREO_ELECTRONICO_f1": 0.9919678714859438,
    "CORREO_ELECTRONICO_number": 249,
    "CORREO_ELECTRONICO_precision": 0.9919678714859438,
    "CORREO_ELECTRONICO_recall": 0.9919678714859438,
    "EDAD_SUJETO_ASISTENCIA_f1": 0.9779482262703739,
    "EDAD_SUJETO_ASISTENCIA_number": 518,
    "EDAD_SUJETO_ASISTENCIA_precision": 0.9714285714285714,
    "EDAD_SUJETO_ASISTENCIA_recall": 0.9845559845559846,
    "FAMILIARES_SUJETO_ASISTENCIA_f1": 0.7023809523809522,
    "FAMILIARES_SUJETO_ASISTENCIA_number": 81,
    "FAMILIARES_SUJETO_ASISTENCIA_precision": 0.6781609195402298,
    "FAMILIARES_SUJETO_ASISTENCIA_recall": 0.7283950617283951,
    "FECHAS_f1": 0.9894050529747351,
    "FECHAS_number": 611,
    "FECHAS_precision": 0.9853896103896104,
    "FECHAS_recall": 0.9934533551554828,
    "HOSPITAL_f1": 0.8830188679245283,
    "HOSPITAL_number": 130,
    "HOSPITAL_precision": 0.8666666666666667,
    "HOSPITAL_recall": 0.9,
    "ID_ASEGURAMIENTO_f1": 0.9974683544303797,
    "ID_ASEGURAMIENTO_number": 198,
    "ID_ASEGURAMIENTO_precision": 1.0,
    "ID_ASEGURAMIENTO_recall": 0.9949494949494949,
    "ID_CONTACTO_ASISTENCIAL_f1": 1.0,
    "ID_CONTACTO_ASISTENCIAL_number": 39,
    "ID_CONTACTO_ASISTENCIAL_precision": 1.0,
    "ID_CONTACTO_ASISTENCIAL_recall": 1.0,
    "ID_SUJETO_ASISTENCIA_f1": 0.9789473684210526,
    "ID_SUJETO_ASISTENCIA_number": 283,
    "ID_SUJETO_ASISTENCIA_precision": 0.9721254355400697,
    "ID_SUJETO_ASISTENCIA_recall": 0.9858657243816255,
    "ID_TITULACION_PERSONAL_SANITARIO_f1": 0.9936305732484078,
    "ID_TITULACION_PERSONAL_SANITARIO_number": 234,
    "ID_TITULACION_PERSONAL_SANITARIO_precision": 0.9873417721518988,
    "ID_TITULACION_PERSONAL_SANITARIO_recall": 1.0,
    "INSTITUCION_f1": 0.5034965034965035,
    "INSTITUCION_number": 67,
    "INSTITUCION_precision": 0.47368421052631576,
    "INSTITUCION_recall": 0.5373134328358209,
    "NOMBRE_PERSONAL_SANITARIO_f1": 0.9940239043824701,
    "NOMBRE_PERSONAL_SANITARIO_number": 501,
    "NOMBRE_PERSONAL_SANITARIO_precision": 0.9920477137176938,
    "NOMBRE_PERSONAL_SANITARIO_recall": 0.9960079840319361,
    "NOMBRE_SUJETO_ASISTENCIA_f1": 0.999004975124378,
    "NOMBRE_SUJETO_ASISTENCIA_number": 502,
    "NOMBRE_SUJETO_ASISTENCIA_precision": 0.9980119284294234,
    "NOMBRE_SUJETO_ASISTENCIA_recall": 1.0,
    "NUMERO_FAX_f1": 0.923076923076923,
    "NUMERO_FAX_number": 7,
    "NUMERO_FAX_precision": 1.0,
    "NUMERO_FAX_recall": 0.8571428571428571,
    "NUMERO_TELEFONO_f1": 0.9019607843137256,
    "NUMERO_TELEFONO_number": 26,
    "NUMERO_TELEFONO_precision": 0.92,
    "NUMERO_TELEFONO_recall": 0.8846153846153846,
    "OTROS_SUJETO_ASISTENCIA_f1": 0.0,
    "OTROS_SUJETO_ASISTENCIA_number": 7,
    "OTROS_SUJETO_ASISTENCIA_precision": 0.0,
    "OTROS_SUJETO_ASISTENCIA_recall": 0.0,
    "PAIS_f1": 0.978021978021978,
    "PAIS_number": 363,
    "PAIS_precision": 0.9753424657534246,
    "PAIS_recall": 0.9807162534435262,
    "PROFESION_f1": 0.6666666666666666,
    "PROFESION_number": 9,
    "PROFESION_precision": 0.5833333333333334,
    "PROFESION_recall": 0.7777777777777778,
    "SEXO_SUJETO_ASISTENCIA_f1": 0.9881337648327939,
    "SEXO_SUJETO_ASISTENCIA_number": 461,
    "SEXO_SUJETO_ASISTENCIA_precision": 0.9828326180257511,
    "SEXO_SUJETO_ASISTENCIA_recall": 0.9934924078091106,
    "TERRITORIO_f1": 0.9672045809474233,
    "TERRITORIO_number": 956,
    "TERRITORIO_precision": 0.9626943005181348,
    "TERRITORIO_recall": 0.9717573221757322,
    "overall_accuracy": 0.9970513169958124,
    "overall_f1": 0.9659290481208289,
    "overall_precision": 0.9603631918980269,
    "overall_recall": 0.9715597950892069
}