{
    "DIAGNOSTICO_f1": 0.6640614096301465,
    "DIAGNOSTICO_number": 3478,
    "DIAGNOSTICO_precision": 0.645240032546786,
    "DIAGNOSTICO_recall": 0.6840138010350776,
    "PROCEDIMIENTO_f1": 0.5646967941290072,
    "PROCEDIMIENTO_number": 1240,
    "PROCEDIMIENTO_precision": 0.541882876204596,
    "PROCEDIMIENTO_recall": 0.589516129032258,
    "epoch": 10.0,
    "eval_DIAGNOSTICO_f1": 0.6277749096541043,
    "eval_DIAGNOSTICO_number": 3759,
    "eval_DIAGNOSTICO_precision": 0.6096766106793683,
    "eval_DIAGNOSTICO_recall": 0.6469805799414738,
    "eval_PROCEDIMIENTO_f1": 0.5692625775327359,
    "eval_PROCEDIMIENTO_number": 1424,
    "eval_PROCEDIMIENTO_precision": 0.5588633288227334,
    "eval_PROCEDIMIENTO_recall": 0.5800561797752809,
    "eval_loss": 0.23547837138175964,
    "eval_overall_accuracy": 0.9464793614223237,
    "eval_overall_f1": 0.6118309859154929,
    "eval_overall_precision": 0.59593927199561,
    "eval_overall_recall": 0.628593478680301,
    "eval_runtime": 6.7859,
    "eval_samples_per_second": 70.146,
    "eval_steps_per_second": 8.842,
    "overall_accuracy": 0.9475584492453388,
    "overall_f1": 0.6376871027270864,
    "overall_precision": 0.6175536139793487,
    "overall_recall": 0.6591776176345909,
    "total_flos": 2507516965097472.0,
    "train_loss": 0.08032397071520488,
    "train_runtime": 1022.1642,
    "train_samples_per_second": 9.392,
    "train_steps_per_second": 1.174
}