{
    "DIAGNOSTICO_f1": 0.6640614096301465,
    "DIAGNOSTICO_number": 3478,
    "DIAGNOSTICO_precision": 0.645240032546786,
    "DIAGNOSTICO_recall": 0.6840138010350776,
    "PROCEDIMIENTO_f1": 0.5646967941290072,
    "PROCEDIMIENTO_number": 1240,
    "PROCEDIMIENTO_precision": 0.541882876204596,
    "PROCEDIMIENTO_recall": 0.589516129032258,
    "overall_accuracy": 0.9475584492453388,
    "overall_f1": 0.6376871027270864,
    "overall_precision": 0.6175536139793487,
    "overall_recall": 0.6591776176345909
}