{
    "NORMALIZABLES_f1": 0.9199388067312595,
    "NORMALIZABLES_number": 973,
    "NORMALIZABLES_precision": 0.9129554655870445,
    "NORMALIZABLES_recall": 0.9270298047276464,
    "NO_NORMALIZABLES_f1": 0.0,
    "NO_NORMALIZABLES_number": 10,
    "NO_NORMALIZABLES_precision": 0.0,
    "NO_NORMALIZABLES_recall": 0.0,
    "PROTEINAS_f1": 0.8673754896474538,
    "PROTEINAS_number": 862,
    "PROTEINAS_precision": 0.8378378378378378,
    "PROTEINAS_recall": 0.8990719257540604,
    "UNCLEAR_f1": 0.5750000000000001,
    "UNCLEAR_number": 34,
    "UNCLEAR_precision": 0.5,
    "UNCLEAR_recall": 0.6764705882352942,
    "epoch": 10.0,
    "eval_NORMALIZABLES_f1": 0.9053688682889146,
    "eval_NORMALIZABLES_number": 1284,
    "eval_NORMALIZABLES_precision": 0.8980842911877395,
    "eval_NORMALIZABLES_recall": 0.9127725856697819,
    "eval_NO_NORMALIZABLES_f1": 0.0,
    "eval_NO_NORMALIZABLES_number": 19,
    "eval_NO_NORMALIZABLES_precision": 0.0,
    "eval_NO_NORMALIZABLES_recall": 0.0,
    "eval_PROTEINAS_f1": 0.8662053056516725,
    "eval_PROTEINAS_number": 850,
    "eval_PROTEINAS_precision": 0.8495475113122172,
    "eval_PROTEINAS_recall": 0.8835294117647059,
    "eval_UNCLEAR_f1": 0.6055045871559632,
    "eval_UNCLEAR_number": 45,
    "eval_UNCLEAR_precision": 0.515625,
    "eval_UNCLEAR_recall": 0.7333333333333333,
    "eval_loss": 0.032550279051065445,
    "eval_overall_accuracy": 0.993666197194565,
    "eval_overall_f1": 0.8765404436477705,
    "eval_overall_precision": 0.8635761589403973,
    "eval_overall_recall": 0.8898999090081893,
    "eval_runtime": 4.4108,
    "eval_samples_per_second": 77.763,
    "eval_steps_per_second": 9.749,
    "overall_accuracy": 0.9949296752908491,
    "overall_f1": 0.8844953173777315,
    "overall_precision": 0.8651399491094147,
    "overall_recall": 0.9047365620010644,
    "total_flos": 1822104930102912.0,
    "train_loss": 0.04123369617895647,
    "train_runtime": 503.8791,
    "train_samples_per_second": 13.932,
    "train_steps_per_second": 1.746
}