{
    "epoch": 10.0,
    "eval_NORMALIZABLES_f1": 0.9053688682889146,
    "eval_NORMALIZABLES_number": 1284,
    "eval_NORMALIZABLES_precision": 0.8980842911877395,
    "eval_NORMALIZABLES_recall": 0.9127725856697819,
    "eval_NO_NORMALIZABLES_f1": 0.0,
    "eval_NO_NORMALIZABLES_number": 19,
    "eval_NO_NORMALIZABLES_precision": 0.0,
    "eval_NO_NORMALIZABLES_recall": 0.0,
    "eval_PROTEINAS_f1": 0.8662053056516725,
    "eval_PROTEINAS_number": 850,
    "eval_PROTEINAS_precision": 0.8495475113122172,
    "eval_PROTEINAS_recall": 0.8835294117647059,
    "eval_UNCLEAR_f1": 0.6055045871559632,
    "eval_UNCLEAR_number": 45,
    "eval_UNCLEAR_precision": 0.515625,
    "eval_UNCLEAR_recall": 0.7333333333333333,
    "eval_loss": 0.032550279051065445,
    "eval_overall_accuracy": 0.993666197194565,
    "eval_overall_f1": 0.8765404436477705,
    "eval_overall_precision": 0.8635761589403973,
    "eval_overall_recall": 0.8898999090081893,
    "eval_runtime": 4.4108,
    "eval_samples_per_second": 77.763,
    "eval_steps_per_second": 9.749
}