{
    "DIAGNOSTICO_f1": 0.6901448452144278,
    "DIAGNOSTICO_number": 3491,
    "DIAGNOSTICO_precision": 0.6843142776682625,
    "DIAGNOSTICO_recall": 0.6960756230306503,
    "PROCEDIMIENTO_f1": 0.5876288659793815,
    "PROCEDIMIENTO_number": 1241,
    "PROCEDIMIENTO_precision": 0.5784543325526932,
    "PROCEDIMIENTO_recall": 0.59709911361805,
    "overall_accuracy": 0.9548404039034969,
    "overall_f1": 0.6631116687578419,
    "overall_precision": 0.65625,
    "overall_recall": 0.6701183431952663
}