{
    "SINTOMA_f1": 0.6923806512804299,
    "SINTOMA_number": 3081,
    "SINTOMA_precision": 0.674884437596302,
    "SINTOMA_recall": 0.7108081791626095,
    "epoch": 9.87248322147651,
    "eval_SINTOMA_f1": 0.67384063540866,
    "eval_SINTOMA_number": 1827,
    "eval_SINTOMA_precision": 0.6334296724470135,
    "eval_SINTOMA_recall": 0.7197591680350302,
    "eval_loss": 0.2993048429489136,
    "eval_overall_accuracy": 0.9449811117107394,
    "eval_overall_f1": 0.67384063540866,
    "eval_overall_precision": 0.6334296724470135,
    "eval_overall_recall": 0.7197591680350302,
    "eval_runtime": 6.5793,
    "eval_samples_per_second": 22.647,
    "eval_steps_per_second": 5.776,
    "overall_accuracy": 0.9435717944340106,
    "overall_f1": 0.6923806512804299,
    "overall_precision": 0.674884437596302,
    "overall_recall": 0.7108081791626095,
    "total_flos": 2700586367156160.0,
    "train_loss": 0.06471905563328717,
    "train_runtime": 1174.1089,
    "train_samples_per_second": 5.068,
    "train_steps_per_second": 0.63
}