{
    "SINTOMA_f1": 0.6923806512804299,
    "SINTOMA_number": 3081,
    "SINTOMA_precision": 0.674884437596302,
    "SINTOMA_recall": 0.7108081791626095,
    "overall_accuracy": 0.9435717944340106,
    "overall_f1": 0.6923806512804299,
    "overall_precision": 0.674884437596302,
    "overall_recall": 0.7108081791626095
}