{
    "NORMALIZABLES_f1": 0.9298429319371727,
    "NORMALIZABLES_number": 961,
    "NORMALIZABLES_precision": 0.9357218124341412,
    "NORMALIZABLES_recall": 0.9240374609781478,
    "NO_NORMALIZABLES_f1": 0.0,
    "NO_NORMALIZABLES_number": 10,
    "NO_NORMALIZABLES_precision": 0.0,
    "NO_NORMALIZABLES_recall": 0.0,
    "PROTEINAS_f1": 0.8619489559164732,
    "PROTEINAS_number": 835,
    "PROTEINAS_precision": 0.8357705286839145,
    "PROTEINAS_recall": 0.8898203592814371,
    "UNCLEAR_f1": 0.8181818181818182,
    "UNCLEAR_number": 34,
    "UNCLEAR_precision": 0.84375,
    "UNCLEAR_recall": 0.7941176470588235,
    "epoch": 9.990654205607477,
    "eval_NORMALIZABLES_f1": 0.9199272065514104,
    "eval_NORMALIZABLES_number": 1104,
    "eval_NORMALIZABLES_precision": 0.9241316270566727,
    "eval_NORMALIZABLES_recall": 0.9157608695652174,
    "eval_NO_NORMALIZABLES_f1": 0.19047619047619047,
    "eval_NO_NORMALIZABLES_number": 16,
    "eval_NO_NORMALIZABLES_precision": 0.4,
    "eval_NO_NORMALIZABLES_recall": 0.125,
    "eval_PROTEINAS_f1": 0.8842809364548495,
    "eval_PROTEINAS_number": 736,
    "eval_PROTEINAS_precision": 0.8708827404479579,
    "eval_PROTEINAS_recall": 0.8980978260869565,
    "eval_UNCLEAR_f1": 0.8602150537634408,
    "eval_UNCLEAR_number": 44,
    "eval_UNCLEAR_precision": 0.8163265306122449,
    "eval_UNCLEAR_recall": 0.9090909090909091,
    "eval_loss": 0.047778718173503876,
    "eval_overall_accuracy": 0.994570402004226,
    "eval_overall_f1": 0.9004465458366168,
    "eval_overall_precision": 0.8987939171473519,
    "eval_overall_recall": 0.9021052631578947,
    "eval_runtime": 60.687,
    "eval_samples_per_second": 62.402,
    "eval_steps_per_second": 15.605,
    "overall_accuracy": 0.995021196460664,
    "overall_f1": 0.8938005390835578,
    "overall_precision": 0.8866310160427807,
    "overall_recall": 0.9010869565217391,
    "total_flos": 2832324460224480.0,
    "train_loss": 0.00816913245710559,
    "train_runtime": 5051.8107,
    "train_samples_per_second": 16.091,
    "train_steps_per_second": 2.011
}