{
    "epoch": 9.990654205607477,
    "eval_NORMALIZABLES_f1": 0.9199272065514104,
    "eval_NORMALIZABLES_number": 1104,
    "eval_NORMALIZABLES_precision": 0.9241316270566727,
    "eval_NORMALIZABLES_recall": 0.9157608695652174,
    "eval_NO_NORMALIZABLES_f1": 0.19047619047619047,
    "eval_NO_NORMALIZABLES_number": 16,
    "eval_NO_NORMALIZABLES_precision": 0.4,
    "eval_NO_NORMALIZABLES_recall": 0.125,
    "eval_PROTEINAS_f1": 0.8842809364548495,
    "eval_PROTEINAS_number": 736,
    "eval_PROTEINAS_precision": 0.8708827404479579,
    "eval_PROTEINAS_recall": 0.8980978260869565,
    "eval_UNCLEAR_f1": 0.8602150537634408,
    "eval_UNCLEAR_number": 44,
    "eval_UNCLEAR_precision": 0.8163265306122449,
    "eval_UNCLEAR_recall": 0.9090909090909091,
    "eval_loss": 0.047778718173503876,
    "eval_overall_accuracy": 0.994570402004226,
    "eval_overall_f1": 0.9004465458366168,
    "eval_overall_precision": 0.8987939171473519,
    "eval_overall_recall": 0.9021052631578947,
    "eval_runtime": 60.687,
    "eval_samples_per_second": 62.402,
    "eval_steps_per_second": 15.605
}