{
    "PROCEDIMIENTO_f1": 0.7529153519001235,
    "PROCEDIMIENTO_number": 3542,
    "PROCEDIMIENTO_precision": 0.7323191886842808,
    "PROCEDIMIENTO_recall": 0.7747035573122529,
    "epoch": 9.746666666666666,
    "eval_PROCEDIMIENTO_f1": 0.7667286245353161,
    "eval_PROCEDIMIENTO_number": 2084,
    "eval_PROCEDIMIENTO_precision": 0.7432432432432432,
    "eval_PROCEDIMIENTO_recall": 0.791746641074856,
    "eval_loss": 0.12365429848432541,
    "eval_overall_accuracy": 0.9686222002299486,
    "eval_overall_f1": 0.7667286245353161,
    "eval_overall_precision": 0.7432432432432432,
    "eval_overall_recall": 0.791746641074856,
    "eval_runtime": 3.5349,
    "eval_samples_per_second": 42.434,
    "eval_steps_per_second": 10.75,
    "overall_accuracy": 0.964666211371009,
    "overall_f1": 0.7529153519001235,
    "overall_precision": 0.7323191886842808,
    "overall_recall": 0.7747035573122529,
    "total_flos": 2712594530204496.0,
    "train_loss": 0.05553112030029297,
    "train_runtime": 777.3165,
    "train_samples_per_second": 7.706,
    "train_steps_per_second": 0.476
}