{
    "epoch": 9.746666666666666,
    "total_flos": 2712594530204496.0,
    "train_loss": 0.05553112030029297,
    "train_runtime": 777.3165,
    "train_samples_per_second": 7.706,
    "train_steps_per_second": 0.476
}