{
    "NORMALIZABLES_f1": 0.9091858037578289,
    "NORMALIZABLES_number": 962,
    "NORMALIZABLES_precision": 0.9129979035639413,
    "NORMALIZABLES_recall": 0.9054054054054054,
    "NO_NORMALIZABLES_f1": 0.06666666666666667,
    "NO_NORMALIZABLES_number": 10,
    "NO_NORMALIZABLES_precision": 0.05,
    "NO_NORMALIZABLES_recall": 0.1,
    "PROTEINAS_f1": 0.8630460448642268,
    "PROTEINAS_number": 830,
    "PROTEINAS_precision": 0.8460648148148148,
    "PROTEINAS_recall": 0.880722891566265,
    "UNCLEAR_f1": 0.7297297297297296,
    "UNCLEAR_number": 34,
    "UNCLEAR_precision": 0.675,
    "UNCLEAR_recall": 0.7941176470588235,
    "epoch": 10.0,
    "eval_NORMALIZABLES_f1": 0.8939462903959946,
    "eval_NORMALIZABLES_number": 1104,
    "eval_NORMALIZABLES_precision": 0.898444647758463,
    "eval_NORMALIZABLES_recall": 0.8894927536231884,
    "eval_NO_NORMALIZABLES_f1": 0.1818181818181818,
    "eval_NO_NORMALIZABLES_number": 16,
    "eval_NO_NORMALIZABLES_precision": 0.17647058823529413,
    "eval_NO_NORMALIZABLES_recall": 0.1875,
    "eval_PROTEINAS_f1": 0.8602295746117488,
    "eval_PROTEINAS_number": 733,
    "eval_PROTEINAS_precision": 0.8516042780748663,
    "eval_PROTEINAS_recall": 0.869031377899045,
    "eval_UNCLEAR_f1": 0.8602150537634408,
    "eval_UNCLEAR_number": 44,
    "eval_UNCLEAR_precision": 0.8163265306122449,
    "eval_UNCLEAR_recall": 0.9090909090909091,
    "eval_loss": 0.03045698255300522,
    "eval_overall_accuracy": 0.9951942948445086,
    "eval_overall_f1": 0.8738170347003154,
    "eval_overall_precision": 0.8715259570005244,
    "eval_overall_recall": 0.8761201897733263,
    "eval_runtime": 8.7148,
    "eval_samples_per_second": 434.547,
    "eval_steps_per_second": 27.195,
    "overall_accuracy": 0.9957349472229503,
    "overall_f1": 0.8777598276790523,
    "overall_precision": 0.8679446219382322,
    "overall_recall": 0.8877995642701525,
    "total_flos": 4395826266746112.0,
    "train_loss": 0.011782434131503691,
    "train_runtime": 1192.1776,
    "train_samples_per_second": 68.186,
    "train_steps_per_second": 4.269
}