{
    "epoch": 10.0,
    "eval_NORMALIZABLES_f1": 0.8939462903959946,
    "eval_NORMALIZABLES_number": 1104,
    "eval_NORMALIZABLES_precision": 0.898444647758463,
    "eval_NORMALIZABLES_recall": 0.8894927536231884,
    "eval_NO_NORMALIZABLES_f1": 0.1818181818181818,
    "eval_NO_NORMALIZABLES_number": 16,
    "eval_NO_NORMALIZABLES_precision": 0.17647058823529413,
    "eval_NO_NORMALIZABLES_recall": 0.1875,
    "eval_PROTEINAS_f1": 0.8602295746117488,
    "eval_PROTEINAS_number": 733,
    "eval_PROTEINAS_precision": 0.8516042780748663,
    "eval_PROTEINAS_recall": 0.869031377899045,
    "eval_UNCLEAR_f1": 0.8602150537634408,
    "eval_UNCLEAR_number": 44,
    "eval_UNCLEAR_precision": 0.8163265306122449,
    "eval_UNCLEAR_recall": 0.9090909090909091,
    "eval_loss": 0.03045698255300522,
    "eval_overall_accuracy": 0.9951942948445086,
    "eval_overall_f1": 0.8738170347003154,
    "eval_overall_precision": 0.8715259570005244,
    "eval_overall_recall": 0.8761201897733263,
    "eval_runtime": 8.7148,
    "eval_samples_per_second": 434.547,
    "eval_steps_per_second": 27.195
}