{
    "NORMALIZABLES_f1": 0.9091858037578289,
    "NORMALIZABLES_number": 962,
    "NORMALIZABLES_precision": 0.9129979035639413,
    "NORMALIZABLES_recall": 0.9054054054054054,
    "NO_NORMALIZABLES_f1": 0.06666666666666667,
    "NO_NORMALIZABLES_number": 10,
    "NO_NORMALIZABLES_precision": 0.05,
    "NO_NORMALIZABLES_recall": 0.1,
    "PROTEINAS_f1": 0.8630460448642268,
    "PROTEINAS_number": 830,
    "PROTEINAS_precision": 0.8460648148148148,
    "PROTEINAS_recall": 0.880722891566265,
    "UNCLEAR_f1": 0.7297297297297296,
    "UNCLEAR_number": 34,
    "UNCLEAR_precision": 0.675,
    "UNCLEAR_recall": 0.7941176470588235,
    "overall_accuracy": 0.9957349472229503,
    "overall_f1": 0.8777598276790523,
    "overall_precision": 0.8679446219382322,
    "overall_recall": 0.8877995642701525
}