{
    "MORFOLOGIA_NEOPLASIA_f1": 0.8240043057050591,
    "MORFOLOGIA_NEOPLASIA_number": 3562,
    "MORFOLOGIA_NEOPLASIA_precision": 0.7912144702842377,
    "MORFOLOGIA_NEOPLASIA_recall": 0.8596294216732173,
    "epoch": 10.0,
    "eval_MORFOLOGIA_NEOPLASIA_f1": 0.8232687889727601,
    "eval_MORFOLOGIA_NEOPLASIA_number": 5901,
    "eval_MORFOLOGIA_NEOPLASIA_precision": 0.797995864482265,
    "eval_MORFOLOGIA_NEOPLASIA_recall": 0.8501948822233519,
    "eval_loss": 0.052474141120910645,
    "eval_overall_accuracy": 0.9909832985386221,
    "eval_overall_f1": 0.8232687889727601,
    "eval_overall_precision": 0.797995864482265,
    "eval_overall_recall": 0.8501948822233519,
    "eval_runtime": 19.6391,
    "eval_samples_per_second": 25.459,
    "eval_steps_per_second": 6.365,
    "overall_accuracy": 0.9911880165289256,
    "overall_f1": 0.8240043057050591,
    "overall_precision": 0.7912144702842377,
    "overall_recall": 0.8596294216732173,
    "total_flos": 4650369101642880.0,
    "train_loss": 0.017985827724138894,
    "train_runtime": 1069.9373,
    "train_samples_per_second": 4.683,
    "train_steps_per_second": 0.589
}