{
    "MORFOLOGIA_NEOPLASIA_f1": 0.8240043057050591,
    "MORFOLOGIA_NEOPLASIA_number": 3562,
    "MORFOLOGIA_NEOPLASIA_precision": 0.7912144702842377,
    "MORFOLOGIA_NEOPLASIA_recall": 0.8596294216732173,
    "overall_accuracy": 0.9911880165289256,
    "overall_f1": 0.8240043057050591,
    "overall_precision": 0.7912144702842377,
    "overall_recall": 0.8596294216732173
}