{
    "ENFERMEDAD_f1": 0.7217804081129401,
    "ENFERMEDAD_number": 7784,
    "ENFERMEDAD_precision": 0.693848524356999,
    "ENFERMEDAD_recall": 0.7520554984583762,
    "epoch": 10.0,
    "eval_ENFERMEDAD_f1": 0.7134728426992711,
    "eval_ENFERMEDAD_number": 10184,
    "eval_ENFERMEDAD_precision": 0.6845952531359986,
    "eval_ENFERMEDAD_recall": 0.7448939512961509,
    "eval_loss": 0.21955111622810364,
    "eval_overall_accuracy": 0.9645199026375978,
    "eval_overall_f1": 0.7134728426992711,
    "eval_overall_precision": 0.6845952531359986,
    "eval_overall_recall": 0.7448939512961509,
    "eval_runtime": 14.2878,
    "eval_samples_per_second": 18.057,
    "eval_steps_per_second": 4.549,
    "overall_accuracy": 0.9654358876625275,
    "overall_f1": 0.7217804081129401,
    "overall_precision": 0.693848524356999,
    "overall_recall": 0.7520554984583762,
    "total_flos": 4615462244332800.0,
    "train_loss": 0.026991863989830018,
    "train_runtime": 1127.5491,
    "train_samples_per_second": 8.869,
    "train_steps_per_second": 1.109
}