{
    "ENFERMEDAD_f1": 0.7217804081129401,
    "ENFERMEDAD_number": 7784,
    "ENFERMEDAD_precision": 0.693848524356999,
    "ENFERMEDAD_recall": 0.7520554984583762,
    "overall_accuracy": 0.9654358876625275,
    "overall_f1": 0.7217804081129401,
    "overall_precision": 0.693848524356999,
    "overall_recall": 0.7520554984583762
}