{
    "epoch": 9.706827309236948,
    "eval_FAMILIAR_f1": 0.5714285714285715,
    "eval_FAMILIAR_number": 41,
    "eval_FAMILIAR_precision": 0.6111111111111112,
    "eval_FAMILIAR_recall": 0.5365853658536586,
    "eval_OTROS_f1": 0.7203389830508473,
    "eval_OTROS_number": 129,
    "eval_OTROS_precision": 0.794392523364486,
    "eval_OTROS_recall": 0.6589147286821705,
    "eval_PACIENTE_f1": 0.6386066763425254,
    "eval_PACIENTE_number": 326,
    "eval_PACIENTE_precision": 0.6060606060606061,
    "eval_PACIENTE_recall": 0.6748466257668712,
    "eval_SANITARIO_f1": 0.8825910931174089,
    "eval_SANITARIO_number": 237,
    "eval_SANITARIO_precision": 0.8482490272373541,
    "eval_SANITARIO_recall": 0.919831223628692,
    "eval_loss": 0.018028700724244118,
    "eval_overall_accuracy": 0.9963897777978096,
    "eval_overall_f1": 0.7286096256684492,
    "eval_overall_precision": 0.7142857142857143,
    "eval_overall_recall": 0.7435197817189632,
    "eval_runtime": 10.3732,
    "eval_samples_per_second": 23.908,
    "eval_steps_per_second": 5.977
}