{
    "epoch": 9.706827309236948,
    "total_flos": 1.0003810617875808e+16,
    "train_loss": 0.02609008973644626,
    "train_runtime": 1757.4983,
    "train_samples_per_second": 5.661,
    "train_steps_per_second": 0.176
}