{
    "CALLE_f1": 0.944114149821641,
    "CALLE_number": 413,
    "CALLE_precision": 0.927570093457944,
    "CALLE_recall": 0.9612590799031477,
    "CENTRO_SALUD_f1": 0.0,
    "CENTRO_SALUD_number": 6,
    "CENTRO_SALUD_precision": 0.0,
    "CENTRO_SALUD_recall": 0.0,
    "CORREO_ELECTRONICO_f1": 0.9880000000000001,
    "CORREO_ELECTRONICO_number": 249,
    "CORREO_ELECTRONICO_precision": 0.9840637450199203,
    "CORREO_ELECTRONICO_recall": 0.9919678714859438,
    "EDAD_SUJETO_ASISTENCIA_f1": 0.9817833173537872,
    "EDAD_SUJETO_ASISTENCIA_number": 518,
    "EDAD_SUJETO_ASISTENCIA_precision": 0.9752380952380952,
    "EDAD_SUJETO_ASISTENCIA_recall": 0.9884169884169884,
    "FAMILIARES_SUJETO_ASISTENCIA_f1": 0.7032967032967031,
    "FAMILIARES_SUJETO_ASISTENCIA_number": 81,
    "FAMILIARES_SUJETO_ASISTENCIA_precision": 0.6336633663366337,
    "FAMILIARES_SUJETO_ASISTENCIA_recall": 0.7901234567901234,
    "FECHAS_f1": 0.9869494290375203,
    "FECHAS_number": 611,
    "FECHAS_precision": 0.983739837398374,
    "FECHAS_recall": 0.9901800327332242,
    "HOSPITAL_f1": 0.9266409266409267,
    "HOSPITAL_number": 130,
    "HOSPITAL_precision": 0.9302325581395349,
    "HOSPITAL_recall": 0.9230769230769231,
    "ID_ASEGURAMIENTO_f1": 0.9974683544303797,
    "ID_ASEGURAMIENTO_number": 198,
    "ID_ASEGURAMIENTO_precision": 1.0,
    "ID_ASEGURAMIENTO_recall": 0.9949494949494949,
    "ID_CONTACTO_ASISTENCIAL_f1": 1.0,
    "ID_CONTACTO_ASISTENCIAL_number": 39,
    "ID_CONTACTO_ASISTENCIAL_precision": 1.0,
    "ID_CONTACTO_ASISTENCIAL_recall": 1.0,
    "ID_SUJETO_ASISTENCIA_f1": 0.9755244755244755,
    "ID_SUJETO_ASISTENCIA_number": 283,
    "ID_SUJETO_ASISTENCIA_precision": 0.9653979238754326,
    "ID_SUJETO_ASISTENCIA_recall": 0.9858657243816255,
    "ID_TITULACION_PERSONAL_SANITARIO_f1": 0.9936305732484078,
    "ID_TITULACION_PERSONAL_SANITARIO_number": 234,
    "ID_TITULACION_PERSONAL_SANITARIO_precision": 0.9873417721518988,
    "ID_TITULACION_PERSONAL_SANITARIO_recall": 1.0,
    "INSTITUCION_f1": 0.5222929936305732,
    "INSTITUCION_number": 67,
    "INSTITUCION_precision": 0.45555555555555555,
    "INSTITUCION_recall": 0.6119402985074627,
    "NOMBRE_PERSONAL_SANITARIO_f1": 0.9940239043824701,
    "NOMBRE_PERSONAL_SANITARIO_number": 501,
    "NOMBRE_PERSONAL_SANITARIO_precision": 0.9920477137176938,
    "NOMBRE_PERSONAL_SANITARIO_recall": 0.9960079840319361,
    "NOMBRE_SUJETO_ASISTENCIA_f1": 0.99800796812749,
    "NOMBRE_SUJETO_ASISTENCIA_number": 502,
    "NOMBRE_SUJETO_ASISTENCIA_precision": 0.99800796812749,
    "NOMBRE_SUJETO_ASISTENCIA_recall": 0.99800796812749,
    "NUMERO_FAX_f1": 0.923076923076923,
    "NUMERO_FAX_number": 7,
    "NUMERO_FAX_precision": 1.0,
    "NUMERO_FAX_recall": 0.8571428571428571,
    "NUMERO_TELEFONO_f1": 0.8679245283018868,
    "NUMERO_TELEFONO_number": 26,
    "NUMERO_TELEFONO_precision": 0.8518518518518519,
    "NUMERO_TELEFONO_recall": 0.8846153846153846,
    "OTROS_SUJETO_ASISTENCIA_f1": 0.0,
    "OTROS_SUJETO_ASISTENCIA_number": 7,
    "OTROS_SUJETO_ASISTENCIA_precision": 0.0,
    "OTROS_SUJETO_ASISTENCIA_recall": 0.0,
    "PAIS_f1": 0.986376021798365,
    "PAIS_number": 363,
    "PAIS_precision": 0.9757412398921833,
    "PAIS_recall": 0.9972451790633609,
    "PROFESION_f1": 0.6153846153846153,
    "PROFESION_number": 9,
    "PROFESION_precision": 0.47058823529411764,
    "PROFESION_recall": 0.8888888888888888,
    "SEXO_SUJETO_ASISTENCIA_f1": 0.9902912621359223,
    "SEXO_SUJETO_ASISTENCIA_number": 461,
    "SEXO_SUJETO_ASISTENCIA_precision": 0.9849785407725322,
    "SEXO_SUJETO_ASISTENCIA_recall": 0.9956616052060737,
    "TERRITORIO_f1": 0.9668049792531119,
    "TERRITORIO_number": 956,
    "TERRITORIO_precision": 0.9588477366255144,
    "TERRITORIO_recall": 0.9748953974895398,
    "epoch": 9.848,
    "eval_CALLE_f1": 0.9095074455899198,
    "eval_CALLE_number": 434,
    "eval_CALLE_precision": 0.9043280182232346,
    "eval_CALLE_recall": 0.9147465437788018,
    "eval_CENTRO_SALUD_f1": 0.0,
    "eval_CENTRO_SALUD_number": 2,
    "eval_CENTRO_SALUD_precision": 0.0,
    "eval_CENTRO_SALUD_recall": 0.0,
    "eval_CORREO_ELECTRONICO_f1": 0.9705882352941176,
    "eval_CORREO_ELECTRONICO_number": 235,
    "eval_CORREO_ELECTRONICO_precision": 0.9585062240663901,
    "eval_CORREO_ELECTRONICO_recall": 0.9829787234042553,
    "eval_EDAD_SUJETO_ASISTENCIA_f1": 0.9657869012707722,
    "eval_EDAD_SUJETO_ASISTENCIA_number": 521,
    "eval_EDAD_SUJETO_ASISTENCIA_precision": 0.9840637450199203,
    "eval_EDAD_SUJETO_ASISTENCIA_recall": 0.9481765834932822,
    "eval_FAMILIARES_SUJETO_ASISTENCIA_f1": 0.7526881720430109,
    "eval_FAMILIARES_SUJETO_ASISTENCIA_number": 92,
    "eval_FAMILIARES_SUJETO_ASISTENCIA_precision": 0.7446808510638298,
    "eval_FAMILIARES_SUJETO_ASISTENCIA_recall": 0.7608695652173914,
    "eval_FECHAS_f1": 0.9583333333333333,
    "eval_FECHAS_number": 724,
    "eval_FECHAS_precision": 0.9636871508379888,
    "eval_FECHAS_recall": 0.9530386740331491,
    "eval_HOSPITAL_f1": 0.9078014184397163,
    "eval_HOSPITAL_number": 140,
    "eval_HOSPITAL_precision": 0.9014084507042254,
    "eval_HOSPITAL_recall": 0.9142857142857143,
    "eval_ID_ASEGURAMIENTO_f1": 0.9869451697127937,
    "eval_ID_ASEGURAMIENTO_number": 194,
    "eval_ID_ASEGURAMIENTO_precision": 1.0,
    "eval_ID_ASEGURAMIENTO_recall": 0.9742268041237113,
    "eval_ID_CONTACTO_ASISTENCIAL_f1": 0.96875,
    "eval_ID_CONTACTO_ASISTENCIAL_number": 32,
    "eval_ID_CONTACTO_ASISTENCIAL_precision": 0.96875,
    "eval_ID_CONTACTO_ASISTENCIAL_recall": 0.96875,
    "eval_ID_SUJETO_ASISTENCIA_f1": 0.9419795221843004,
    "eval_ID_SUJETO_ASISTENCIA_number": 292,
    "eval_ID_SUJETO_ASISTENCIA_precision": 0.9387755102040817,
    "eval_ID_SUJETO_ASISTENCIA_recall": 0.9452054794520548,
    "eval_ID_TITULACION_PERSONAL_SANITARIO_f1": 0.9755011135857461,
    "eval_ID_TITULACION_PERSONAL_SANITARIO_number": 226,
    "eval_ID_TITULACION_PERSONAL_SANITARIO_precision": 0.9820627802690582,
    "eval_ID_TITULACION_PERSONAL_SANITARIO_recall": 0.9690265486725663,
    "eval_INSTITUCION_f1": 0.6993865030674847,
    "eval_INSTITUCION_number": 72,
    "eval_INSTITUCION_precision": 0.6263736263736264,
    "eval_INSTITUCION_recall": 0.7916666666666666,
    "eval_NOMBRE_PERSONAL_SANITARIO_f1": 0.9644670050761421,
    "eval_NOMBRE_PERSONAL_SANITARIO_number": 497,
    "eval_NOMBRE_PERSONAL_SANITARIO_precision": 0.9733606557377049,
    "eval_NOMBRE_PERSONAL_SANITARIO_recall": 0.9557344064386318,
    "eval_NOMBRE_SUJETO_ASISTENCIA_f1": 0.9778225806451614,
    "eval_NOMBRE_SUJETO_ASISTENCIA_number": 503,
    "eval_NOMBRE_SUJETO_ASISTENCIA_precision": 0.9918200408997955,
    "eval_NOMBRE_SUJETO_ASISTENCIA_recall": 0.9642147117296223,
    "eval_NUMERO_FAX_f1": 0.7272727272727272,
    "eval_NUMERO_FAX_number": 6,
    "eval_NUMERO_FAX_precision": 0.8,
    "eval_NUMERO_FAX_recall": 0.6666666666666666,
    "eval_NUMERO_TELEFONO_f1": 0.9387755102040817,
    "eval_NUMERO_TELEFONO_number": 24,
    "eval_NUMERO_TELEFONO_precision": 0.92,
    "eval_NUMERO_TELEFONO_recall": 0.9583333333333334,
    "eval_OTROS_SUJETO_ASISTENCIA_f1": 0.0,
    "eval_OTROS_SUJETO_ASISTENCIA_number": 6,
    "eval_OTROS_SUJETO_ASISTENCIA_precision": 0.0,
    "eval_OTROS_SUJETO_ASISTENCIA_recall": 0.0,
    "eval_PAIS_f1": 0.9668109668109669,
    "eval_PAIS_number": 347,
    "eval_PAIS_precision": 0.9682080924855492,
    "eval_PAIS_recall": 0.9654178674351584,
    "eval_PROFESION_f1": 0.6,
    "eval_PROFESION_number": 4,
    "eval_PROFESION_precision": 0.5,
    "eval_PROFESION_recall": 0.75,
    "eval_SEXO_SUJETO_ASISTENCIA_f1": 0.9755555555555556,
    "eval_SEXO_SUJETO_ASISTENCIA_number": 455,
    "eval_SEXO_SUJETO_ASISTENCIA_precision": 0.9865168539325843,
    "eval_SEXO_SUJETO_ASISTENCIA_recall": 0.9648351648351648,
    "eval_TERRITORIO_f1": 0.964984552008239,
    "eval_TERRITORIO_number": 975,
    "eval_TERRITORIO_precision": 0.9689762150982419,
    "eval_TERRITORIO_recall": 0.961025641025641,