{
    "epoch": 9.848,
    "eval_CALLE_f1": 0.9095074455899198,
    "eval_CALLE_number": 434,
    "eval_CALLE_precision": 0.9043280182232346,
    "eval_CALLE_recall": 0.9147465437788018,
    "eval_CENTRO_SALUD_f1": 0.0,
    "eval_CENTRO_SALUD_number": 2,
    "eval_CENTRO_SALUD_precision": 0.0,
    "eval_CENTRO_SALUD_recall": 0.0,
    "eval_CORREO_ELECTRONICO_f1": 0.9705882352941176,
    "eval_CORREO_ELECTRONICO_number": 235,
    "eval_CORREO_ELECTRONICO_precision": 0.9585062240663901,
    "eval_CORREO_ELECTRONICO_recall": 0.9829787234042553,
    "eval_EDAD_SUJETO_ASISTENCIA_f1": 0.9657869012707722,
    "eval_EDAD_SUJETO_ASISTENCIA_number": 521,
    "eval_EDAD_SUJETO_ASISTENCIA_precision": 0.9840637450199203,
    "eval_EDAD_SUJETO_ASISTENCIA_recall": 0.9481765834932822,
    "eval_FAMILIARES_SUJETO_ASISTENCIA_f1": 0.7526881720430109,
    "eval_FAMILIARES_SUJETO_ASISTENCIA_number": 92,
    "eval_FAMILIARES_SUJETO_ASISTENCIA_precision": 0.7446808510638298,
    "eval_FAMILIARES_SUJETO_ASISTENCIA_recall": 0.7608695652173914,
    "eval_FECHAS_f1": 0.9583333333333333,
    "eval_FECHAS_number": 724,
    "eval_FECHAS_precision": 0.9636871508379888,
    "eval_FECHAS_recall": 0.9530386740331491,
    "eval_HOSPITAL_f1": 0.9078014184397163,
    "eval_HOSPITAL_number": 140,
    "eval_HOSPITAL_precision": 0.9014084507042254,
    "eval_HOSPITAL_recall": 0.9142857142857143,
    "eval_ID_ASEGURAMIENTO_f1": 0.9869451697127937,
    "eval_ID_ASEGURAMIENTO_number": 194,
    "eval_ID_ASEGURAMIENTO_precision": 1.0,
    "eval_ID_ASEGURAMIENTO_recall": 0.9742268041237113,
    "eval_ID_CONTACTO_ASISTENCIAL_f1": 0.96875,
    "eval_ID_CONTACTO_ASISTENCIAL_number": 32,
    "eval_ID_CONTACTO_ASISTENCIAL_precision": 0.96875,
    "eval_ID_CONTACTO_ASISTENCIAL_recall": 0.96875,
    "eval_ID_SUJETO_ASISTENCIA_f1": 0.9419795221843004,
    "eval_ID_SUJETO_ASISTENCIA_number": 292,
    "eval_ID_SUJETO_ASISTENCIA_precision": 0.9387755102040817,
    "eval_ID_SUJETO_ASISTENCIA_recall": 0.9452054794520548,
    "eval_ID_TITULACION_PERSONAL_SANITARIO_f1": 0.9755011135857461,
    "eval_ID_TITULACION_PERSONAL_SANITARIO_number": 226,
    "eval_ID_TITULACION_PERSONAL_SANITARIO_precision": 0.9820627802690582,
    "eval_ID_TITULACION_PERSONAL_SANITARIO_recall": 0.9690265486725663,
    "eval_INSTITUCION_f1": 0.6993865030674847,
    "eval_INSTITUCION_number": 72,
    "eval_INSTITUCION_precision": 0.6263736263736264,
    "eval_INSTITUCION_recall": 0.7916666666666666,
    "eval_NOMBRE_PERSONAL_SANITARIO_f1": 0.9644670050761421,
    "eval_NOMBRE_PERSONAL_SANITARIO_number": 497,
    "eval_NOMBRE_PERSONAL_SANITARIO_precision": 0.9733606557377049,
    "eval_NOMBRE_PERSONAL_SANITARIO_recall": 0.9557344064386318,
    "eval_NOMBRE_SUJETO_ASISTENCIA_f1": 0.9778225806451614,
    "eval_NOMBRE_SUJETO_ASISTENCIA_number": 503,
    "eval_NOMBRE_SUJETO_ASISTENCIA_precision": 0.9918200408997955,
    "eval_NOMBRE_SUJETO_ASISTENCIA_recall": 0.9642147117296223,
    "eval_NUMERO_FAX_f1": 0.7272727272727272,
    "eval_NUMERO_FAX_number": 6,
    "eval_NUMERO_FAX_precision": 0.8,
    "eval_NUMERO_FAX_recall": 0.6666666666666666,
    "eval_NUMERO_TELEFONO_f1": 0.9387755102040817,
    "eval_NUMERO_TELEFONO_number": 24,
    "eval_NUMERO_TELEFONO_precision": 0.92,
    "eval_NUMERO_TELEFONO_recall": 0.9583333333333334,
    "eval_OTROS_SUJETO_ASISTENCIA_f1": 0.0,
    "eval_OTROS_SUJETO_ASISTENCIA_number": 6,
    "eval_OTROS_SUJETO_ASISTENCIA_precision": 0.0,
    "eval_OTROS_SUJETO_ASISTENCIA_recall": 0.0,
    "eval_PAIS_f1": 0.9668109668109669,
    "eval_PAIS_number": 347,
    "eval_PAIS_precision": 0.9682080924855492,
    "eval_PAIS_recall": 0.9654178674351584,
    "eval_PROFESION_f1": 0.6,
    "eval_PROFESION_number": 4,
    "eval_PROFESION_precision": 0.5,
    "eval_PROFESION_recall": 0.75,
    "eval_SEXO_SUJETO_ASISTENCIA_f1": 0.9755555555555556,
    "eval_SEXO_SUJETO_ASISTENCIA_number": 455,
    "eval_SEXO_SUJETO_ASISTENCIA_precision": 0.9865168539325843,
    "eval_SEXO_SUJETO_ASISTENCIA_recall": 0.9648351648351648,
    "eval_TERRITORIO_f1": 0.964984552008239,
    "eval_TERRITORIO_number": 975,
    "eval_TERRITORIO_precision": 0.9689762150982419,
    "eval_TERRITORIO_recall": 0.961025641025641,
    "eval_loss": 0.047689009457826614,
    "eval_overall_accuracy": 0.9916577515097307,
    "eval_overall_f1": 0.9521576799513761,
    "eval_overall_precision": 0.9558926080892608,
    "eval_overall_recall": 0.9484518249437813,
    "eval_runtime": 13.3567,
    "eval_samples_per_second": 18.717,
    "eval_steps_per_second": 4.717
}