{
    "NORMALIZABLES_f1": 0.9202264539372105,
    "NORMALIZABLES_number": 961,
    "NORMALIZABLES_precision": 0.9103869653767821,
    "NORMALIZABLES_recall": 0.9302809573361083,
    "NO_NORMALIZABLES_f1": 0.09523809523809525,
    "NO_NORMALIZABLES_number": 10,
    "NO_NORMALIZABLES_precision": 0.09090909090909091,
    "NO_NORMALIZABLES_recall": 0.1,
    "PROTEINAS_f1": 0.8456221198156683,
    "PROTEINAS_number": 835,
    "PROTEINAS_precision": 0.8146503884572697,
    "PROTEINAS_recall": 0.8790419161676647,
    "UNCLEAR_f1": 0.7777777777777778,
    "UNCLEAR_number": 34,
    "UNCLEAR_precision": 0.7368421052631579,
    "UNCLEAR_recall": 0.8235294117647058,
    "epoch": 10.0,
    "eval_NORMALIZABLES_f1": 0.9073825503355705,
    "eval_NORMALIZABLES_number": 1104,
    "eval_NORMALIZABLES_precision": 0.896551724137931,
    "eval_NORMALIZABLES_recall": 0.9184782608695652,
    "eval_NO_NORMALIZABLES_f1": 0.3225806451612903,
    "eval_NO_NORMALIZABLES_number": 16,
    "eval_NO_NORMALIZABLES_precision": 0.3333333333333333,
    "eval_NO_NORMALIZABLES_recall": 0.3125,
    "eval_PROTEINAS_f1": 0.884,
    "eval_PROTEINAS_number": 736,
    "eval_PROTEINAS_precision": 0.8678010471204188,
    "eval_PROTEINAS_recall": 0.9008152173913043,
    "eval_UNCLEAR_f1": 0.803921568627451,
    "eval_UNCLEAR_number": 44,
    "eval_UNCLEAR_precision": 0.7068965517241379,
    "eval_UNCLEAR_recall": 0.9318181818181818,
    "eval_loss": 0.03478195518255234,
    "eval_overall_accuracy": 0.9943233154758102,
    "eval_overall_f1": 0.890899689762151,
    "eval_overall_precision": 0.8755081300813008,
    "eval_overall_recall": 0.9068421052631579,
    "eval_runtime": 7.732,
    "eval_samples_per_second": 489.782,
    "eval_steps_per_second": 30.652,
    "overall_accuracy": 0.9944472310955058,
    "overall_f1": 0.8785790031813362,
    "overall_precision": 0.8576604554865425,
    "overall_recall": 0.9005434782608696,
    "total_flos": 3166925212991664.0,
    "train_loss": 0.010193676319273376,
    "train_runtime": 972.8943,
    "train_samples_per_second": 83.555,
    "train_steps_per_second": 5.232
}