{
    "epoch": 10.0,
    "eval_NORMALIZABLES_f1": 0.9073825503355705,
    "eval_NORMALIZABLES_number": 1104,
    "eval_NORMALIZABLES_precision": 0.896551724137931,
    "eval_NORMALIZABLES_recall": 0.9184782608695652,
    "eval_NO_NORMALIZABLES_f1": 0.3225806451612903,
    "eval_NO_NORMALIZABLES_number": 16,
    "eval_NO_NORMALIZABLES_precision": 0.3333333333333333,
    "eval_NO_NORMALIZABLES_recall": 0.3125,
    "eval_PROTEINAS_f1": 0.884,
    "eval_PROTEINAS_number": 736,
    "eval_PROTEINAS_precision": 0.8678010471204188,
    "eval_PROTEINAS_recall": 0.9008152173913043,
    "eval_UNCLEAR_f1": 0.803921568627451,
    "eval_UNCLEAR_number": 44,
    "eval_UNCLEAR_precision": 0.7068965517241379,
    "eval_UNCLEAR_recall": 0.9318181818181818,
    "eval_loss": 0.03478195518255234,
    "eval_overall_accuracy": 0.9943233154758102,
    "eval_overall_f1": 0.890899689762151,
    "eval_overall_precision": 0.8755081300813008,
    "eval_overall_recall": 0.9068421052631579,
    "eval_runtime": 7.732,
    "eval_samples_per_second": 489.782,
    "eval_steps_per_second": 30.652
}