{
    "NORMALIZABLES_f1": 0.9202264539372105,
    "NORMALIZABLES_number": 961,
    "NORMALIZABLES_precision": 0.9103869653767821,
    "NORMALIZABLES_recall": 0.9302809573361083,
    "NO_NORMALIZABLES_f1": 0.09523809523809525,
    "NO_NORMALIZABLES_number": 10,
    "NO_NORMALIZABLES_precision": 0.09090909090909091,
    "NO_NORMALIZABLES_recall": 0.1,
    "PROTEINAS_f1": 0.8456221198156683,
    "PROTEINAS_number": 835,
    "PROTEINAS_precision": 0.8146503884572697,
    "PROTEINAS_recall": 0.8790419161676647,
    "UNCLEAR_f1": 0.7777777777777778,
    "UNCLEAR_number": 34,
    "UNCLEAR_precision": 0.7368421052631579,
    "UNCLEAR_recall": 0.8235294117647058,
    "overall_accuracy": 0.9944472310955058,
    "overall_f1": 0.8785790031813362,
    "overall_precision": 0.8576604554865425,
    "overall_recall": 0.9005434782608696
}