{
    "ACTIVIDAD_f1": 0.30769230769230765,
    "ACTIVIDAD_number": 28,
    "ACTIVIDAD_precision": 0.3333333333333333,
    "ACTIVIDAD_recall": 0.2857142857142857,
    "PROFESION_f1": 0.8343994314143568,
    "PROFESION_number": 696,
    "PROFESION_precision": 0.8255977496483825,
    "PROFESION_recall": 0.8433908045977011,
    "SITUACION_LABORAL_f1": 0.6048387096774193,
    "SITUACION_LABORAL_number": 358,
    "SITUACION_LABORAL_precision": 0.582901554404145,
    "SITUACION_LABORAL_recall": 0.6284916201117319,
    "epoch": 10.0,
    "eval_ACTIVIDAD_f1": 0.3214285714285714,
    "eval_ACTIVIDAD_number": 22,
    "eval_ACTIVIDAD_precision": 0.2647058823529412,
    "eval_ACTIVIDAD_recall": 0.4090909090909091,
    "eval_PROFESION_f1": 0.8232280102476516,
    "eval_PROFESION_number": 572,
    "eval_PROFESION_precision": 0.8046744574290484,
    "eval_PROFESION_recall": 0.8426573426573427,
    "eval_SITUACION_LABORAL_f1": 0.6111111111111112,
    "eval_SITUACION_LABORAL_number": 203,
    "eval_SITUACION_LABORAL_precision": 0.539622641509434,
    "eval_SITUACION_LABORAL_recall": 0.7044334975369458,
    "eval_loss": 0.015729624778032303,
    "eval_overall_accuracy": 0.9968404882353582,
    "eval_overall_f1": 0.7480825958702064,
    "eval_overall_precision": 0.7060133630289532,
    "eval_overall_recall": 0.795483061480552,
    "eval_runtime": 9.7909,
    "eval_samples_per_second": 64.652,
    "eval_steps_per_second": 8.171,
    "overall_accuracy": 0.9959505215663881,
    "overall_f1": 0.7444394008170676,
    "overall_precision": 0.7314897413024085,
    "overall_recall": 0.7578558225508318,
    "total_flos": 6717945243002928.0,
    "train_loss": 0.012459372108952598,
    "train_runtime": 1138.7883,
    "train_samples_per_second": 22.577,
    "train_steps_per_second": 2.828
}