{
    "ACTIVIDAD_f1": 0.30769230769230765,
    "ACTIVIDAD_number": 28,
    "ACTIVIDAD_precision": 0.3333333333333333,
    "ACTIVIDAD_recall": 0.2857142857142857,
    "PROFESION_f1": 0.8343994314143568,
    "PROFESION_number": 696,
    "PROFESION_precision": 0.8255977496483825,
    "PROFESION_recall": 0.8433908045977011,
    "SITUACION_LABORAL_f1": 0.6048387096774193,
    "SITUACION_LABORAL_number": 358,
    "SITUACION_LABORAL_precision": 0.582901554404145,
    "SITUACION_LABORAL_recall": 0.6284916201117319,
    "overall_accuracy": 0.9959505215663881,
    "overall_f1": 0.7444394008170676,
    "overall_precision": 0.7314897413024085,
    "overall_recall": 0.7578558225508318
}