{
    "FAMILIAR_f1": 0.5648854961832062,
    "FAMILIAR_number": 51,
    "FAMILIAR_precision": 0.4625,
    "FAMILIAR_recall": 0.7254901960784313,
    "OTROS_f1": 0.7518248175182483,
    "OTROS_number": 146,
    "OTROS_precision": 0.8046875,
    "OTROS_recall": 0.7054794520547946,
    "PACIENTE_f1": 0.6560669456066945,
    "PACIENTE_number": 588,
    "PACIENTE_precision": 0.6457990115321252,
    "PACIENTE_recall": 0.6666666666666666,
    "SANITARIO_f1": 0.9159802306425042,
    "SANITARIO_number": 291,
    "SANITARIO_precision": 0.879746835443038,
    "SANITARIO_recall": 0.9553264604810997,
    "epoch": 10.0,
    "eval_FAMILIAR_f1": 0.7169811320754719,
    "eval_FAMILIAR_number": 45,
    "eval_FAMILIAR_precision": 0.6229508196721312,
    "eval_FAMILIAR_recall": 0.8444444444444444,
    "eval_OTROS_f1": 0.7067669172932332,
    "eval_OTROS_number": 160,
    "eval_OTROS_precision": 0.8867924528301887,
    "eval_OTROS_recall": 0.5875,
    "eval_PACIENTE_f1": 0.6393659180977542,
    "eval_PACIENTE_number": 351,
    "eval_PACIENTE_precision": 0.5960591133004927,
    "eval_PACIENTE_recall": 0.6894586894586895,
    "eval_SANITARIO_f1": 0.8810720268006701,
    "eval_SANITARIO_number": 283,
    "eval_SANITARIO_precision": 0.8375796178343949,
    "eval_SANITARIO_recall": 0.9293286219081273,
    "eval_loss": 0.016000887379050255,
    "eval_overall_accuracy": 0.9967437910607947,
    "eval_overall_f1": 0.7381228273464657,
    "eval_overall_precision": 0.7181510710259301,
    "eval_overall_recall": 0.7592371871275327,
    "eval_runtime": 11.1173,
    "eval_samples_per_second": 76.368,
    "eval_steps_per_second": 9.625,
    "overall_accuracy": 0.9959177648201034,
    "overall_f1": 0.7340280924331672,
    "overall_precision": 0.7161803713527851,
    "overall_recall": 0.7527881040892194,
    "total_flos": 9415287968901120.0,
    "train_loss": 0.008762113129030377,
    "train_runtime": 1996.364,
    "train_samples_per_second": 18.048,
    "train_steps_per_second": 2.259
}