{
    "epoch": 10.0,
    "eval_FAMILIAR_f1": 0.7169811320754719,
    "eval_FAMILIAR_number": 45,
    "eval_FAMILIAR_precision": 0.6229508196721312,
    "eval_FAMILIAR_recall": 0.8444444444444444,
    "eval_OTROS_f1": 0.7067669172932332,
    "eval_OTROS_number": 160,
    "eval_OTROS_precision": 0.8867924528301887,
    "eval_OTROS_recall": 0.5875,
    "eval_PACIENTE_f1": 0.6393659180977542,
    "eval_PACIENTE_number": 351,
    "eval_PACIENTE_precision": 0.5960591133004927,
    "eval_PACIENTE_recall": 0.6894586894586895,
    "eval_SANITARIO_f1": 0.8810720268006701,
    "eval_SANITARIO_number": 283,
    "eval_SANITARIO_precision": 0.8375796178343949,
    "eval_SANITARIO_recall": 0.9293286219081273,
    "eval_loss": 0.016000887379050255,
    "eval_overall_accuracy": 0.9967437910607947,
    "eval_overall_f1": 0.7381228273464657,
    "eval_overall_precision": 0.7181510710259301,
    "eval_overall_recall": 0.7592371871275327,
    "eval_runtime": 11.1173,
    "eval_samples_per_second": 76.368,
    "eval_steps_per_second": 9.625
}