{
    "FARMACO_f1": 0.9040511727078892,
    "FARMACO_number": 1834,
    "FARMACO_precision": 0.8842544316996872,
    "FARMACO_recall": 0.9247546346782988,
    "epoch": 10.0,
    "eval_FARMACO_f1": 0.9040650406504065,
    "eval_FARMACO_number": 3321,
    "eval_FARMACO_precision": 0.8879210220673636,
    "eval_FARMACO_recall": 0.9208069858476362,
    "eval_loss": 0.014651592820882797,
    "eval_overall_accuracy": 0.9980456089089274,
    "eval_overall_f1": 0.9040650406504065,
    "eval_overall_precision": 0.8879210220673636,
    "eval_overall_recall": 0.9208069858476362,
    "eval_runtime": 30.9022,
    "eval_samples_per_second": 42.295,
    "eval_steps_per_second": 5.307,
    "overall_accuracy": 0.9979628155897404,
    "overall_f1": 0.9040511727078892,
    "overall_precision": 0.8842544316996872,
    "overall_recall": 0.9247546346782988,
    "total_flos": 1.6092921499535616e+16,
    "train_loss": 0.004218194960543568,
    "train_runtime": 2532.8352,
    "train_samples_per_second": 6.846,
    "train_steps_per_second": 0.857
}