{
    "CALLE_f1": 0.9556886227544911,
    "CALLE_number": 413,
    "CALLE_precision": 0.9454976303317536,
    "CALLE_recall": 0.9661016949152542,
    "CENTRO_SALUD_f1": 0.9090909090909091,
    "CENTRO_SALUD_number": 6,
    "CENTRO_SALUD_precision": 1.0,
    "CENTRO_SALUD_recall": 0.8333333333333334,
    "CORREO_ELECTRONICO_f1": 0.9741550695825051,
    "CORREO_ELECTRONICO_number": 249,
    "CORREO_ELECTRONICO_precision": 0.9645669291338582,
    "CORREO_ELECTRONICO_recall": 0.9839357429718876,
    "EDAD_SUJETO_ASISTENCIA_f1": 0.9846743295019157,
    "EDAD_SUJETO_ASISTENCIA_number": 518,
    "EDAD_SUJETO_ASISTENCIA_precision": 0.9771863117870723,
    "EDAD_SUJETO_ASISTENCIA_recall": 0.9922779922779923,
    "FAMILIARES_SUJETO_ASISTENCIA_f1": 0.7398843930635839,
    "FAMILIARES_SUJETO_ASISTENCIA_number": 81,
    "FAMILIARES_SUJETO_ASISTENCIA_precision": 0.6956521739130435,
    "FAMILIARES_SUJETO_ASISTENCIA_recall": 0.7901234567901234,
    "FECHAS_f1": 0.9950980392156863,
    "FECHAS_number": 611,
    "FECHAS_precision": 0.9934747145187602,
    "FECHAS_recall": 0.9967266775777414,
    "HOSPITAL_f1": 0.9182879377431907,
    "HOSPITAL_number": 130,
    "HOSPITAL_precision": 0.9291338582677166,
    "HOSPITAL_recall": 0.9076923076923077,
    "ID_ASEGURAMIENTO_f1": 0.9974683544303797,
    "ID_ASEGURAMIENTO_number": 198,
    "ID_ASEGURAMIENTO_precision": 1.0,
    "ID_ASEGURAMIENTO_recall": 0.9949494949494949,
    "ID_CONTACTO_ASISTENCIAL_f1": 1.0,
    "ID_CONTACTO_ASISTENCIAL_number": 39,
    "ID_CONTACTO_ASISTENCIAL_precision": 1.0,
    "ID_CONTACTO_ASISTENCIAL_recall": 1.0,
    "ID_SUJETO_ASISTENCIA_f1": 0.9877408056042032,
    "ID_SUJETO_ASISTENCIA_number": 283,
    "ID_SUJETO_ASISTENCIA_precision": 0.9791666666666666,
    "ID_SUJETO_ASISTENCIA_recall": 0.9964664310954063,
    "ID_TITULACION_PERSONAL_SANITARIO_f1": 0.9978678038379531,
    "ID_TITULACION_PERSONAL_SANITARIO_number": 234,
    "ID_TITULACION_PERSONAL_SANITARIO_precision": 0.9957446808510638,
    "ID_TITULACION_PERSONAL_SANITARIO_recall": 1.0,
    "INSTITUCION_f1": 0.4852941176470588,
    "INSTITUCION_number": 67,
    "INSTITUCION_precision": 0.4782608695652174,
    "INSTITUCION_recall": 0.4925373134328358,
    "NOMBRE_PERSONAL_SANITARIO_f1": 0.99800796812749,
    "NOMBRE_PERSONAL_SANITARIO_number": 501,
    "NOMBRE_PERSONAL_SANITARIO_precision": 0.9960238568588469,
    "NOMBRE_PERSONAL_SANITARIO_recall": 1.0,
    "NOMBRE_SUJETO_ASISTENCIA_f1": 0.999004975124378,
    "NOMBRE_SUJETO_ASISTENCIA_number": 502,
    "NOMBRE_SUJETO_ASISTENCIA_precision": 0.9980119284294234,
    "NOMBRE_SUJETO_ASISTENCIA_recall": 1.0,
    "NUMERO_FAX_f1": 0.75,
    "NUMERO_FAX_number": 7,
    "NUMERO_FAX_precision": 0.6666666666666666,
    "NUMERO_FAX_recall": 0.8571428571428571,
    "NUMERO_TELEFONO_f1": 0.9230769230769231,
    "NUMERO_TELEFONO_number": 26,
    "NUMERO_TELEFONO_precision": 0.9230769230769231,
    "NUMERO_TELEFONO_recall": 0.9230769230769231,
    "OTROS_SUJETO_ASISTENCIA_f1": 0.0,
    "OTROS_SUJETO_ASISTENCIA_number": 7,
    "OTROS_SUJETO_ASISTENCIA_precision": 0.0,
    "OTROS_SUJETO_ASISTENCIA_recall": 0.0,
    "PAIS_f1": 0.9877216916780355,
    "PAIS_number": 363,
    "PAIS_precision": 0.9783783783783784,
    "PAIS_recall": 0.9972451790633609,
    "PROFESION_f1": 0.5185185185185185,
    "PROFESION_number": 9,
    "PROFESION_precision": 0.3888888888888889,
    "PROFESION_recall": 0.7777777777777778,
    "SEXO_SUJETO_ASISTENCIA_f1": 0.9902702702702704,
    "SEXO_SUJETO_ASISTENCIA_number": 461,
    "SEXO_SUJETO_ASISTENCIA_precision": 0.9870689655172413,
    "SEXO_SUJETO_ASISTENCIA_recall": 0.9934924078091106,
    "TERRITORIO_f1": 0.971875,
    "TERRITORIO_number": 956,
    "TERRITORIO_precision": 0.9678423236514523,
    "TERRITORIO_recall": 0.9759414225941423,
    "epoch": 10.0,
    "eval_CALLE_f1": 0.9139664804469274,
    "eval_CALLE_number": 446,
    "eval_CALLE_precision": 0.910913140311804,
    "eval_CALLE_recall": 0.9170403587443946,
    "eval_CENTRO_SALUD_f1": 0.5,
    "eval_CENTRO_SALUD_number": 2,
    "eval_CENTRO_SALUD_precision": 0.5,
    "eval_CENTRO_SALUD_recall": 0.5,
    "eval_CORREO_ELECTRONICO_f1": 0.9713114754098361,
    "eval_CORREO_ELECTRONICO_number": 240,
    "eval_CORREO_ELECTRONICO_precision": 0.9556451612903226,
    "eval_CORREO_ELECTRONICO_recall": 0.9875,
    "eval_EDAD_SUJETO_ASISTENCIA_f1": 0.9529298751200769,
    "eval_EDAD_SUJETO_ASISTENCIA_number": 531,
    "eval_EDAD_SUJETO_ASISTENCIA_precision": 0.9725490196078431,
    "eval_EDAD_SUJETO_ASISTENCIA_recall": 0.9340866290018832,
    "eval_FAMILIARES_SUJETO_ASISTENCIA_f1": 0.7121951219512195,
    "eval_FAMILIARES_SUJETO_ASISTENCIA_number": 102,
    "eval_FAMILIARES_SUJETO_ASISTENCIA_precision": 0.7087378640776699,
    "eval_FAMILIARES_SUJETO_ASISTENCIA_recall": 0.7156862745098039,
    "eval_FECHAS_f1": 0.9623762376237622,
    "eval_FECHAS_number": 762,
    "eval_FECHAS_precision": 0.9681274900398407,
    "eval_FECHAS_recall": 0.9566929133858267,
    "eval_HOSPITAL_f1": 0.8704318936877077,
    "eval_HOSPITAL_number": 151,
    "eval_HOSPITAL_precision": 0.8733333333333333,
    "eval_HOSPITAL_recall": 0.8675496688741722,
    "eval_ID_ASEGURAMIENTO_f1": 0.9869451697127937,
    "eval_ID_ASEGURAMIENTO_number": 194,
    "eval_ID_ASEGURAMIENTO_precision": 1.0,
    "eval_ID_ASEGURAMIENTO_recall": 0.9742268041237113,
    "eval_ID_CONTACTO_ASISTENCIAL_f1": 0.9393939393939394,
    "eval_ID_CONTACTO_ASISTENCIAL_number": 33,
    "eval_ID_CONTACTO_ASISTENCIAL_precision": 0.9393939393939394,
    "eval_ID_CONTACTO_ASISTENCIAL_recall": 0.9393939393939394,
    "eval_ID_SUJETO_ASISTENCIA_f1": 0.9419795221843004,
    "eval_ID_SUJETO_ASISTENCIA_number": 293,
    "eval_ID_SUJETO_ASISTENCIA_precision": 0.9419795221843004,
    "eval_ID_SUJETO_ASISTENCIA_recall": 0.9419795221843004,
    "eval_ID_TITULACION_PERSONAL_SANITARIO_f1": 0.9668874172185431,
    "eval_ID_TITULACION_PERSONAL_SANITARIO_number": 229,
    "eval_ID_TITULACION_PERSONAL_SANITARIO_precision": 0.9776785714285714,
    "eval_ID_TITULACION_PERSONAL_SANITARIO_recall": 0.9563318777292577,
    "eval_INSTITUCION_f1": 0.7500000000000001,
    "eval_INSTITUCION_number": 81,
    "eval_INSTITUCION_precision": 0.6947368421052632,
    "eval_INSTITUCION_recall": 0.8148148148148148,
    "eval_NOMBRE_PERSONAL_SANITARIO_f1": 0.9598470363288719,
    "eval_NOMBRE_PERSONAL_SANITARIO_number": 526,
    "eval_NOMBRE_PERSONAL_SANITARIO_precision": 0.9653846153846154,
    "eval_NOMBRE_PERSONAL_SANITARIO_recall": 0.9543726235741445,
    "eval_NOMBRE_SUJETO_ASISTENCIA_f1": 0.9818181818181819,
    "eval_NOMBRE_SUJETO_ASISTENCIA_number": 503,
    "eval_NOMBRE_SUJETO_ASISTENCIA_precision": 0.997946611909651,
    "eval_NOMBRE_SUJETO_ASISTENCIA_recall": 0.9662027833001988,
    "eval_NUMERO_FAX_f1": 0.8333333333333334,
    "eval_NUMERO_FAX_number": 6,
    "eval_NUMERO_FAX_precision": 0.8333333333333334,
    "eval_NUMERO_FAX_recall": 0.8333333333333334,
    "eval_NUMERO_TELEFONO_f1": 0.8846153846153846,
    "eval_NUMERO_TELEFONO_number": 25,
    "eval_NUMERO_TELEFONO_precision": 0.8518518518518519,
    "eval_NUMERO_TELEFONO_recall": 0.92,
    "eval_OTROS_SUJETO_ASISTENCIA_f1": 0.0,
    "eval_OTROS_SUJETO_ASISTENCIA_number": 6,
    "eval_OTROS_SUJETO_ASISTENCIA_precision": 0.0,
    "eval_OTROS_SUJETO_ASISTENCIA_recall": 0.0,
    "eval_PAIS_f1": 0.9770773638968481,
    "eval_PAIS_number": 353,
    "eval_PAIS_precision": 0.9884057971014493,
    "eval_PAIS_recall": 0.9660056657223796,
    "eval_PROFESION_f1": 0.5454545454545454,
    "eval_PROFESION_number": 4,
    "eval_PROFESION_precision": 0.42857142857142855,
    "eval_PROFESION_recall": 0.75,
    "eval_SEXO_SUJETO_ASISTENCIA_f1": 0.9639344262295083,
    "eval_SEXO_SUJETO_ASISTENCIA_number": 462,
    "eval_SEXO_SUJETO_ASISTENCIA_precision": 0.9735099337748344,
    "eval_SEXO_SUJETO_ASISTENCIA_recall": 0.9545454545454546,
    "eval_TERRITORIO_f1": 0.9677098857426726,
    "eval_TERRITORIO_number": 1006,
    "eval_TERRITORIO_precision": 0.9672293942403177,