{
    "epoch": 10.0,
    "eval_CALLE_f1": 0.9139664804469274,
    "eval_CALLE_number": 446,
    "eval_CALLE_precision": 0.910913140311804,
    "eval_CALLE_recall": 0.9170403587443946,
    "eval_CENTRO_SALUD_f1": 0.5,
    "eval_CENTRO_SALUD_number": 2,
    "eval_CENTRO_SALUD_precision": 0.5,
    "eval_CENTRO_SALUD_recall": 0.5,
    "eval_CORREO_ELECTRONICO_f1": 0.9713114754098361,
    "eval_CORREO_ELECTRONICO_number": 240,
    "eval_CORREO_ELECTRONICO_precision": 0.9556451612903226,
    "eval_CORREO_ELECTRONICO_recall": 0.9875,
    "eval_EDAD_SUJETO_ASISTENCIA_f1": 0.9529298751200769,
    "eval_EDAD_SUJETO_ASISTENCIA_number": 531,
    "eval_EDAD_SUJETO_ASISTENCIA_precision": 0.9725490196078431,
    "eval_EDAD_SUJETO_ASISTENCIA_recall": 0.9340866290018832,
    "eval_FAMILIARES_SUJETO_ASISTENCIA_f1": 0.7121951219512195,
    "eval_FAMILIARES_SUJETO_ASISTENCIA_number": 102,
    "eval_FAMILIARES_SUJETO_ASISTENCIA_precision": 0.7087378640776699,
    "eval_FAMILIARES_SUJETO_ASISTENCIA_recall": 0.7156862745098039,
    "eval_FECHAS_f1": 0.9623762376237622,
    "eval_FECHAS_number": 762,
    "eval_FECHAS_precision": 0.9681274900398407,
    "eval_FECHAS_recall": 0.9566929133858267,
    "eval_HOSPITAL_f1": 0.8704318936877077,
    "eval_HOSPITAL_number": 151,
    "eval_HOSPITAL_precision": 0.8733333333333333,
    "eval_HOSPITAL_recall": 0.8675496688741722,
    "eval_ID_ASEGURAMIENTO_f1": 0.9869451697127937,
    "eval_ID_ASEGURAMIENTO_number": 194,
    "eval_ID_ASEGURAMIENTO_precision": 1.0,
    "eval_ID_ASEGURAMIENTO_recall": 0.9742268041237113,
    "eval_ID_CONTACTO_ASISTENCIAL_f1": 0.9393939393939394,
    "eval_ID_CONTACTO_ASISTENCIAL_number": 33,
    "eval_ID_CONTACTO_ASISTENCIAL_precision": 0.9393939393939394,
    "eval_ID_CONTACTO_ASISTENCIAL_recall": 0.9393939393939394,
    "eval_ID_SUJETO_ASISTENCIA_f1": 0.9419795221843004,
    "eval_ID_SUJETO_ASISTENCIA_number": 293,
    "eval_ID_SUJETO_ASISTENCIA_precision": 0.9419795221843004,
    "eval_ID_SUJETO_ASISTENCIA_recall": 0.9419795221843004,
    "eval_ID_TITULACION_PERSONAL_SANITARIO_f1": 0.9668874172185431,
    "eval_ID_TITULACION_PERSONAL_SANITARIO_number": 229,
    "eval_ID_TITULACION_PERSONAL_SANITARIO_precision": 0.9776785714285714,
    "eval_ID_TITULACION_PERSONAL_SANITARIO_recall": 0.9563318777292577,
    "eval_INSTITUCION_f1": 0.7500000000000001,
    "eval_INSTITUCION_number": 81,
    "eval_INSTITUCION_precision": 0.6947368421052632,
    "eval_INSTITUCION_recall": 0.8148148148148148,
    "eval_NOMBRE_PERSONAL_SANITARIO_f1": 0.9598470363288719,
    "eval_NOMBRE_PERSONAL_SANITARIO_number": 526,
    "eval_NOMBRE_PERSONAL_SANITARIO_precision": 0.9653846153846154,
    "eval_NOMBRE_PERSONAL_SANITARIO_recall": 0.9543726235741445,
    "eval_NOMBRE_SUJETO_ASISTENCIA_f1": 0.9818181818181819,
    "eval_NOMBRE_SUJETO_ASISTENCIA_number": 503,
    "eval_NOMBRE_SUJETO_ASISTENCIA_precision": 0.997946611909651,
    "eval_NOMBRE_SUJETO_ASISTENCIA_recall": 0.9662027833001988,
    "eval_NUMERO_FAX_f1": 0.8333333333333334,
    "eval_NUMERO_FAX_number": 6,
    "eval_NUMERO_FAX_precision": 0.8333333333333334,
    "eval_NUMERO_FAX_recall": 0.8333333333333334,
    "eval_NUMERO_TELEFONO_f1": 0.8846153846153846,
    "eval_NUMERO_TELEFONO_number": 25,
    "eval_NUMERO_TELEFONO_precision": 0.8518518518518519,
    "eval_NUMERO_TELEFONO_recall": 0.92,
    "eval_OTROS_SUJETO_ASISTENCIA_f1": 0.0,
    "eval_OTROS_SUJETO_ASISTENCIA_number": 6,
    "eval_OTROS_SUJETO_ASISTENCIA_precision": 0.0,
    "eval_OTROS_SUJETO_ASISTENCIA_recall": 0.0,
    "eval_PAIS_f1": 0.9770773638968481,
    "eval_PAIS_number": 353,
    "eval_PAIS_precision": 0.9884057971014493,
    "eval_PAIS_recall": 0.9660056657223796,
    "eval_PROFESION_f1": 0.5454545454545454,
    "eval_PROFESION_number": 4,
    "eval_PROFESION_precision": 0.42857142857142855,
    "eval_PROFESION_recall": 0.75,
    "eval_SEXO_SUJETO_ASISTENCIA_f1": 0.9639344262295083,
    "eval_SEXO_SUJETO_ASISTENCIA_number": 462,
    "eval_SEXO_SUJETO_ASISTENCIA_precision": 0.9735099337748344,
    "eval_SEXO_SUJETO_ASISTENCIA_recall": 0.9545454545454546,
    "eval_TERRITORIO_f1": 0.9677098857426726,
    "eval_TERRITORIO_number": 1006,
    "eval_TERRITORIO_precision": 0.9672293942403177,
    "eval_TERRITORIO_recall": 0.9681908548707754,
    "eval_loss": 0.049370963126420975,
    "eval_overall_accuracy": 0.992214177037026,
    "eval_overall_f1": 0.9500674763832658,
    "eval_overall_precision": 0.9544145060159295,
    "eval_overall_recall": 0.94575986565911,
    "eval_runtime": 6.9651,
    "eval_samples_per_second": 70.351,
    "eval_steps_per_second": 8.902
}