{
    "CALLE_f1": 0.9556886227544911,
    "CALLE_number": 413,
    "CALLE_precision": 0.9454976303317536,
    "CALLE_recall": 0.9661016949152542,
    "CENTRO_SALUD_f1": 0.9090909090909091,
    "CENTRO_SALUD_number": 6,
    "CENTRO_SALUD_precision": 1.0,
    "CENTRO_SALUD_recall": 0.8333333333333334,
    "CORREO_ELECTRONICO_f1": 0.9741550695825051,
    "CORREO_ELECTRONICO_number": 249,
    "CORREO_ELECTRONICO_precision": 0.9645669291338582,
    "CORREO_ELECTRONICO_recall": 0.9839357429718876,
    "EDAD_SUJETO_ASISTENCIA_f1": 0.9846743295019157,
    "EDAD_SUJETO_ASISTENCIA_number": 518,
    "EDAD_SUJETO_ASISTENCIA_precision": 0.9771863117870723,
    "EDAD_SUJETO_ASISTENCIA_recall": 0.9922779922779923,
    "FAMILIARES_SUJETO_ASISTENCIA_f1": 0.7398843930635839,
    "FAMILIARES_SUJETO_ASISTENCIA_number": 81,
    "FAMILIARES_SUJETO_ASISTENCIA_precision": 0.6956521739130435,
    "FAMILIARES_SUJETO_ASISTENCIA_recall": 0.7901234567901234,
    "FECHAS_f1": 0.9950980392156863,
    "FECHAS_number": 611,
    "FECHAS_precision": 0.9934747145187602,
    "FECHAS_recall": 0.9967266775777414,
    "HOSPITAL_f1": 0.9182879377431907,
    "HOSPITAL_number": 130,
    "HOSPITAL_precision": 0.9291338582677166,
    "HOSPITAL_recall": 0.9076923076923077,
    "ID_ASEGURAMIENTO_f1": 0.9974683544303797,
    "ID_ASEGURAMIENTO_number": 198,
    "ID_ASEGURAMIENTO_precision": 1.0,
    "ID_ASEGURAMIENTO_recall": 0.9949494949494949,
    "ID_CONTACTO_ASISTENCIAL_f1": 1.0,
    "ID_CONTACTO_ASISTENCIAL_number": 39,
    "ID_CONTACTO_ASISTENCIAL_precision": 1.0,
    "ID_CONTACTO_ASISTENCIAL_recall": 1.0,
    "ID_SUJETO_ASISTENCIA_f1": 0.9877408056042032,
    "ID_SUJETO_ASISTENCIA_number": 283,
    "ID_SUJETO_ASISTENCIA_precision": 0.9791666666666666,
    "ID_SUJETO_ASISTENCIA_recall": 0.9964664310954063,
    "ID_TITULACION_PERSONAL_SANITARIO_f1": 0.9978678038379531,
    "ID_TITULACION_PERSONAL_SANITARIO_number": 234,
    "ID_TITULACION_PERSONAL_SANITARIO_precision": 0.9957446808510638,
    "ID_TITULACION_PERSONAL_SANITARIO_recall": 1.0,
    "INSTITUCION_f1": 0.4852941176470588,
    "INSTITUCION_number": 67,
    "INSTITUCION_precision": 0.4782608695652174,
    "INSTITUCION_recall": 0.4925373134328358,
    "NOMBRE_PERSONAL_SANITARIO_f1": 0.99800796812749,
    "NOMBRE_PERSONAL_SANITARIO_number": 501,
    "NOMBRE_PERSONAL_SANITARIO_precision": 0.9960238568588469,
    "NOMBRE_PERSONAL_SANITARIO_recall": 1.0,
    "NOMBRE_SUJETO_ASISTENCIA_f1": 0.999004975124378,
    "NOMBRE_SUJETO_ASISTENCIA_number": 502,
    "NOMBRE_SUJETO_ASISTENCIA_precision": 0.9980119284294234,
    "NOMBRE_SUJETO_ASISTENCIA_recall": 1.0,
    "NUMERO_FAX_f1": 0.75,
    "NUMERO_FAX_number": 7,
    "NUMERO_FAX_precision": 0.6666666666666666,
    "NUMERO_FAX_recall": 0.8571428571428571,
    "NUMERO_TELEFONO_f1": 0.9230769230769231,
    "NUMERO_TELEFONO_number": 26,
    "NUMERO_TELEFONO_precision": 0.9230769230769231,
    "NUMERO_TELEFONO_recall": 0.9230769230769231,
    "OTROS_SUJETO_ASISTENCIA_f1": 0.0,
    "OTROS_SUJETO_ASISTENCIA_number": 7,
    "OTROS_SUJETO_ASISTENCIA_precision": 0.0,
    "OTROS_SUJETO_ASISTENCIA_recall": 0.0,
    "PAIS_f1": 0.9877216916780355,
    "PAIS_number": 363,
    "PAIS_precision": 0.9783783783783784,
    "PAIS_recall": 0.9972451790633609,
    "PROFESION_f1": 0.5185185185185185,
    "PROFESION_number": 9,
    "PROFESION_precision": 0.3888888888888889,
    "PROFESION_recall": 0.7777777777777778,
    "SEXO_SUJETO_ASISTENCIA_f1": 0.9902702702702704,
    "SEXO_SUJETO_ASISTENCIA_number": 461,
    "SEXO_SUJETO_ASISTENCIA_precision": 0.9870689655172413,
    "SEXO_SUJETO_ASISTENCIA_recall": 0.9934924078091106,
    "TERRITORIO_f1": 0.971875,
    "TERRITORIO_number": 956,
    "TERRITORIO_precision": 0.9678423236514523,
    "TERRITORIO_recall": 0.9759414225941423,
    "overall_accuracy": 0.9969769804494883,
    "overall_f1": 0.9718050065876153,
    "overall_precision": 0.9664570230607966,
    "overall_recall": 0.9772125066242713
}