{
    "DIAGNOSTICO_f1": 0.6557976106816585,
    "DIAGNOSTICO_number": 3478,
    "DIAGNOSTICO_precision": 0.6414627440197965,
    "DIAGNOSTICO_recall": 0.6707878090856815,
    "PROCEDIMIENTO_f1": 0.5655064528744622,
    "PROCEDIMIENTO_number": 1240,
    "PROCEDIMIENTO_precision": 0.5489749430523918,
    "PROCEDIMIENTO_recall": 0.5830645161290322,
    "overall_accuracy": 0.9475643681562592,
    "overall_f1": 0.6319272125723738,
    "overall_precision": 0.6168752523213564,
    "overall_recall": 0.6477320898685884
}