{
    "epoch": 10.0,
    "eval_MORFOLOGIA_NEOPLASIA_f1": 0.8382438376628766,
    "eval_MORFOLOGIA_NEOPLASIA_number": 5901,
    "eval_MORFOLOGIA_NEOPLASIA_precision": 0.8214053350683149,
    "eval_MORFOLOGIA_NEOPLASIA_recall": 0.855787154719539,
    "eval_loss": 0.05461227148771286,
    "eval_overall_accuracy": 0.9912755741127348,
    "eval_overall_f1": 0.8382438376628766,
    "eval_overall_precision": 0.8214053350683149,
    "eval_overall_recall": 0.855787154719539,
    "eval_runtime": 22.8001,
    "eval_samples_per_second": 21.93,
    "eval_steps_per_second": 5.482
}