{
    "MORFOLOGIA_NEOPLASIA_f1": 0.8386131883072739,
    "MORFOLOGIA_NEOPLASIA_number": 3562,
    "MORFOLOGIA_NEOPLASIA_precision": 0.8130767202741893,
    "MORFOLOGIA_NEOPLASIA_recall": 0.8658057271195957,
    "overall_accuracy": 0.9915117079889807,
    "overall_f1": 0.8386131883072739,
    "overall_precision": 0.8130767202741893,
    "overall_recall": 0.8658057271195957
}