{
    "FAMILIAR_f1": 0.32,
    "FAMILIAR_number": 51,
    "FAMILIAR_precision": 0.32653061224489793,
    "FAMILIAR_recall": 0.3137254901960784,
    "OTROS_f1": 0.563758389261745,
    "OTROS_number": 146,
    "OTROS_precision": 0.5526315789473685,
    "OTROS_recall": 0.5753424657534246,
    "PACIENTE_f1": 0.561816652649285,
    "PACIENTE_number": 590,
    "PACIENTE_precision": 0.5575959933222037,
    "PACIENTE_recall": 0.5661016949152542,
    "SANITARIO_f1": 0.896551724137931,
    "SANITARIO_number": 291,
    "SANITARIO_precision": 0.8584905660377359,
    "SANITARIO_recall": 0.9381443298969072,
    "epoch": 9.706827309236948,
    "eval_FAMILIAR_f1": 0.3466666666666666,
    "eval_FAMILIAR_number": 41,
    "eval_FAMILIAR_precision": 0.38235294117647056,
    "eval_FAMILIAR_recall": 0.3170731707317073,
    "eval_OTROS_f1": 0.7044534412955465,
    "eval_OTROS_number": 129,
    "eval_OTROS_precision": 0.7372881355932204,
    "eval_OTROS_recall": 0.6744186046511628,
    "eval_PACIENTE_f1": 0.594900849858357,
    "eval_PACIENTE_number": 326,
    "eval_PACIENTE_precision": 0.5526315789473685,
    "eval_PACIENTE_recall": 0.6441717791411042,
    "eval_SANITARIO_f1": 0.8565737051792829,
    "eval_SANITARIO_number": 237,
    "eval_SANITARIO_precision": 0.8113207547169812,
    "eval_SANITARIO_recall": 0.9071729957805907,
    "eval_loss": 0.0185044314712286,
    "eval_overall_accuracy": 0.9959661062784514,
    "eval_overall_f1": 0.6862745098039216,
    "eval_overall_precision": 0.6587202007528231,
    "eval_overall_recall": 0.7162346521145976,
    "eval_runtime": 10.3587,
    "eval_samples_per_second": 23.941,
    "eval_steps_per_second": 5.985,
    "overall_accuracy": 0.9950127817072597,
    "overall_f1": 0.6438979963570128,
    "overall_precision": 0.6323792486583184,
    "overall_recall": 0.6558441558441559,
    "total_flos": 1.0003810617875808e+16,
    "train_loss": 0.027419717850223665,
    "train_runtime": 1800.914,
    "train_samples_per_second": 5.525,
    "train_steps_per_second": 0.172
}