{
    "epoch": 9.706827309236948,
    "total_flos": 1.0003810617875808e+16,
    "train_loss": 0.027419717850223665,
    "train_runtime": 1800.914,
    "train_samples_per_second": 5.525,
    "train_steps_per_second": 0.172
}