{
    "ACTIVIDAD_f1": 0.28571428571428575,
    "ACTIVIDAD_number": 28,
    "ACTIVIDAD_precision": 0.3333333333333333,
    "ACTIVIDAD_recall": 0.25,
    "PROFESION_f1": 0.8197879858657244,
    "PROFESION_number": 696,
    "PROFESION_precision": 0.8066759388038943,
    "PROFESION_recall": 0.8333333333333334,
    "SITUACION_LABORAL_f1": 0.6274509803921569,
    "SITUACION_LABORAL_number": 356,
    "SITUACION_LABORAL_precision": 0.6775244299674267,
    "SITUACION_LABORAL_recall": 0.5842696629213483,
    "epoch": 10.0,
    "eval_ACTIVIDAD_f1": 0.35,
    "eval_ACTIVIDAD_number": 20,
    "eval_ACTIVIDAD_precision": 0.35,
    "eval_ACTIVIDAD_recall": 0.35,
    "eval_PROFESION_f1": 0.8643919510061242,
    "eval_PROFESION_number": 559,
    "eval_PROFESION_precision": 0.8458904109589042,
    "eval_PROFESION_recall": 0.8837209302325582,
    "eval_SITUACION_LABORAL_f1": 0.6600496277915633,
    "eval_SITUACION_LABORAL_number": 197,
    "eval_SITUACION_LABORAL_precision": 0.6456310679611651,
    "eval_SITUACION_LABORAL_recall": 0.6751269035532995,
    "eval_loss": 0.011812319979071617,
    "eval_overall_accuracy": 0.9975106694503268,
    "eval_overall_f1": 0.7994955863808322,
    "eval_overall_precision": 0.782716049382716,
    "eval_overall_recall": 0.8170103092783505,
    "eval_runtime": 11.4987,
    "eval_samples_per_second": 76.009,
    "eval_steps_per_second": 9.566,
    "overall_accuracy": 0.9958098893424706,
    "overall_f1": 0.7475317348377997,
    "overall_precision": 0.7593123209169055,
    "overall_recall": 0.7361111111111112,
    "total_flos": 9349364780779392.0,
    "train_loss": 0.007475759158842266,
    "train_runtime": 1787.2276,
    "train_samples_per_second": 20.02,
    "train_steps_per_second": 2.507
}