{
    "ACTIVIDAD_f1": 0.28571428571428575,
    "ACTIVIDAD_number": 28,
    "ACTIVIDAD_precision": 0.3333333333333333,
    "ACTIVIDAD_recall": 0.25,
    "PROFESION_f1": 0.8197879858657244,
    "PROFESION_number": 696,
    "PROFESION_precision": 0.8066759388038943,
    "PROFESION_recall": 0.8333333333333334,
    "SITUACION_LABORAL_f1": 0.6274509803921569,
    "SITUACION_LABORAL_number": 356,
    "SITUACION_LABORAL_precision": 0.6775244299674267,
    "SITUACION_LABORAL_recall": 0.5842696629213483,
    "overall_accuracy": 0.9958098893424706,
    "overall_f1": 0.7475317348377997,
    "overall_precision": 0.7593123209169055,
    "overall_recall": 0.7361111111111112
}