{
    "DIAGNOSTICO_f1": 0.6508970099667774,
    "DIAGNOSTICO_number": 3547,
    "DIAGNOSTICO_precision": 0.6156359979889392,
    "DIAGNOSTICO_recall": 0.6904426275725966,
    "PROCEDIMIENTO_f1": 0.589652728561304,
    "PROCEDIMIENTO_number": 1336,
    "PROCEDIMIENTO_precision": 0.5598923283983849,
    "PROCEDIMIENTO_recall": 0.6227544910179641,
    "epoch": 10.0,
    "eval_DIAGNOSTICO_f1": 0.6329145109632914,
    "eval_DIAGNOSTICO_number": 3819,
    "eval_DIAGNOSTICO_precision": 0.5975808327518027,
    "eval_DIAGNOSTICO_recall": 0.6726891856506939,
    "eval_PROCEDIMIENTO_f1": 0.5890978642014663,
    "eval_PROCEDIMIENTO_number": 1535,
    "eval_PROCEDIMIENTO_precision": 0.5767790262172284,
    "eval_PROCEDIMIENTO_recall": 0.6019543973941368,
    "eval_loss": 0.31321537494659424,
    "eval_overall_accuracy": 0.9414578482675949,
    "eval_overall_f1": 0.6207019102621057,
    "eval_overall_precision": 0.5919335705812574,
    "eval_overall_recall": 0.6524094135226,
    "eval_runtime": 9.8491,
    "eval_samples_per_second": 44.776,
    "eval_steps_per_second": 2.843,
    "overall_accuracy": 0.941518952006859,
    "overall_f1": 0.6341934860345994,
    "overall_precision": 0.6004758418740849,
    "overall_recall": 0.6719229981568707,
    "total_flos": 7929758243205216.0,
    "train_loss": 0.08234540240632163,
    "train_runtime": 1799.4889,
    "train_samples_per_second": 4.746,
    "train_steps_per_second": 0.3
}