{
    "epoch": 10.0,
    "eval_DIAGNOSTICO_f1": 0.6329145109632914,
    "eval_DIAGNOSTICO_number": 3819,
    "eval_DIAGNOSTICO_precision": 0.5975808327518027,
    "eval_DIAGNOSTICO_recall": 0.6726891856506939,
    "eval_PROCEDIMIENTO_f1": 0.5890978642014663,
    "eval_PROCEDIMIENTO_number": 1535,
    "eval_PROCEDIMIENTO_precision": 0.5767790262172284,
    "eval_PROCEDIMIENTO_recall": 0.6019543973941368,
    "eval_loss": 0.31321537494659424,
    "eval_overall_accuracy": 0.9414578482675949,
    "eval_overall_f1": 0.6207019102621057,
    "eval_overall_precision": 0.5919335705812574,
    "eval_overall_recall": 0.6524094135226,
    "eval_runtime": 9.8491,
    "eval_samples_per_second": 44.776,
    "eval_steps_per_second": 2.843
}