{
    "DIAGNOSTICO_f1": 0.6508970099667774,
    "DIAGNOSTICO_number": 3547,
    "DIAGNOSTICO_precision": 0.6156359979889392,
    "DIAGNOSTICO_recall": 0.6904426275725966,
    "PROCEDIMIENTO_f1": 0.589652728561304,
    "PROCEDIMIENTO_number": 1336,
    "PROCEDIMIENTO_precision": 0.5598923283983849,
    "PROCEDIMIENTO_recall": 0.6227544910179641,
    "overall_accuracy": 0.941518952006859,
    "overall_f1": 0.6341934860345994,
    "overall_precision": 0.6004758418740849,
    "overall_recall": 0.6719229981568707
}