{
    "FAMILIAR_f1": 0.3168316831683168,
    "FAMILIAR_number": 51,
    "FAMILIAR_precision": 0.32,
    "FAMILIAR_recall": 0.3137254901960784,
    "OTROS_f1": 0.6466666666666667,
    "OTROS_number": 146,
    "OTROS_precision": 0.6298701298701299,
    "OTROS_recall": 0.6643835616438356,
    "PACIENTE_f1": 0.6195744680851064,
    "PACIENTE_number": 590,
    "PACIENTE_precision": 0.6222222222222222,
    "PACIENTE_recall": 0.6169491525423729,
    "SANITARIO_f1": 0.9081803005008346,
    "SANITARIO_number": 291,
    "SANITARIO_precision": 0.8831168831168831,
    "SANITARIO_recall": 0.9347079037800687,
    "epoch": 9.706827309236948,
    "eval_FAMILIAR_f1": 0.5238095238095238,
    "eval_FAMILIAR_number": 41,
    "eval_FAMILIAR_precision": 0.5116279069767442,
    "eval_FAMILIAR_recall": 0.5365853658536586,
    "eval_OTROS_f1": 0.7540983606557378,
    "eval_OTROS_number": 129,
    "eval_OTROS_precision": 0.8,
    "eval_OTROS_recall": 0.7131782945736435,
    "eval_PACIENTE_f1": 0.6153846153846154,
    "eval_PACIENTE_number": 326,
    "eval_PACIENTE_precision": 0.574468085106383,
    "eval_PACIENTE_recall": 0.6625766871165644,
    "eval_SANITARIO_f1": 0.8750000000000001,
    "eval_SANITARIO_number": 237,
    "eval_SANITARIO_precision": 0.8378378378378378,
    "eval_SANITARIO_recall": 0.9156118143459916,
    "eval_loss": 0.01793665997684002,
    "eval_overall_accuracy": 0.9961869563257764,
    "eval_overall_f1": 0.7169069462647444,
    "eval_overall_precision": 0.6897856242118537,
    "eval_overall_recall": 0.7462482946793997,
    "eval_runtime": 11.9793,
    "eval_samples_per_second": 20.702,
    "eval_steps_per_second": 5.176,
    "overall_accuracy": 0.9949578909398867,
    "overall_f1": 0.688735632183908,
    "overall_precision": 0.682771194165907,
    "overall_recall": 0.6948051948051948,
    "total_flos": 1.0003810617875808e+16,
    "train_loss": 0.026088050103956654,
    "train_runtime": 1965.2095,
    "train_samples_per_second": 5.063,
    "train_steps_per_second": 0.158
}