{
    "epoch": 9.706827309236948,
    "eval_FAMILIAR_f1": 0.5238095238095238,
    "eval_FAMILIAR_number": 41,
    "eval_FAMILIAR_precision": 0.5116279069767442,
    "eval_FAMILIAR_recall": 0.5365853658536586,
    "eval_OTROS_f1": 0.7540983606557378,
    "eval_OTROS_number": 129,
    "eval_OTROS_precision": 0.8,
    "eval_OTROS_recall": 0.7131782945736435,
    "eval_PACIENTE_f1": 0.6153846153846154,
    "eval_PACIENTE_number": 326,
    "eval_PACIENTE_precision": 0.574468085106383,
    "eval_PACIENTE_recall": 0.6625766871165644,
    "eval_SANITARIO_f1": 0.8750000000000001,
    "eval_SANITARIO_number": 237,
    "eval_SANITARIO_precision": 0.8378378378378378,
    "eval_SANITARIO_recall": 0.9156118143459916,
    "eval_loss": 0.01793665997684002,
    "eval_overall_accuracy": 0.9961869563257764,
    "eval_overall_f1": 0.7169069462647444,
    "eval_overall_precision": 0.6897856242118537,
    "eval_overall_recall": 0.7462482946793997,
    "eval_runtime": 11.9793,
    "eval_samples_per_second": 20.702,
    "eval_steps_per_second": 5.176
}