{
    "epoch": 9.706827309236948,
    "total_flos": 1.0003810617875808e+16,
    "train_loss": 0.026088050103956654,
    "train_runtime": 1965.2095,
    "train_samples_per_second": 5.063,
    "train_steps_per_second": 0.158
}