{
    "FARMACO_f1": 0.90493862403654,
    "FARMACO_number": 1717,
    "FARMACO_precision": 0.8874580067189249,
    "FARMACO_recall": 0.9231217239370996,
    "epoch": 10.0,
    "eval_FARMACO_f1": 0.8897803247373448,
    "eval_FARMACO_number": 2566,
    "eval_FARMACO_precision": 0.8726114649681529,
    "eval_FARMACO_recall": 0.9076383476227592,
    "eval_loss": 0.010956340469419956,
    "eval_overall_accuracy": 0.9979753940473478,
    "eval_overall_f1": 0.8897803247373448,
    "eval_overall_precision": 0.8726114649681529,
    "eval_overall_recall": 0.9076383476227592,
    "eval_runtime": 22.9867,
    "eval_samples_per_second": 12.921,
    "eval_steps_per_second": 3.263,
    "overall_accuracy": 0.9982289137227971,
    "overall_f1": 0.90493862403654,
    "overall_precision": 0.8874580067189249,
    "overall_recall": 0.9231217239370996,
    "total_flos": 4615462244332800.0,
    "train_loss": 0.003811332158744335,
    "train_runtime": 2065.5662,
    "train_samples_per_second": 4.841,
    "train_steps_per_second": 0.605
}