{
    "FARMACO_f1": 0.90493862403654,
    "FARMACO_number": 1717,
    "FARMACO_precision": 0.8874580067189249,
    "FARMACO_recall": 0.9231217239370996,
    "overall_accuracy": 0.9982289137227971,
    "overall_f1": 0.90493862403654,
    "overall_precision": 0.8874580067189249,
    "overall_recall": 0.9231217239370996
}