{
    "ACTIVIDAD_f1": 0.4,
    "ACTIVIDAD_number": 28,
    "ACTIVIDAD_precision": 0.45454545454545453,
    "ACTIVIDAD_recall": 0.35714285714285715,
    "PROFESION_f1": 0.8179190751445087,
    "PROFESION_number": 695,
    "PROFESION_precision": 0.8214804063860668,
    "PROFESION_recall": 0.814388489208633,
    "SITUACION_LABORAL_f1": 0.6155988857938719,
    "SITUACION_LABORAL_number": 356,
    "SITUACION_LABORAL_precision": 0.6104972375690608,
    "SITUACION_LABORAL_recall": 0.6207865168539326,
    "epoch": 10.0,
    "eval_ACTIVIDAD_f1": 0.35000000000000003,
    "eval_ACTIVIDAD_number": 18,
    "eval_ACTIVIDAD_precision": 0.3181818181818182,
    "eval_ACTIVIDAD_recall": 0.3888888888888889,
    "eval_PROFESION_f1": 0.8364717542120912,
    "eval_PROFESION_number": 495,
    "eval_PROFESION_precision": 0.8210116731517509,
    "eval_PROFESION_recall": 0.8525252525252526,
    "eval_SITUACION_LABORAL_f1": 0.6304909560723515,
    "eval_SITUACION_LABORAL_number": 175,
    "eval_SITUACION_LABORAL_precision": 0.5754716981132075,
    "eval_SITUACION_LABORAL_recall": 0.6971428571428572,
    "eval_loss": 0.01577962003648281,
    "eval_overall_accuracy": 0.9970428971926726,
    "eval_overall_f1": 0.7674094707520891,
    "eval_overall_precision": 0.7366310160427807,
    "eval_overall_recall": 0.8008720930232558,
    "eval_runtime": 18.3156,
    "eval_samples_per_second": 14.25,
    "eval_steps_per_second": 3.603,
    "overall_accuracy": 0.9958322224487556,
    "overall_f1": 0.7407063197026021,
    "overall_precision": 0.7427772600186393,
    "overall_recall": 0.7386468952734013,
    "total_flos": 9905464568611200.0,
    "train_loss": 0.011367021944686657,
    "train_runtime": 3147.8829,
    "train_samples_per_second": 3.329,
    "train_steps_per_second": 0.416
}