{
    "ACTIVIDAD_f1": 0.4,
    "ACTIVIDAD_number": 28,
    "ACTIVIDAD_precision": 0.45454545454545453,
    "ACTIVIDAD_recall": 0.35714285714285715,
    "PROFESION_f1": 0.8179190751445087,
    "PROFESION_number": 695,
    "PROFESION_precision": 0.8214804063860668,
    "PROFESION_recall": 0.814388489208633,
    "SITUACION_LABORAL_f1": 0.6155988857938719,
    "SITUACION_LABORAL_number": 356,
    "SITUACION_LABORAL_precision": 0.6104972375690608,
    "SITUACION_LABORAL_recall": 0.6207865168539326,
    "overall_accuracy": 0.9958322224487556,
    "overall_f1": 0.7407063197026021,
    "overall_precision": 0.7427772600186393,
    "overall_recall": 0.7386468952734013
}