{
    "MORFOLOGIA_NEOPLASIA_f1": 0.8315518874306588,
    "MORFOLOGIA_NEOPLASIA_number": 3562,
    "MORFOLOGIA_NEOPLASIA_precision": 0.8025594149908593,
    "MORFOLOGIA_NEOPLASIA_recall": 0.8627175743964065,
    "epoch": 10.0,
    "eval_MORFOLOGIA_NEOPLASIA_f1": 0.8355746225558947,
    "eval_MORFOLOGIA_NEOPLASIA_number": 5908,
    "eval_MORFOLOGIA_NEOPLASIA_precision": 0.8150651859005311,
    "eval_MORFOLOGIA_NEOPLASIA_recall": 0.8571428571428571,
    "eval_loss": 0.045340780168771744,
    "eval_overall_accuracy": 0.991302518207423,
    "eval_overall_f1": 0.8355746225558947,
    "eval_overall_precision": 0.8150651859005311,
    "eval_overall_recall": 0.8571428571428571,
    "eval_runtime": 32.7858,
    "eval_samples_per_second": 15.494,
    "eval_steps_per_second": 3.874,
    "overall_accuracy": 0.9912052341597796,
    "overall_f1": 0.8315518874306588,
    "overall_precision": 0.8025594149908593,
    "overall_recall": 0.8627175743964065,
    "total_flos": 4645918987670016.0,
    "train_loss": 0.01754724751226604,
    "train_runtime": 1713.3428,
    "train_samples_per_second": 2.971,
    "train_steps_per_second": 0.374
}