{
    "MORFOLOGIA_NEOPLASIA_f1": 0.8315518874306588,
    "MORFOLOGIA_NEOPLASIA_number": 3562,
    "MORFOLOGIA_NEOPLASIA_precision": 0.8025594149908593,
    "MORFOLOGIA_NEOPLASIA_recall": 0.8627175743964065,
    "overall_accuracy": 0.9912052341597796,
    "overall_f1": 0.8315518874306588,
    "overall_precision": 0.8025594149908593,
    "overall_recall": 0.8627175743964065
}