{
    "ACTIVIDAD_f1": 0.3461538461538462,
    "ACTIVIDAD_number": 28,
    "ACTIVIDAD_precision": 0.375,
    "ACTIVIDAD_recall": 0.32142857142857145,
    "PROFESION_f1": 0.8202898550724639,
    "PROFESION_number": 696,
    "PROFESION_precision": 0.827485380116959,
    "PROFESION_recall": 0.8132183908045977,
    "SITUACION_LABORAL_f1": 0.6307277628032345,
    "SITUACION_LABORAL_number": 356,
    "SITUACION_LABORAL_precision": 0.6062176165803109,
    "SITUACION_LABORAL_recall": 0.6573033707865169,
    "epoch": 10.0,
    "eval_ACTIVIDAD_f1": 0.23809523809523808,
    "eval_ACTIVIDAD_number": 20,
    "eval_ACTIVIDAD_precision": 0.22727272727272727,
    "eval_ACTIVIDAD_recall": 0.25,
    "eval_PROFESION_f1": 0.8211805555555555,
    "eval_PROFESION_number": 559,
    "eval_PROFESION_precision": 0.7976391231028668,
    "eval_PROFESION_recall": 0.8461538461538461,
    "eval_SITUACION_LABORAL_f1": 0.6698113207547169,
    "eval_SITUACION_LABORAL_number": 197,
    "eval_SITUACION_LABORAL_precision": 0.6255506607929515,
    "eval_SITUACION_LABORAL_recall": 0.7208121827411168,
    "eval_loss": 0.012934748083353043,
    "eval_overall_accuracy": 0.9972886750425906,
    "eval_overall_f1": 0.7663782447466008,
    "eval_overall_precision": 0.7363420427553444,
    "eval_overall_recall": 0.7989690721649485,
    "eval_runtime": 11.4457,
    "eval_samples_per_second": 76.36,
    "eval_steps_per_second": 9.611,
    "overall_accuracy": 0.995983057872355,
    "overall_f1": 0.7442502299908005,
    "overall_precision": 0.7394881170018281,
    "overall_recall": 0.7490740740740741,
    "total_flos": 9349364780779392.0,
    "train_loss": 0.005961287783325783,
    "train_runtime": 1766.6376,
    "train_samples_per_second": 20.253,
    "train_steps_per_second": 2.536
}