{
    "epoch": 10.0,
    "eval_ACTIVIDAD_f1": 0.23809523809523808,
    "eval_ACTIVIDAD_number": 20,
    "eval_ACTIVIDAD_precision": 0.22727272727272727,
    "eval_ACTIVIDAD_recall": 0.25,
    "eval_PROFESION_f1": 0.8211805555555555,
    "eval_PROFESION_number": 559,
    "eval_PROFESION_precision": 0.7976391231028668,
    "eval_PROFESION_recall": 0.8461538461538461,
    "eval_SITUACION_LABORAL_f1": 0.6698113207547169,
    "eval_SITUACION_LABORAL_number": 197,
    "eval_SITUACION_LABORAL_precision": 0.6255506607929515,
    "eval_SITUACION_LABORAL_recall": 0.7208121827411168,
    "eval_loss": 0.012934748083353043,
    "eval_overall_accuracy": 0.9972886750425906,
    "eval_overall_f1": 0.7663782447466008,
    "eval_overall_precision": 0.7363420427553444,
    "eval_overall_recall": 0.7989690721649485,
    "eval_runtime": 11.4457,
    "eval_samples_per_second": 76.36,
    "eval_steps_per_second": 9.611
}