{
    "ACTIVIDAD_f1": 0.3461538461538462,
    "ACTIVIDAD_number": 28,
    "ACTIVIDAD_precision": 0.375,
    "ACTIVIDAD_recall": 0.32142857142857145,
    "PROFESION_f1": 0.8202898550724639,
    "PROFESION_number": 696,
    "PROFESION_precision": 0.827485380116959,
    "PROFESION_recall": 0.8132183908045977,
    "SITUACION_LABORAL_f1": 0.6307277628032345,
    "SITUACION_LABORAL_number": 356,
    "SITUACION_LABORAL_precision": 0.6062176165803109,
    "SITUACION_LABORAL_recall": 0.6573033707865169,
    "overall_accuracy": 0.995983057872355,
    "overall_f1": 0.7442502299908005,
    "overall_precision": 0.7394881170018281,
    "overall_recall": 0.7490740740740741
}