{
    "NORMALIZABLES_f1": 0.9347258485639687,
    "NORMALIZABLES_number": 961,
    "NORMALIZABLES_precision": 0.9381551362683438,
    "NORMALIZABLES_recall": 0.931321540062435,
    "NO_NORMALIZABLES_f1": 0.0,
    "NO_NORMALIZABLES_number": 10,
    "NO_NORMALIZABLES_precision": 0.0,
    "NO_NORMALIZABLES_recall": 0.0,
    "PROTEINAS_f1": 0.8599766627771295,
    "PROTEINAS_number": 835,
    "PROTEINAS_precision": 0.838452787258248,
    "PROTEINAS_recall": 0.8826347305389222,
    "UNCLEAR_f1": 0.7761194029850745,
    "UNCLEAR_number": 34,
    "UNCLEAR_precision": 0.7878787878787878,
    "UNCLEAR_recall": 0.7647058823529411,
    "epoch": 10.0,
    "eval_NORMALIZABLES_f1": 0.9211009174311927,
    "eval_NORMALIZABLES_number": 1104,
    "eval_NORMALIZABLES_precision": 0.9330855018587361,
    "eval_NORMALIZABLES_recall": 0.9094202898550725,
    "eval_NO_NORMALIZABLES_f1": 0.19047619047619047,
    "eval_NO_NORMALIZABLES_number": 16,
    "eval_NO_NORMALIZABLES_precision": 0.4,
    "eval_NO_NORMALIZABLES_recall": 0.125,
    "eval_PROTEINAS_f1": 0.8941018766756033,
    "eval_PROTEINAS_number": 736,
    "eval_PROTEINAS_precision": 0.8822751322751323,
    "eval_PROTEINAS_recall": 0.90625,
    "eval_UNCLEAR_f1": 0.8723404255319149,
    "eval_UNCLEAR_number": 44,
    "eval_UNCLEAR_precision": 0.82,
    "eval_UNCLEAR_recall": 0.9318181818181818,
    "eval_loss": 0.04512718319892883,
    "eval_overall_accuracy": 0.9948111230976346,
    "eval_overall_f1": 0.9052020068655928,
    "eval_overall_precision": 0.908320084790673,
    "eval_overall_recall": 0.9021052631578947,
    "eval_runtime": 7.1045,
    "eval_samples_per_second": 533.044,
    "eval_steps_per_second": 66.718,
    "overall_accuracy": 0.995270566586123,
    "overall_f1": 0.8942826321467098,
    "overall_precision": 0.8875802997858673,
    "overall_recall": 0.9010869565217391,
    "total_flos": 2732201968425696.0,
    "train_loss": 0.008418495609308707,
    "train_runtime": 757.6235,
    "train_samples_per_second": 107.296,
    "train_steps_per_second": 13.424
}