{
    "epoch": 10.0,
    "eval_NORMALIZABLES_f1": 0.9211009174311927,
    "eval_NORMALIZABLES_number": 1104,
    "eval_NORMALIZABLES_precision": 0.9330855018587361,
    "eval_NORMALIZABLES_recall": 0.9094202898550725,
    "eval_NO_NORMALIZABLES_f1": 0.19047619047619047,
    "eval_NO_NORMALIZABLES_number": 16,
    "eval_NO_NORMALIZABLES_precision": 0.4,
    "eval_NO_NORMALIZABLES_recall": 0.125,
    "eval_PROTEINAS_f1": 0.8941018766756033,
    "eval_PROTEINAS_number": 736,
    "eval_PROTEINAS_precision": 0.8822751322751323,
    "eval_PROTEINAS_recall": 0.90625,
    "eval_UNCLEAR_f1": 0.8723404255319149,
    "eval_UNCLEAR_number": 44,
    "eval_UNCLEAR_precision": 0.82,
    "eval_UNCLEAR_recall": 0.9318181818181818,
    "eval_loss": 0.04512718319892883,
    "eval_overall_accuracy": 0.9948111230976346,
    "eval_overall_f1": 0.9052020068655928,
    "eval_overall_precision": 0.908320084790673,
    "eval_overall_recall": 0.9021052631578947,
    "eval_runtime": 7.1045,
    "eval_samples_per_second": 533.044,
    "eval_steps_per_second": 66.718
}