{
    "NORMALIZABLES_f1": 0.9347258485639687,
    "NORMALIZABLES_number": 961,
    "NORMALIZABLES_precision": 0.9381551362683438,
    "NORMALIZABLES_recall": 0.931321540062435,
    "NO_NORMALIZABLES_f1": 0.0,
    "NO_NORMALIZABLES_number": 10,
    "NO_NORMALIZABLES_precision": 0.0,
    "NO_NORMALIZABLES_recall": 0.0,
    "PROTEINAS_f1": 0.8599766627771295,
    "PROTEINAS_number": 835,
    "PROTEINAS_precision": 0.838452787258248,
    "PROTEINAS_recall": 0.8826347305389222,
    "UNCLEAR_f1": 0.7761194029850745,
    "UNCLEAR_number": 34,
    "UNCLEAR_precision": 0.7878787878787878,
    "UNCLEAR_recall": 0.7647058823529411,
    "overall_accuracy": 0.995270566586123,
    "overall_f1": 0.8942826321467098,
    "overall_precision": 0.8875802997858673,
    "overall_recall": 0.9010869565217391
}