{
    "MORFOLOGIA_NEOPLASIA_f1": 0.8317895019465701,
    "MORFOLOGIA_NEOPLASIA_number": 3586,
    "MORFOLOGIA_NEOPLASIA_precision": 0.8019673828630598,
    "MORFOLOGIA_NEOPLASIA_recall": 0.8639152258784161,
    "epoch": 10.0,
    "eval_MORFOLOGIA_NEOPLASIA_f1": 0.8317119978823374,
    "eval_MORFOLOGIA_NEOPLASIA_number": 7359,
    "eval_MORFOLOGIA_NEOPLASIA_precision": 0.8106295149638802,
    "eval_MORFOLOGIA_NEOPLASIA_recall": 0.8539203696154368,
    "eval_loss": 0.0576101690530777,
    "eval_overall_accuracy": 0.9904405732172313,
    "eval_overall_f1": 0.8317119978823374,
    "eval_overall_precision": 0.8106295149638802,
    "eval_overall_recall": 0.8539203696154368,
    "eval_runtime": 18.1836,
    "eval_samples_per_second": 73.308,
    "eval_steps_per_second": 9.184,
    "overall_accuracy": 0.9901863087210511,
    "overall_f1": 0.8317895019465701,
    "overall_precision": 0.8019673828630598,
    "overall_recall": 0.8639152258784161,
    "total_flos": 3772767331183104.0,
    "train_loss": 0.01508312665790484,
    "train_runtime": 843.0678,
    "train_samples_per_second": 17.128,
    "train_steps_per_second": 2.147
}