{
    "MORFOLOGIA_NEOPLASIA_f1": 0.8317895019465701,
    "MORFOLOGIA_NEOPLASIA_number": 3586,
    "MORFOLOGIA_NEOPLASIA_precision": 0.8019673828630598,
    "MORFOLOGIA_NEOPLASIA_recall": 0.8639152258784161,
    "overall_accuracy": 0.9901863087210511,
    "overall_f1": 0.8317895019465701,
    "overall_precision": 0.8019673828630598,
    "overall_recall": 0.8639152258784161
}