{
    "ENFERMEDAD_f1": 0.7083333333333334,
    "ENFERMEDAD_number": 2548,
    "ENFERMEDAD_precision": 0.690387481371088,
    "ENFERMEDAD_recall": 0.7272370486656201,
    "epoch": 10.0,
    "eval_ENFERMEDAD_f1": 0.712059064807219,
    "eval_ENFERMEDAD_number": 1797,
    "eval_ENFERMEDAD_precision": 0.7,
    "eval_ENFERMEDAD_recall": 0.7245409015025042,
    "eval_loss": 0.214584082365036,
    "eval_overall_accuracy": 0.9661677580293109,
    "eval_overall_f1": 0.712059064807219,
    "eval_overall_precision": 0.7,
    "eval_overall_recall": 0.7245409015025042,
    "eval_runtime": 3.7304,
    "eval_samples_per_second": 75.595,
    "eval_steps_per_second": 9.65,
    "overall_accuracy": 0.9649787146802378,
    "overall_f1": 0.7083333333333334,
    "overall_precision": 0.690387481371088,
    "overall_recall": 0.7272370486656201,
    "total_flos": 3020933667603456.0,
    "train_loss": 0.03813824949593379,
    "train_runtime": 1069.4752,
    "train_samples_per_second": 10.818,
    "train_steps_per_second": 1.356
}