{
    "MORFOLOGIA_NEOPLASIA_f1": 0.8398710370768404,
    "MORFOLOGIA_NEOPLASIA_number": 3586,
    "MORFOLOGIA_NEOPLASIA_precision": 0.8102643856920684,
    "MORFOLOGIA_NEOPLASIA_recall": 0.871723368655884,
    "epoch": 10.0,
    "eval_MORFOLOGIA_NEOPLASIA_f1": 0.8412319129165008,
    "eval_MORFOLOGIA_NEOPLASIA_number": 7359,
    "eval_MORFOLOGIA_NEOPLASIA_precision": 0.822239522512002,
    "eval_MORFOLOGIA_NEOPLASIA_recall": 0.8611224351134665,
    "eval_loss": 0.05434480682015419,
    "eval_overall_accuracy": 0.990783723194674,
    "eval_overall_f1": 0.8412319129165008,
    "eval_overall_precision": 0.822239522512002,
    "eval_overall_recall": 0.8611224351134665,
    "eval_runtime": 17.7895,
    "eval_samples_per_second": 74.932,
    "eval_steps_per_second": 9.388,
    "overall_accuracy": 0.9908870351525224,
    "overall_f1": 0.8398710370768404,
    "overall_precision": 0.8102643856920684,
    "overall_recall": 0.871723368655884,
    "total_flos": 3772767331183104.0,
    "train_loss": 0.01252425322051865,
    "train_runtime": 858.5794,
    "train_samples_per_second": 16.818,
    "train_steps_per_second": 2.108
}