{
    "MORFOLOGIA_NEOPLASIA_f1": 0.8398710370768404,
    "MORFOLOGIA_NEOPLASIA_number": 3586,
    "MORFOLOGIA_NEOPLASIA_precision": 0.8102643856920684,
    "MORFOLOGIA_NEOPLASIA_recall": 0.871723368655884,
    "overall_accuracy": 0.9908870351525224,
    "overall_f1": 0.8398710370768404,
    "overall_precision": 0.8102643856920684,
    "overall_recall": 0.871723368655884
}