{
    "NORMALIZABLES_f1": 0.918526206538661,
    "NORMALIZABLES_number": 961,
    "NORMALIZABLES_precision": 0.9161490683229814,
    "NORMALIZABLES_recall": 0.9209157127991675,
    "NO_NORMALIZABLES_f1": 0.15384615384615383,
    "NO_NORMALIZABLES_number": 10,
    "NO_NORMALIZABLES_precision": 0.3333333333333333,
    "NO_NORMALIZABLES_recall": 0.1,
    "PROTEINAS_f1": 0.8484848484848484,
    "PROTEINAS_number": 835,
    "PROTEINAS_precision": 0.8263337116912599,
    "PROTEINAS_recall": 0.8718562874251496,
    "UNCLEAR_f1": 0.8405797101449276,
    "UNCLEAR_number": 34,
    "UNCLEAR_precision": 0.8285714285714286,
    "UNCLEAR_recall": 0.8529411764705882,
    "epoch": 9.990654205607477,
    "eval_NORMALIZABLES_f1": 0.9251021334543804,
    "eval_NORMALIZABLES_number": 1104,
    "eval_NORMALIZABLES_precision": 0.9272065514103731,
    "eval_NORMALIZABLES_recall": 0.9230072463768116,
    "eval_NO_NORMALIZABLES_f1": 0.17391304347826086,
    "eval_NO_NORMALIZABLES_number": 16,
    "eval_NO_NORMALIZABLES_precision": 0.2857142857142857,
    "eval_NO_NORMALIZABLES_recall": 0.125,
    "eval_PROTEINAS_f1": 0.8860418071476737,
    "eval_PROTEINAS_number": 736,
    "eval_PROTEINAS_precision": 0.8795180722891566,
    "eval_PROTEINAS_recall": 0.8926630434782609,
    "eval_UNCLEAR_f1": 0.8453608247422681,
    "eval_UNCLEAR_number": 44,
    "eval_UNCLEAR_precision": 0.7735849056603774,
    "eval_UNCLEAR_recall": 0.9318181818181818,
    "eval_loss": 0.041777268052101135,
    "eval_overall_accuracy": 0.994927025846313,
    "eval_overall_f1": 0.9033105622701,
    "eval_overall_precision": 0.9018887722980063,
    "eval_overall_recall": 0.9047368421052632,
    "eval_runtime": 42.5588,
    "eval_samples_per_second": 88.983,
    "eval_steps_per_second": 22.252,
    "overall_accuracy": 0.9946944356066143,
    "overall_f1": 0.8821476510067113,
    "overall_precision": 0.8716180371352785,
    "overall_recall": 0.8929347826086956,
    "total_flos": 2832324460224480.0,
    "train_loss": 0.008146962987288363,
    "train_runtime": 3998.4141,
    "train_samples_per_second": 20.331,
    "train_steps_per_second": 2.541
}