{
    "epoch": 9.990654205607477,
    "eval_NORMALIZABLES_f1": 0.9251021334543804,
    "eval_NORMALIZABLES_number": 1104,
    "eval_NORMALIZABLES_precision": 0.9272065514103731,
    "eval_NORMALIZABLES_recall": 0.9230072463768116,
    "eval_NO_NORMALIZABLES_f1": 0.17391304347826086,
    "eval_NO_NORMALIZABLES_number": 16,
    "eval_NO_NORMALIZABLES_precision": 0.2857142857142857,
    "eval_NO_NORMALIZABLES_recall": 0.125,
    "eval_PROTEINAS_f1": 0.8860418071476737,
    "eval_PROTEINAS_number": 736,
    "eval_PROTEINAS_precision": 0.8795180722891566,
    "eval_PROTEINAS_recall": 0.8926630434782609,
    "eval_UNCLEAR_f1": 0.8453608247422681,
    "eval_UNCLEAR_number": 44,
    "eval_UNCLEAR_precision": 0.7735849056603774,
    "eval_UNCLEAR_recall": 0.9318181818181818,
    "eval_loss": 0.041777268052101135,
    "eval_overall_accuracy": 0.994927025846313,
    "eval_overall_f1": 0.9033105622701,
    "eval_overall_precision": 0.9018887722980063,
    "eval_overall_recall": 0.9047368421052632,
    "eval_runtime": 42.5588,
    "eval_samples_per_second": 88.983,
    "eval_steps_per_second": 22.252
}