{
    "NORMALIZABLES_f1": 0.918526206538661,
    "NORMALIZABLES_number": 961,
    "NORMALIZABLES_precision": 0.9161490683229814,
    "NORMALIZABLES_recall": 0.9209157127991675,
    "NO_NORMALIZABLES_f1": 0.15384615384615383,
    "NO_NORMALIZABLES_number": 10,
    "NO_NORMALIZABLES_precision": 0.3333333333333333,
    "NO_NORMALIZABLES_recall": 0.1,
    "PROTEINAS_f1": 0.8484848484848484,
    "PROTEINAS_number": 835,
    "PROTEINAS_precision": 0.8263337116912599,
    "PROTEINAS_recall": 0.8718562874251496,
    "UNCLEAR_f1": 0.8405797101449276,
    "UNCLEAR_number": 34,
    "UNCLEAR_precision": 0.8285714285714286,
    "UNCLEAR_recall": 0.8529411764705882,
    "overall_accuracy": 0.9946944356066143,
    "overall_f1": 0.8821476510067113,
    "overall_precision": 0.8716180371352785,
    "overall_recall": 0.8929347826086956
}