{
    "epoch": 9.990654205607477,
    "total_flos": 2832324460224480.0,
    "train_loss": 0.008146962987288363,
    "train_runtime": 3998.4141,
    "train_samples_per_second": 20.331,
    "train_steps_per_second": 2.541
}