{
    "SINTOMA_f1": 0.6625114016418364,
    "SINTOMA_number": 3124,
    "SINTOMA_precision": 0.6308627678054429,
    "SINTOMA_recall": 0.6975032010243278,
    "epoch": 10.0,
    "eval_SINTOMA_f1": 0.6323205636283575,
    "eval_SINTOMA_number": 2091,
    "eval_SINTOMA_precision": 0.5858833129334965,
    "eval_SINTOMA_recall": 0.68675274988044,
    "eval_loss": 0.36964544653892517,
    "eval_overall_accuracy": 0.9410136576069694,
    "eval_overall_f1": 0.6323205636283575,
    "eval_overall_precision": 0.5858833129334965,
    "eval_overall_recall": 0.68675274988044,
    "eval_runtime": 6.451,
    "eval_samples_per_second": 42.164,
    "eval_steps_per_second": 5.27,
    "overall_accuracy": 0.9397340992138937,
    "overall_f1": 0.6625114016418364,
    "overall_precision": 0.6308627678054429,
    "overall_recall": 0.6975032010243278,
    "total_flos": 9548417225183616.0,
    "train_loss": 0.055330235551494036,
    "train_runtime": 1455.243,
    "train_samples_per_second": 7.071,
    "train_steps_per_second": 0.886
}