{
    "SINTOMA_f1": 0.6625114016418364,
    "SINTOMA_number": 3124,
    "SINTOMA_precision": 0.6308627678054429,
    "SINTOMA_recall": 0.6975032010243278,
    "overall_accuracy": 0.9397340992138937,
    "overall_f1": 0.6625114016418364,
    "overall_precision": 0.6308627678054429,
    "overall_recall": 0.6975032010243278
}