{
    "FARMACO_f1": 0.9007373794668179,
    "FARMACO_number": 1716,
    "FARMACO_precision": 0.8773480662983425,
    "FARMACO_recall": 0.9254079254079254,
    "epoch": 10.0,
    "eval_FARMACO_f1": 0.8867544539116964,
    "eval_FARMACO_number": 3137,
    "eval_FARMACO_precision": 0.8625678119349005,
    "eval_FARMACO_recall": 0.9123366273509723,
    "eval_loss": 0.013653243891894817,
    "eval_overall_accuracy": 0.998024407693381,
    "eval_overall_f1": 0.8867544539116964,
    "eval_overall_precision": 0.8625678119349005,
    "eval_overall_recall": 0.9123366273509723,
    "eval_runtime": 18.7102,
    "eval_samples_per_second": 75.574,
    "eval_steps_per_second": 9.46,
    "overall_accuracy": 0.9982136468848987,
    "overall_f1": 0.9007373794668179,
    "overall_precision": 0.8773480662983425,
    "overall_recall": 0.9254079254079254,
    "total_flos": 5017866589745856.0,
    "train_loss": 0.004478258280956894,
    "train_runtime": 1305.8103,
    "train_samples_per_second": 14.719,
    "train_steps_per_second": 1.846
}