{
    "epoch": 9.706827309236948,
    "eval_FAMILIAR_f1": 0.42352941176470593,
    "eval_FAMILIAR_number": 41,
    "eval_FAMILIAR_precision": 0.4090909090909091,
    "eval_FAMILIAR_recall": 0.43902439024390244,
    "eval_OTROS_f1": 0.7355371900826446,
    "eval_OTROS_number": 129,
    "eval_OTROS_precision": 0.7876106194690266,
    "eval_OTROS_recall": 0.689922480620155,
    "eval_PACIENTE_f1": 0.5935302390998592,
    "eval_PACIENTE_number": 326,
    "eval_PACIENTE_precision": 0.548051948051948,
    "eval_PACIENTE_recall": 0.647239263803681,
    "eval_SANITARIO_f1": 0.8732394366197183,
    "eval_SANITARIO_number": 237,
    "eval_SANITARIO_precision": 0.8346153846153846,
    "eval_SANITARIO_recall": 0.9156118143459916,
    "eval_loss": 0.017986437305808067,
    "eval_overall_accuracy": 0.9959976562852121,
    "eval_overall_f1": 0.6970684039087948,
    "eval_overall_precision": 0.6670822942643392,
    "eval_overall_recall": 0.7298772169167803,
    "eval_runtime": 11.9824,
    "eval_samples_per_second": 20.697,
    "eval_steps_per_second": 5.174
}