{
    "FAMILIAR_f1": 0.3655913978494623,
    "FAMILIAR_number": 51,
    "FAMILIAR_precision": 0.40476190476190477,
    "FAMILIAR_recall": 0.3333333333333333,
    "OTROS_f1": 0.5647840531561462,
    "OTROS_number": 146,
    "OTROS_precision": 0.5483870967741935,
    "OTROS_recall": 0.5821917808219178,
    "PACIENTE_f1": 0.6033898305084746,
    "PACIENTE_number": 590,
    "PACIENTE_precision": 0.6033898305084746,
    "PACIENTE_recall": 0.6033898305084746,
    "SANITARIO_f1": 0.9154228855721392,
    "SANITARIO_number": 291,
    "SANITARIO_precision": 0.8846153846153846,
    "SANITARIO_recall": 0.9484536082474226,
    "overall_accuracy": 0.9950715932437307,
    "overall_f1": 0.6743224621038125,
    "overall_precision": 0.6678798908098271,
    "overall_recall": 0.6808905380333952
}