{
    "epoch": 9.706827309236948,
    "total_flos": 1.0003810617875808e+16,
    "train_loss": 0.02881941641530683,
    "train_runtime": 2013.7034,
    "train_samples_per_second": 4.941,
    "train_steps_per_second": 0.154
}