{
    "NORMALIZABLES_f1": 0.9161894846434149,
    "NORMALIZABLES_number": 961,
    "NORMALIZABLES_precision": 0.9166666666666666,
    "NORMALIZABLES_recall": 0.9157127991675338,
    "NO_NORMALIZABLES_f1": 0.0909090909090909,
    "NO_NORMALIZABLES_number": 10,
    "NO_NORMALIZABLES_precision": 0.08333333333333333,
    "NO_NORMALIZABLES_recall": 0.1,
    "PROTEINAS_f1": 0.8636099825885085,
    "PROTEINAS_number": 835,
    "PROTEINAS_precision": 0.8378378378378378,
    "PROTEINAS_recall": 0.8910179640718563,
    "UNCLEAR_f1": 0.8450704225352113,
    "UNCLEAR_number": 34,
    "UNCLEAR_precision": 0.8108108108108109,
    "UNCLEAR_recall": 0.8823529411764706,
    "epoch": 10.0,
    "eval_NORMALIZABLES_f1": 0.91196388261851,
    "eval_NORMALIZABLES_number": 1104,
    "eval_NORMALIZABLES_precision": 0.9090909090909091,
    "eval_NORMALIZABLES_recall": 0.9148550724637681,
    "eval_NO_NORMALIZABLES_f1": 0.13793103448275862,
    "eval_NO_NORMALIZABLES_number": 16,
    "eval_NO_NORMALIZABLES_precision": 0.15384615384615385,
    "eval_NO_NORMALIZABLES_recall": 0.125,
    "eval_PROTEINAS_f1": 0.8881401617250673,
    "eval_PROTEINAS_number": 736,
    "eval_PROTEINAS_precision": 0.8810160427807486,
    "eval_PROTEINAS_recall": 0.8953804347826086,
    "eval_UNCLEAR_f1": 0.8453608247422681,
    "eval_UNCLEAR_number": 44,
    "eval_UNCLEAR_precision": 0.7735849056603774,
    "eval_UNCLEAR_recall": 0.9318181818181818,
    "eval_loss": 0.0395444892346859,
    "eval_overall_accuracy": 0.9939308758704402,
    "eval_overall_f1": 0.8951633986928105,
    "eval_overall_precision": 0.8893506493506493,
    "eval_overall_recall": 0.9010526315789473,
    "eval_runtime": 6.7349,
    "eval_samples_per_second": 562.293,
    "eval_steps_per_second": 35.19,
    "overall_accuracy": 0.9948080290750372,
    "overall_f1": 0.8857372223708857,
    "overall_precision": 0.8724301528729573,
    "overall_recall": 0.8994565217391305,
    "total_flos": 3166925212991664.0,
    "train_loss": 0.012048724350795764,
    "train_runtime": 1005.3598,
    "train_samples_per_second": 80.857,
    "train_steps_per_second": 5.063
}