{
    "NORMALIZABLES_f1": 0.9161894846434149,
    "NORMALIZABLES_number": 961,
    "NORMALIZABLES_precision": 0.9166666666666666,
    "NORMALIZABLES_recall": 0.9157127991675338,
    "NO_NORMALIZABLES_f1": 0.0909090909090909,
    "NO_NORMALIZABLES_number": 10,
    "NO_NORMALIZABLES_precision": 0.08333333333333333,
    "NO_NORMALIZABLES_recall": 0.1,
    "PROTEINAS_f1": 0.8636099825885085,
    "PROTEINAS_number": 835,
    "PROTEINAS_precision": 0.8378378378378378,
    "PROTEINAS_recall": 0.8910179640718563,
    "UNCLEAR_f1": 0.8450704225352113,
    "UNCLEAR_number": 34,
    "UNCLEAR_precision": 0.8108108108108109,
    "UNCLEAR_recall": 0.8823529411764706,
    "overall_accuracy": 0.9948080290750372,
    "overall_f1": 0.8857372223708857,
    "overall_precision": 0.8724301528729573,
    "overall_recall": 0.8994565217391305
}