{
    "NORMALIZABLES_f1": 0.9028978139298424,
    "NORMALIZABLES_number": 973,
    "NORMALIZABLES_precision": 0.8933601609657947,
    "NORMALIZABLES_recall": 0.9126413155190134,
    "NO_NORMALIZABLES_f1": 0.0,
    "NO_NORMALIZABLES_number": 10,
    "NO_NORMALIZABLES_precision": 0.0,
    "NO_NORMALIZABLES_recall": 0.0,
    "PROTEINAS_f1": 0.8591549295774648,
    "PROTEINAS_number": 840,
    "PROTEINAS_precision": 0.8472222222222222,
    "PROTEINAS_recall": 0.8714285714285714,
    "UNCLEAR_f1": 0.5925925925925926,
    "UNCLEAR_number": 34,
    "UNCLEAR_precision": 0.5106382978723404,
    "UNCLEAR_recall": 0.7058823529411765,
    "epoch": 10.0,
    "eval_NORMALIZABLES_f1": 0.9003663003663004,
    "eval_NORMALIZABLES_number": 1348,
    "eval_NORMALIZABLES_precision": 0.8892908827785818,
    "eval_NORMALIZABLES_recall": 0.9117210682492581,
    "eval_NO_NORMALIZABLES_f1": 0.0,
    "eval_NO_NORMALIZABLES_number": 18,
    "eval_NO_NORMALIZABLES_precision": 0.0,
    "eval_NO_NORMALIZABLES_recall": 0.0,
    "eval_PROTEINAS_f1": 0.8764044943820225,
    "eval_PROTEINAS_number": 887,
    "eval_PROTEINAS_precision": 0.8734602463605823,
    "eval_PROTEINAS_recall": 0.8793686583990981,
    "eval_UNCLEAR_f1": 0.6666666666666666,
    "eval_UNCLEAR_number": 45,
    "eval_UNCLEAR_precision": 0.6274509803921569,
    "eval_UNCLEAR_recall": 0.7111111111111111,
    "eval_loss": 0.02214891090989113,
    "eval_overall_accuracy": 0.9956317875503317,
    "eval_overall_f1": 0.8812607944732297,
    "eval_overall_precision": 0.8744644387317909,
    "eval_overall_recall": 0.8881636205395996,
    "eval_runtime": 6.0552,
    "eval_samples_per_second": 77.619,
    "eval_steps_per_second": 9.744,
    "overall_accuracy": 0.9960102898792368,
    "overall_f1": 0.873538788522848,
    "overall_precision": 0.8620870477189303,
    "overall_recall": 0.8852988691437803,
    "total_flos": 2529166378212864.0,
    "train_loss": 0.01657262804094425,
    "train_runtime": 799.9486,
    "train_samples_per_second": 12.101,
    "train_steps_per_second": 1.513
}