{
    "NORMALIZABLES_f1": 0.9028978139298424,
    "NORMALIZABLES_number": 973,
    "NORMALIZABLES_precision": 0.8933601609657947,
    "NORMALIZABLES_recall": 0.9126413155190134,
    "NO_NORMALIZABLES_f1": 0.0,
    "NO_NORMALIZABLES_number": 10,
    "NO_NORMALIZABLES_precision": 0.0,
    "NO_NORMALIZABLES_recall": 0.0,
    "PROTEINAS_f1": 0.8591549295774648,
    "PROTEINAS_number": 840,
    "PROTEINAS_precision": 0.8472222222222222,
    "PROTEINAS_recall": 0.8714285714285714,
    "UNCLEAR_f1": 0.5925925925925926,
    "UNCLEAR_number": 34,
    "UNCLEAR_precision": 0.5106382978723404,
    "UNCLEAR_recall": 0.7058823529411765,
    "overall_accuracy": 0.9960102898792368,
    "overall_f1": 0.873538788522848,
    "overall_precision": 0.8620870477189303,
    "overall_recall": 0.8852988691437803
}