{
    "FARMACO_f1": 0.9072164948453608,
    "FARMACO_number": 1717,
    "FARMACO_precision": 0.8923943661971832,
    "FARMACO_recall": 0.9225393127548049,
    "epoch": 10.0,
    "eval_FARMACO_f1": 0.8893683797567674,
    "eval_FARMACO_number": 2509,
    "eval_FARMACO_precision": 0.8756276554654306,
    "eval_FARMACO_recall": 0.9035472299721005,
    "eval_loss": 0.009109020233154297,
    "eval_overall_accuracy": 0.9981010134922467,
    "eval_overall_f1": 0.8893683797567674,
    "eval_overall_precision": 0.8756276554654306,
    "eval_overall_recall": 0.9035472299721005,
    "eval_runtime": 17.5228,
    "eval_samples_per_second": 14.724,
    "eval_steps_per_second": 3.709,
    "overall_accuracy": 0.9982880594611824,
    "overall_f1": 0.9072164948453608,
    "overall_precision": 0.8923943661971832,
    "overall_recall": 0.9225393127548049,
    "total_flos": 4615462244332800.0,
    "train_loss": 0.004416550077497959,
    "train_runtime": 1318.1366,
    "train_samples_per_second": 7.586,
    "train_steps_per_second": 0.948
}