{
    "NORMALIZABLES_f1": 0.9224489795918367,
    "NORMALIZABLES_number": 973,
    "NORMALIZABLES_precision": 0.9159067882472138,
    "NORMALIZABLES_recall": 0.9290853031860226,
    "NO_NORMALIZABLES_f1": 0.0,
    "NO_NORMALIZABLES_number": 10,
    "NO_NORMALIZABLES_precision": 0.0,
    "NO_NORMALIZABLES_recall": 0.0,
    "PROTEINAS_f1": 0.8844393592677345,
    "PROTEINAS_number": 859,
    "PROTEINAS_precision": 0.8695163104611924,
    "PROTEINAS_recall": 0.89988358556461,
    "UNCLEAR_f1": 0.72,
    "UNCLEAR_number": 34,
    "UNCLEAR_precision": 0.6585365853658537,
    "UNCLEAR_recall": 0.7941176470588235,
    "epoch": 9.848,
    "eval_NORMALIZABLES_f1": 0.9176882661996497,
    "eval_NORMALIZABLES_number": 1121,
    "eval_NORMALIZABLES_precision": 0.9011177987962167,
    "eval_NORMALIZABLES_recall": 0.9348795718108831,
    "eval_NO_NORMALIZABLES_f1": 0.1111111111111111,
    "eval_NO_NORMALIZABLES_number": 16,
    "eval_NO_NORMALIZABLES_precision": 0.5,
    "eval_NO_NORMALIZABLES_recall": 0.0625,
    "eval_PROTEINAS_f1": 0.8918380889183809,
    "eval_PROTEINAS_number": 745,
    "eval_PROTEINAS_precision": 0.8818897637795275,
    "eval_PROTEINAS_recall": 0.9020134228187919,
    "eval_UNCLEAR_f1": 0.7291666666666666,
    "eval_UNCLEAR_number": 44,
    "eval_UNCLEAR_precision": 0.6730769230769231,
    "eval_UNCLEAR_recall": 0.7954545454545454,
    "eval_loss": 0.02309045009315014,
    "eval_overall_accuracy": 0.9953428886438809,
    "eval_overall_f1": 0.899359795134443,
    "eval_overall_precision": 0.8873168266801414,
    "eval_overall_recall": 0.9117341640706127,
    "eval_runtime": 8.8516,
    "eval_samples_per_second": 28.243,
    "eval_steps_per_second": 7.117,
    "overall_accuracy": 0.9958175357464678,
    "overall_f1": 0.89755069791941,
    "overall_precision": 0.8870380010411244,
    "overall_recall": 0.908315565031983,
    "total_flos": 2312689863955968.0,
    "train_loss": 0.02431099059120301,
    "train_runtime": 1034.6805,
    "train_samples_per_second": 4.832,
    "train_steps_per_second": 0.599
}