{
    "ENFERMEDAD_f1": 0.7395498392282959,
    "ENFERMEDAD_number": 2550,
    "ENFERMEDAD_precision": 0.7142857142857143,
    "ENFERMEDAD_recall": 0.7666666666666667,
    "epoch": 10.0,
    "eval_ENFERMEDAD_f1": 0.7450372208436724,
    "eval_ENFERMEDAD_number": 1559,
    "eval_ENFERMEDAD_precision": 0.7213213213213213,
    "eval_ENFERMEDAD_recall": 0.7703656189865298,
    "eval_loss": 0.14979200065135956,
    "eval_overall_accuracy": 0.9711438022284122,
    "eval_overall_f1": 0.7450372208436724,
    "eval_overall_precision": 0.7213213213213213,
    "eval_overall_recall": 0.7703656189865298,
    "eval_runtime": 5.3618,
    "eval_samples_per_second": 27.976,
    "eval_steps_per_second": 7.087,
    "overall_accuracy": 0.970206590404644,
    "overall_f1": 0.7395498392282959,
    "overall_precision": 0.7142857142857143,
    "overall_recall": 0.7666666666666667,
    "total_flos": 2782933889020992.0,
    "train_loss": 0.03723537826538086,
    "train_runtime": 1051.7651,
    "train_samples_per_second": 5.705,
    "train_steps_per_second": 0.713
}