{
    "FARMACO_f1": 0.917193789534215,
    "FARMACO_number": 1717,
    "FARMACO_precision": 0.9057353776263487,
    "FARMACO_recall": 0.9289458357600466,
    "epoch": 10.0,
    "eval_FARMACO_f1": 0.9125799573560768,
    "eval_FARMACO_number": 2566,
    "eval_FARMACO_precision": 0.9078287697647512,
    "eval_FARMACO_recall": 0.9173811379579111,
    "eval_loss": 0.008766723796725273,
    "eval_overall_accuracy": 0.9982550071456681,
    "eval_overall_f1": 0.9125799573560768,
    "eval_overall_precision": 0.9078287697647512,
    "eval_overall_recall": 0.9173811379579111,
    "eval_runtime": 20.6267,
    "eval_samples_per_second": 14.399,
    "eval_steps_per_second": 3.636,
    "overall_accuracy": 0.9983012029586013,
    "overall_f1": 0.917193789534215,
    "overall_precision": 0.9057353776263487,
    "overall_recall": 0.9289458357600466,
    "total_flos": 4615462244332800.0,
    "train_loss": 0.0045458700060844424,
    "train_runtime": 1757.1196,
    "train_samples_per_second": 5.691,
    "train_steps_per_second": 0.711
}