{
    "ACTIVIDAD_f1": 0.39285714285714285,
    "ACTIVIDAD_number": 28,
    "ACTIVIDAD_precision": 0.39285714285714285,
    "ACTIVIDAD_recall": 0.39285714285714285,
    "PROFESION_f1": 0.8023255813953488,
    "PROFESION_number": 696,
    "PROFESION_precision": 0.8117647058823529,
    "PROFESION_recall": 0.7931034482758621,
    "SITUACION_LABORAL_f1": 0.5705967976710334,
    "SITUACION_LABORAL_number": 358,
    "SITUACION_LABORAL_precision": 0.5957446808510638,
    "SITUACION_LABORAL_recall": 0.547486033519553,
    "epoch": 10.0,
    "eval_ACTIVIDAD_f1": 0.2962962962962963,
    "eval_ACTIVIDAD_number": 22,
    "eval_ACTIVIDAD_precision": 0.25,
    "eval_ACTIVIDAD_recall": 0.36363636363636365,
    "eval_PROFESION_f1": 0.8444830582102519,
    "eval_PROFESION_number": 572,
    "eval_PROFESION_precision": 0.8393782383419689,
    "eval_PROFESION_recall": 0.8496503496503497,
    "eval_SITUACION_LABORAL_f1": 0.6401869158878505,
    "eval_SITUACION_LABORAL_number": 203,
    "eval_SITUACION_LABORAL_precision": 0.6088888888888889,
    "eval_SITUACION_LABORAL_recall": 0.6748768472906403,
    "eval_loss": 0.016956914216279984,
    "eval_overall_accuracy": 0.9969312788033077,
    "eval_overall_f1": 0.7728107777097366,
    "eval_overall_precision": 0.7547846889952153,
    "eval_overall_recall": 0.7917189460476788,
    "eval_runtime": 9.9515,
    "eval_samples_per_second": 63.609,
    "eval_steps_per_second": 8.039,
    "overall_accuracy": 0.9954156847921375,
    "overall_f1": 0.7163756488909864,
    "overall_precision": 0.7319189971070396,
    "overall_recall": 0.7014787430683919,
    "total_flos": 6717945243002928.0,
    "train_loss": 0.013595180676220366,
    "train_runtime": 1288.6008,
    "train_samples_per_second": 19.952,
    "train_steps_per_second": 2.499
}