{
    "ACTIVIDAD_f1": 0.39285714285714285,
    "ACTIVIDAD_number": 28,
    "ACTIVIDAD_precision": 0.39285714285714285,
    "ACTIVIDAD_recall": 0.39285714285714285,
    "PROFESION_f1": 0.8023255813953488,
    "PROFESION_number": 696,
    "PROFESION_precision": 0.8117647058823529,
    "PROFESION_recall": 0.7931034482758621,
    "SITUACION_LABORAL_f1": 0.5705967976710334,
    "SITUACION_LABORAL_number": 358,
    "SITUACION_LABORAL_precision": 0.5957446808510638,
    "SITUACION_LABORAL_recall": 0.547486033519553,
    "overall_accuracy": 0.9954156847921375,
    "overall_f1": 0.7163756488909864,
    "overall_precision": 0.7319189971070396,
    "overall_recall": 0.7014787430683919
}