{
    "NORMALIZABLES_f1": 0.9229208924949289,
    "NORMALIZABLES_number": 973,
    "NORMALIZABLES_precision": 0.9109109109109109,
    "NORMALIZABLES_recall": 0.935251798561151,
    "NO_NORMALIZABLES_f1": 0.13333333333333333,
    "NO_NORMALIZABLES_number": 10,
    "NO_NORMALIZABLES_precision": 0.2,
    "NO_NORMALIZABLES_recall": 0.1,
    "PROTEINAS_f1": 0.8688245315161839,
    "PROTEINAS_number": 859,
    "PROTEINAS_precision": 0.8481152993348116,
    "PROTEINAS_recall": 0.8905704307334109,
    "UNCLEAR_f1": 0.7368421052631577,
    "UNCLEAR_number": 34,
    "UNCLEAR_precision": 0.6666666666666666,
    "UNCLEAR_recall": 0.8235294117647058,
    "epoch": 9.848,
    "eval_NORMALIZABLES_f1": 0.9125274725274725,
    "eval_NORMALIZABLES_number": 1121,
    "eval_NORMALIZABLES_precision": 0.8994800693240901,
    "eval_NORMALIZABLES_recall": 0.9259589652096343,
    "eval_NO_NORMALIZABLES_f1": 0.1,
    "eval_NO_NORMALIZABLES_number": 16,
    "eval_NO_NORMALIZABLES_precision": 0.25,
    "eval_NO_NORMALIZABLES_recall": 0.0625,
    "eval_PROTEINAS_f1": 0.8995342648037259,
    "eval_PROTEINAS_number": 745,
    "eval_PROTEINAS_precision": 0.8918205804749341,
    "eval_PROTEINAS_recall": 0.9073825503355705,
    "eval_UNCLEAR_f1": 0.7777777777777778,
    "eval_UNCLEAR_number": 44,
    "eval_UNCLEAR_precision": 0.7608695652173914,
    "eval_UNCLEAR_recall": 0.7954545454545454,
    "eval_loss": 0.023934226483106613,
    "eval_overall_accuracy": 0.9952458654906284,
    "eval_overall_f1": 0.9002057613168724,
    "eval_overall_precision": 0.891946992864424,
    "eval_overall_recall": 0.9086188992731049,
    "eval_runtime": 5.9404,
    "eval_samples_per_second": 42.085,
    "eval_steps_per_second": 10.605,
    "overall_accuracy": 0.99574952819763,
    "overall_f1": 0.891213389121339,
    "overall_precision": 0.8747433264887063,
    "overall_recall": 0.908315565031983,
    "total_flos": 2312689863955968.0,
    "train_loss": 0.02068054399663402,
    "train_runtime": 683.3031,
    "train_samples_per_second": 7.317,
    "train_steps_per_second": 0.907
}