{
    "epoch": 9.848,
    "eval_NORMALIZABLES_f1": 0.9125274725274725,
    "eval_NORMALIZABLES_number": 1121,
    "eval_NORMALIZABLES_precision": 0.8994800693240901,
    "eval_NORMALIZABLES_recall": 0.9259589652096343,
    "eval_NO_NORMALIZABLES_f1": 0.1,
    "eval_NO_NORMALIZABLES_number": 16,
    "eval_NO_NORMALIZABLES_precision": 0.25,
    "eval_NO_NORMALIZABLES_recall": 0.0625,
    "eval_PROTEINAS_f1": 0.8995342648037259,
    "eval_PROTEINAS_number": 745,
    "eval_PROTEINAS_precision": 0.8918205804749341,
    "eval_PROTEINAS_recall": 0.9073825503355705,
    "eval_UNCLEAR_f1": 0.7777777777777778,
    "eval_UNCLEAR_number": 44,
    "eval_UNCLEAR_precision": 0.7608695652173914,
    "eval_UNCLEAR_recall": 0.7954545454545454,
    "eval_loss": 0.023934226483106613,
    "eval_overall_accuracy": 0.9952458654906284,
    "eval_overall_f1": 0.9002057613168724,
    "eval_overall_precision": 0.891946992864424,
    "eval_overall_recall": 0.9086188992731049,
    "eval_runtime": 5.9404,
    "eval_samples_per_second": 42.085,
    "eval_steps_per_second": 10.605
}