{
    "NORMALIZABLES_f1": 0.9229208924949289,
    "NORMALIZABLES_number": 973,
    "NORMALIZABLES_precision": 0.9109109109109109,
    "NORMALIZABLES_recall": 0.935251798561151,
    "NO_NORMALIZABLES_f1": 0.13333333333333333,
    "NO_NORMALIZABLES_number": 10,
    "NO_NORMALIZABLES_precision": 0.2,
    "NO_NORMALIZABLES_recall": 0.1,
    "PROTEINAS_f1": 0.8688245315161839,
    "PROTEINAS_number": 859,
    "PROTEINAS_precision": 0.8481152993348116,
    "PROTEINAS_recall": 0.8905704307334109,
    "UNCLEAR_f1": 0.7368421052631577,
    "UNCLEAR_number": 34,
    "UNCLEAR_precision": 0.6666666666666666,
    "UNCLEAR_recall": 0.8235294117647058,
    "overall_accuracy": 0.99574952819763,
    "overall_f1": 0.891213389121339,
    "overall_precision": 0.8747433264887063,
    "overall_recall": 0.908315565031983
}