{
    "PROCEDIMIENTO_f1": 0.7577606792252587,
    "PROCEDIMIENTO_number": 3648,
    "PROCEDIMIENTO_precision": 0.7341902313624679,
    "PROCEDIMIENTO_recall": 0.7828947368421053,
    "epoch": 10.0,
    "eval_PROCEDIMIENTO_f1": 0.7697981366459627,
    "eval_PROCEDIMIENTO_number": 2491,
    "eval_PROCEDIMIENTO_precision": 0.7452085682074409,
    "eval_PROCEDIMIENTO_recall": 0.7960658370132477,
    "eval_loss": 0.24462635815143585,
    "eval_overall_accuracy": 0.9657452282654221,
    "eval_overall_f1": 0.7697981366459627,
    "eval_overall_precision": 0.7452085682074409,
    "eval_overall_recall": 0.7960658370132477,
    "eval_runtime": 5.9202,
    "eval_samples_per_second": 42.397,
    "eval_steps_per_second": 5.405,
    "overall_accuracy": 0.9628858055903887,
    "overall_f1": 0.7577606792252587,
    "overall_precision": 0.7341902313624679,
    "overall_recall": 0.7828947368421053,
    "total_flos": 9791608682243184.0,
    "train_loss": 0.041119969342694136,
    "train_runtime": 1495.7242,
    "train_samples_per_second": 7.053,
    "train_steps_per_second": 0.883
}