{
    "epoch": 10.0,
    "eval_PROCEDIMIENTO_f1": 0.7697981366459627,
    "eval_PROCEDIMIENTO_number": 2491,
    "eval_PROCEDIMIENTO_precision": 0.7452085682074409,
    "eval_PROCEDIMIENTO_recall": 0.7960658370132477,
    "eval_loss": 0.24462635815143585,
    "eval_overall_accuracy": 0.9657452282654221,
    "eval_overall_f1": 0.7697981366459627,
    "eval_overall_precision": 0.7452085682074409,
    "eval_overall_recall": 0.7960658370132477,
    "eval_runtime": 5.9202,
    "eval_samples_per_second": 42.397,
    "eval_steps_per_second": 5.405
}