{
    "DIAGNOSTICO_f1": 0.6837559972583962,
    "DIAGNOSTICO_number": 3491,
    "DIAGNOSTICO_precision": 0.6556256572029443,
    "DIAGNOSTICO_recall": 0.7144084789458608,
    "PROCEDIMIENTO_f1": 0.5772016774685476,
    "PROCEDIMIENTO_number": 1241,
    "PROCEDIMIENTO_precision": 0.5477568740955138,
    "PROCEDIMIENTO_recall": 0.6099919419822724,
    "overall_accuracy": 0.9534850230414746,
    "overall_f1": 0.6555757209114742,
    "overall_precision": 0.6268800617045893,
    "overall_recall": 0.6870245139475909
}