{
    "epoch": 9.746666666666666,
    "total_flos": 2712594530204496.0,
    "train_loss": 0.061756587672877956,
    "train_runtime": 691.0694,
    "train_samples_per_second": 8.668,
    "train_steps_per_second": 0.535
}