{
    "epoch": 9.746666666666666,
    "total_flos": 2712594530204496.0,
    "train_loss": 0.05569951856458509,
    "train_runtime": 1025.625,
    "train_samples_per_second": 5.84,
    "train_steps_per_second": 0.361
}