{
    "FARMACO_f1": 0.9030612244897959,
    "FARMACO_number": 1717,
    "FARMACO_precision": 0.879624516841524,
    "FARMACO_recall": 0.9277810133954572,
    "epoch": 10.0,
    "eval_FARMACO_f1": 0.8876212207644038,
    "eval_FARMACO_number": 2566,
    "eval_FARMACO_precision": 0.8666914222057185,
    "eval_FARMACO_recall": 0.9095869056897895,
    "eval_loss": 0.010826881043612957,
    "eval_overall_accuracy": 0.9979236138439552,
    "eval_overall_f1": 0.8876212207644038,
    "eval_overall_precision": 0.8666914222057185,
    "eval_overall_recall": 0.9095869056897895,
    "eval_runtime": 23.0091,
    "eval_samples_per_second": 12.908,
    "eval_steps_per_second": 3.26,
    "overall_accuracy": 0.9981369092408644,
    "overall_f1": 0.9030612244897959,
    "overall_precision": 0.879624516841524,
    "overall_recall": 0.9277810133954572,
    "total_flos": 4615462244332800.0,
    "train_loss": 0.004753900566697121,
    "train_runtime": 2020.5103,
    "train_samples_per_second": 4.949,
    "train_steps_per_second": 0.619
}