{
    "PROCEDIMIENTO_f1": 0.7549795361527967,
    "PROCEDIMIENTO_number": 3542,
    "PROCEDIMIENTO_precision": 0.7304646251319957,
    "PROCEDIMIENTO_recall": 0.7811970638057595,
    "epoch": 9.746666666666666,
    "eval_PROCEDIMIENTO_f1": 0.7671799586301999,
    "eval_PROCEDIMIENTO_number": 2084,
    "eval_PROCEDIMIENTO_precision": 0.7362152624614028,
    "eval_PROCEDIMIENTO_recall": 0.8008637236084453,
    "eval_loss": 0.15498261153697968,
    "eval_overall_accuracy": 0.9684912168357322,
    "eval_overall_f1": 0.7671799586301999,
    "eval_overall_precision": 0.7362152624614028,
    "eval_overall_recall": 0.8008637236084453,
    "eval_runtime": 3.5575,
    "eval_samples_per_second": 42.165,
    "eval_steps_per_second": 10.682,
    "overall_accuracy": 0.9650076831142222,
    "overall_f1": 0.7549795361527967,
    "overall_precision": 0.7304646251319957,
    "overall_recall": 0.7811970638057595,
    "total_flos": 2712594530204496.0,
    "train_loss": 0.05843557924837679,
    "train_runtime": 674.6879,
    "train_samples_per_second": 8.878,
    "train_steps_per_second": 0.548
}