{
    "PROCEDIMIENTO_f1": 0.7549795361527967,
    "PROCEDIMIENTO_number": 3542,
    "PROCEDIMIENTO_precision": 0.7304646251319957,
    "PROCEDIMIENTO_recall": 0.7811970638057595,
    "overall_accuracy": 0.9650076831142222,
    "overall_f1": 0.7549795361527967,
    "overall_precision": 0.7304646251319957,
    "overall_recall": 0.7811970638057595
}