{
    "epoch": 9.746666666666666,
    "total_flos": 2712594530204496.0,
    "train_loss": 0.05843557924837679,
    "train_runtime": 674.6879,
    "train_samples_per_second": 8.878,
    "train_steps_per_second": 0.548
}