{
    "MORFOLOGIA_NEOPLASIA_f1": 0.833789704271632,
    "MORFOLOGIA_NEOPLASIA_number": 3540,
    "MORFOLOGIA_NEOPLASIA_precision": 0.8089798087141339,
    "MORFOLOGIA_NEOPLASIA_recall": 0.8601694915254238,
    "epoch": 10.0,
    "eval_MORFOLOGIA_NEOPLASIA_f1": 0.8272757365110891,
    "eval_MORFOLOGIA_NEOPLASIA_number": 7433,
    "eval_MORFOLOGIA_NEOPLASIA_precision": 0.8143899895724713,
    "eval_MORFOLOGIA_NEOPLASIA_recall": 0.8405758105744652,
    "eval_loss": 0.07254771888256073,
    "eval_overall_accuracy": 0.989455770083534,
    "eval_overall_f1": 0.8272757365110891,
    "eval_overall_precision": 0.8143899895724713,
    "eval_overall_recall": 0.8405758105744652,
    "eval_runtime": 23.7835,
    "eval_samples_per_second": 75.641,
    "eval_steps_per_second": 9.46,
    "overall_accuracy": 0.9899636072745948,
    "overall_f1": 0.833789704271632,
    "overall_precision": 0.8089798087141339,
    "overall_recall": 0.8601694915254238,
    "total_flos": 5317533097113600.0,
    "train_loss": 0.014544321796765514,
    "train_runtime": 1546.7733,
    "train_samples_per_second": 13.156,
    "train_steps_per_second": 1.649
}