{
    "MORFOLOGIA_NEOPLASIA_f1": 0.833789704271632,
    "MORFOLOGIA_NEOPLASIA_number": 3540,
    "MORFOLOGIA_NEOPLASIA_precision": 0.8089798087141339,
    "MORFOLOGIA_NEOPLASIA_recall": 0.8601694915254238,
    "overall_accuracy": 0.9899636072745948,
    "overall_f1": 0.833789704271632,
    "overall_precision": 0.8089798087141339,
    "overall_recall": 0.8601694915254238
}