{
    "SINTOMA_f1": 0.7020057306590258,
    "SINTOMA_number": 3081,
    "SINTOMA_precision": 0.6888472352389878,
    "SINTOMA_recall": 0.7156767283349562,
    "epoch": 9.87248322147651,
    "eval_SINTOMA_f1": 0.6802295252999478,
    "eval_SINTOMA_number": 1827,
    "eval_SINTOMA_precision": 0.6497259591429995,
    "eval_SINTOMA_recall": 0.7137383689107827,
    "eval_loss": 0.3301754593849182,
    "eval_overall_accuracy": 0.9470858067997842,
    "eval_overall_f1": 0.6802295252999478,
    "eval_overall_precision": 0.6497259591429995,
    "eval_overall_recall": 0.7137383689107827,
    "eval_runtime": 4.5479,
    "eval_samples_per_second": 32.762,
    "eval_steps_per_second": 8.355,
    "overall_accuracy": 0.9437937510670992,
    "overall_f1": 0.7020057306590258,
    "overall_precision": 0.6888472352389878,
    "overall_recall": 0.7156767283349562,
    "total_flos": 2700586367156160.0,
    "train_loss": 0.050034629493146326,
    "train_runtime": 796.9419,
    "train_samples_per_second": 7.466,
    "train_steps_per_second": 0.929
}