{
    "epoch": 9.87248322147651,
    "total_flos": 2700586367156160.0,
    "train_loss": 0.050034629493146326,
    "train_runtime": 796.9419,
    "train_samples_per_second": 7.466,
    "train_steps_per_second": 0.929
}