{
    "SINTOMA_f1": 0.6804966210906804,
    "SINTOMA_number": 3081,
    "SINTOMA_precision": 0.6596587446678854,
    "SINTOMA_recall": 0.7026939305420318,
    "epoch": 9.87248322147651,
    "eval_SINTOMA_f1": 0.6720248898107337,
    "eval_SINTOMA_number": 1827,
    "eval_SINTOMA_precision": 0.638423645320197,
    "eval_SINTOMA_recall": 0.7093596059113301,
    "eval_loss": 0.31324777007102966,
    "eval_overall_accuracy": 0.9468024824608743,
    "eval_overall_f1": 0.6720248898107337,
    "eval_overall_precision": 0.638423645320197,
    "eval_overall_recall": 0.7093596059113301,
    "eval_runtime": 4.4443,
    "eval_samples_per_second": 33.526,
    "eval_steps_per_second": 8.55,
    "overall_accuracy": 0.9430083660577088,
    "overall_f1": 0.6804966210906804,
    "overall_precision": 0.6596587446678854,
    "overall_recall": 0.7026939305420318,
    "total_flos": 2700586367156160.0,
    "train_loss": 0.052217720650337834,
    "train_runtime": 794.4016,
    "train_samples_per_second": 7.49,
    "train_steps_per_second": 0.932
}