{
    "MORFOLOGIA_NEOPLASIA_f1": 0.8036565977742448,
    "MORFOLOGIA_NEOPLASIA_number": 3562,
    "MORFOLOGIA_NEOPLASIA_precision": 0.7609131961866533,
    "MORFOLOGIA_NEOPLASIA_recall": 0.8514879281302639,
    "overall_accuracy": 0.9902513774104683,
    "overall_f1": 0.8036565977742448,
    "overall_precision": 0.7609131961866533,
    "overall_recall": 0.8514879281302639
}