{
    "SINTOMA_f1": 0.6974816703857188,
    "SINTOMA_number": 3081,
    "SINTOMA_precision": 0.6852489821484498,
    "SINTOMA_recall": 0.7101590392729633,
    "epoch": 9.87248322147651,
    "eval_SINTOMA_f1": 0.6800521512385919,
    "eval_SINTOMA_number": 1827,
    "eval_SINTOMA_precision": 0.649402390438247,
    "eval_SINTOMA_recall": 0.7137383689107827,
    "eval_loss": 0.3217487931251526,
    "eval_overall_accuracy": 0.9475310307609283,
    "eval_overall_f1": 0.6800521512385919,
    "eval_overall_precision": 0.649402390438247,
    "eval_overall_recall": 0.7137383689107827,
    "eval_runtime": 3.5962,
    "eval_samples_per_second": 41.433,
    "eval_steps_per_second": 10.567,
    "overall_accuracy": 0.9438022878606795,
    "overall_f1": 0.6974816703857188,
    "overall_precision": 0.6852489821484498,
    "overall_recall": 0.7101590392729633,
    "total_flos": 2700586367156160.0,
    "train_loss": 0.05003987856813379,
    "train_runtime": 677.2576,
    "train_samples_per_second": 8.785,
    "train_steps_per_second": 1.093
}