{
    "SINTOMA_f1": 0.6974816703857188,
    "SINTOMA_number": 3081,
    "SINTOMA_precision": 0.6852489821484498,
    "SINTOMA_recall": 0.7101590392729633,
    "overall_accuracy": 0.9438022878606795,
    "overall_f1": 0.6974816703857188,
    "overall_precision": 0.6852489821484498,
    "overall_recall": 0.7101590392729633
}