{
    "epoch": 9.87248322147651,
    "total_flos": 2700586367156160.0,
    "train_loss": 0.05003987856813379,
    "train_runtime": 677.2576,
    "train_samples_per_second": 8.785,
    "train_steps_per_second": 1.093
}