{
    "DIAGNOSTICO_f1": 0.6745642701525055,
    "DIAGNOSTICO_number": 3494,
    "DIAGNOSTICO_precision": 0.6433766233766234,
    "DIAGNOSTICO_recall": 0.7089295935890098,
    "PROCEDIMIENTO_f1": 0.5890463423975488,
    "PROCEDIMIENTO_number": 1243,
    "PROCEDIMIENTO_precision": 0.5621345029239766,
    "PROCEDIMIENTO_recall": 0.6186645213193885,
    "epoch": 10.0,
    "eval_DIAGNOSTICO_f1": 0.6555643669045732,
    "eval_DIAGNOSTICO_number": 3584,
    "eval_DIAGNOSTICO_precision": 0.622802611752888,
    "eval_DIAGNOSTICO_recall": 0.6919642857142857,
    "eval_PROCEDIMIENTO_f1": 0.5885416666666666,
    "eval_PROCEDIMIENTO_number": 1295,
    "eval_PROCEDIMIENTO_precision": 0.5678391959798995,
    "eval_PROCEDIMIENTO_recall": 0.6108108108108108,
    "eval_loss": 0.21779082715511322,
    "eval_overall_accuracy": 0.9532716156107068,
    "eval_overall_f1": 0.6379949288082699,
    "eval_overall_precision": 0.6085581395348837,
    "eval_overall_recall": 0.6704242672678827,
    "eval_runtime": 5.1482,
    "eval_samples_per_second": 67.596,
    "eval_steps_per_second": 8.547,
    "overall_accuracy": 0.953082132314638,
    "overall_f1": 0.6521346057257659,
    "overall_precision": 0.6220774243004983,
    "overall_recall": 0.6852438252058265,
    "total_flos": 1801624677315840.0,
    "train_loss": 0.09048383592189044,
    "train_runtime": 702.471,
    "train_samples_per_second": 9.879,
    "train_steps_per_second": 1.238
}