{
    "DIAGNOSTICO_f1": 0.6745642701525055,
    "DIAGNOSTICO_number": 3494,
    "DIAGNOSTICO_precision": 0.6433766233766234,
    "DIAGNOSTICO_recall": 0.7089295935890098,
    "PROCEDIMIENTO_f1": 0.5890463423975488,
    "PROCEDIMIENTO_number": 1243,
    "PROCEDIMIENTO_precision": 0.5621345029239766,
    "PROCEDIMIENTO_recall": 0.6186645213193885,
    "overall_accuracy": 0.953082132314638,
    "overall_f1": 0.6521346057257659,
    "overall_precision": 0.6220774243004983,
    "overall_recall": 0.6852438252058265
}