{
    "DIAGNOSTICO_f1": 0.6429559922502076,
    "DIAGNOSTICO_number": 3547,
    "DIAGNOSTICO_precision": 0.6314215819516172,
    "DIAGNOSTICO_recall": 0.6549196504087962,
    "PROCEDIMIENTO_f1": 0.5531048523922634,
    "PROCEDIMIENTO_number": 1336,
    "PROCEDIMIENTO_precision": 0.5058969584109249,
    "PROCEDIMIENTO_recall": 0.6100299401197605,
    "epoch": 10.0,
    "eval_DIAGNOSTICO_f1": 0.6279459111397295,
    "eval_DIAGNOSTICO_number": 3819,
    "eval_DIAGNOSTICO_precision": 0.617840851495185,
    "eval_DIAGNOSTICO_recall": 0.6383870123068867,
    "eval_PROCEDIMIENTO_f1": 0.558282208588957,
    "eval_PROCEDIMIENTO_number": 1535,
    "eval_PROCEDIMIENTO_precision": 0.527536231884058,
    "eval_PROCEDIMIENTO_recall": 0.5928338762214984,
    "eval_loss": 0.2840619683265686,
    "eval_overall_accuracy": 0.9410774798865811,
    "eval_overall_f1": 0.6073469387755103,
    "eval_overall_precision": 0.5903720684182684,
    "eval_overall_recall": 0.6253268584236085,
    "eval_runtime": 10.4085,
    "eval_samples_per_second": 42.369,
    "eval_steps_per_second": 2.69,
    "overall_accuracy": 0.9409074897480376,
    "overall_f1": 0.6169271601297552,
    "overall_precision": 0.593194706994329,
    "overall_recall": 0.6426377227114479,
    "total_flos": 7929758243205216.0,
    "train_loss": 0.07322213721496088,
    "train_runtime": 1627.4562,
    "train_samples_per_second": 5.247,
    "train_steps_per_second": 0.332
}