{
    "DIAGNOSTICO_f1": 0.6429559922502076,
    "DIAGNOSTICO_number": 3547,
    "DIAGNOSTICO_precision": 0.6314215819516172,
    "DIAGNOSTICO_recall": 0.6549196504087962,
    "PROCEDIMIENTO_f1": 0.5531048523922634,
    "PROCEDIMIENTO_number": 1336,
    "PROCEDIMIENTO_precision": 0.5058969584109249,
    "PROCEDIMIENTO_recall": 0.6100299401197605,
    "overall_accuracy": 0.9409074897480376,
    "overall_f1": 0.6169271601297552,
    "overall_precision": 0.593194706994329,
    "overall_recall": 0.6426377227114479
}