{
    "NORMALIZABLES_f1": 0.9387755102040817,
    "NORMALIZABLES_number": 973,
    "NORMALIZABLES_precision": 0.9321175278622087,
    "NORMALIZABLES_recall": 0.9455292908530318,
    "NO_NORMALIZABLES_f1": 0.0,
    "NO_NORMALIZABLES_number": 10,
    "NO_NORMALIZABLES_precision": 0.0,
    "NO_NORMALIZABLES_recall": 0.0,
    "PROTEINAS_f1": 0.8838268792710707,
    "PROTEINAS_number": 859,
    "PROTEINAS_precision": 0.8651059085841695,
    "PROTEINAS_recall": 0.9033760186263097,
    "UNCLEAR_f1": 0.8115942028985507,
    "UNCLEAR_number": 34,
    "UNCLEAR_precision": 0.8,
    "UNCLEAR_recall": 0.8235294117647058,
    "epoch": 9.848,
    "eval_NORMALIZABLES_f1": 0.9109258446687144,
    "eval_NORMALIZABLES_number": 1121,
    "eval_NORMALIZABLES_precision": 0.8963730569948186,
    "eval_NORMALIZABLES_recall": 0.9259589652096343,
    "eval_NO_NORMALIZABLES_f1": 0.0,
    "eval_NO_NORMALIZABLES_number": 16,
    "eval_NO_NORMALIZABLES_precision": 0.0,
    "eval_NO_NORMALIZABLES_recall": 0.0,
    "eval_PROTEINAS_f1": 0.8986083499005963,
    "eval_PROTEINAS_number": 745,
    "eval_PROTEINAS_precision": 0.887434554973822,
    "eval_PROTEINAS_recall": 0.9100671140939597,
    "eval_UNCLEAR_f1": 0.7272727272727273,
    "eval_UNCLEAR_number": 44,
    "eval_UNCLEAR_precision": 0.7272727272727273,
    "eval_UNCLEAR_recall": 0.7272727272727273,
    "eval_loss": 0.022367190569639206,
    "eval_overall_accuracy": 0.9954046306504961,
    "eval_overall_f1": 0.897560975609756,
    "eval_overall_precision": 0.8877602844083291,
    "eval_overall_recall": 0.9075804776739356,
    "eval_runtime": 5.7609,
    "eval_samples_per_second": 43.396,
    "eval_steps_per_second": 10.936,
    "overall_accuracy": 0.9961660744342622,
    "overall_f1": 0.9064143007360673,
    "overall_precision": 0.8941908713692946,
    "overall_recall": 0.9189765458422174,
    "total_flos": 2312689863955968.0,
    "train_loss": 0.023418967762301044,
    "train_runtime": 725.3134,
    "train_samples_per_second": 6.894,
    "train_steps_per_second": 0.855
}