{
    "epoch": 9.848,
    "eval_NORMALIZABLES_f1": 0.9109258446687144,
    "eval_NORMALIZABLES_number": 1121,
    "eval_NORMALIZABLES_precision": 0.8963730569948186,
    "eval_NORMALIZABLES_recall": 0.9259589652096343,
    "eval_NO_NORMALIZABLES_f1": 0.0,
    "eval_NO_NORMALIZABLES_number": 16,
    "eval_NO_NORMALIZABLES_precision": 0.0,
    "eval_NO_NORMALIZABLES_recall": 0.0,
    "eval_PROTEINAS_f1": 0.8986083499005963,
    "eval_PROTEINAS_number": 745,
    "eval_PROTEINAS_precision": 0.887434554973822,
    "eval_PROTEINAS_recall": 0.9100671140939597,
    "eval_UNCLEAR_f1": 0.7272727272727273,
    "eval_UNCLEAR_number": 44,
    "eval_UNCLEAR_precision": 0.7272727272727273,
    "eval_UNCLEAR_recall": 0.7272727272727273,
    "eval_loss": 0.022367190569639206,
    "eval_overall_accuracy": 0.9954046306504961,
    "eval_overall_f1": 0.897560975609756,
    "eval_overall_precision": 0.8877602844083291,
    "eval_overall_recall": 0.9075804776739356,
    "eval_runtime": 5.7609,
    "eval_samples_per_second": 43.396,
    "eval_steps_per_second": 10.936
}