{
    "NORMALIZABLES_f1": 0.9387755102040817,
    "NORMALIZABLES_number": 973,
    "NORMALIZABLES_precision": 0.9321175278622087,
    "NORMALIZABLES_recall": 0.9455292908530318,
    "NO_NORMALIZABLES_f1": 0.0,
    "NO_NORMALIZABLES_number": 10,
    "NO_NORMALIZABLES_precision": 0.0,
    "NO_NORMALIZABLES_recall": 0.0,
    "PROTEINAS_f1": 0.8838268792710707,
    "PROTEINAS_number": 859,
    "PROTEINAS_precision": 0.8651059085841695,
    "PROTEINAS_recall": 0.9033760186263097,
    "UNCLEAR_f1": 0.8115942028985507,
    "UNCLEAR_number": 34,
    "UNCLEAR_precision": 0.8,
    "UNCLEAR_recall": 0.8235294117647058,
    "overall_accuracy": 0.9961660744342622,
    "overall_f1": 0.9064143007360673,
    "overall_precision": 0.8941908713692946,
    "overall_recall": 0.9189765458422174
}