{
    "DIAGNOSTICO_f1": 0.6786009363811621,
    "DIAGNOSTICO_number": 3491,
    "DIAGNOSTICO_precision": 0.6534075841951736,
    "DIAGNOSTICO_recall": 0.7058149527356058,
    "PROCEDIMIENTO_f1": 0.5848179705654531,
    "PROCEDIMIENTO_number": 1241,
    "PROCEDIMIENTO_precision": 0.5630126771066368,
    "PROCEDIMIENTO_recall": 0.6083803384367445,
    "epoch": 9.704,
    "eval_DIAGNOSTICO_f1": 0.6635717394458145,
    "eval_DIAGNOSTICO_number": 3342,
    "eval_DIAGNOSTICO_precision": 0.6440439312869615,
    "eval_DIAGNOSTICO_recall": 0.6843207660083782,
    "eval_PROCEDIMIENTO_f1": 0.5954692556634303,
    "eval_PROCEDIMIENTO_number": 1205,
    "eval_PROCEDIMIENTO_precision": 0.5808997632202052,
    "eval_PROCEDIMIENTO_recall": 0.6107883817427386,
    "eval_loss": 0.21812766790390015,
    "eval_overall_accuracy": 0.9538688446323831,
    "eval_overall_f1": 0.6455953016550988,
    "eval_overall_precision": 0.6274387712743877,
    "eval_overall_recall": 0.6648339564548054,
    "eval_runtime": 9.2227,
    "eval_samples_per_second": 27.107,
    "eval_steps_per_second": 6.831,
    "overall_accuracy": 0.9544676741664407,
    "overall_f1": 0.6540024380333198,
    "overall_precision": 0.6296948356807511,
    "overall_recall": 0.680262045646661,
    "total_flos": 2238419295076032.0,
    "train_loss": 0.07510424583188949,
    "train_runtime": 933.3593,
    "train_samples_per_second": 5.357,
    "train_steps_per_second": 0.332
}