{
    "DIAGNOSTICO_f1": 0.6786009363811621,
    "DIAGNOSTICO_number": 3491,
    "DIAGNOSTICO_precision": 0.6534075841951736,
    "DIAGNOSTICO_recall": 0.7058149527356058,
    "PROCEDIMIENTO_f1": 0.5848179705654531,
    "PROCEDIMIENTO_number": 1241,
    "PROCEDIMIENTO_precision": 0.5630126771066368,
    "PROCEDIMIENTO_recall": 0.6083803384367445,
    "overall_accuracy": 0.9544676741664407,
    "overall_f1": 0.6540024380333198,
    "overall_precision": 0.6296948356807511,
    "overall_recall": 0.680262045646661
}