{
    "CALLE_f1": 0.9471153846153846,
    "CALLE_number": 413,
    "CALLE_precision": 0.9403341288782816,
    "CALLE_recall": 0.9539951573849879,
    "CENTRO_SALUD_f1": 0.0,
    "CENTRO_SALUD_number": 6,
    "CENTRO_SALUD_precision": 0.0,
    "CENTRO_SALUD_recall": 0.0,
    "CORREO_ELECTRONICO_f1": 0.9906191369606003,
    "CORREO_ELECTRONICO_number": 265,
    "CORREO_ELECTRONICO_precision": 0.9850746268656716,
    "CORREO_ELECTRONICO_recall": 0.9962264150943396,
    "EDAD_SUJETO_ASISTENCIA_f1": 0.9837940896091516,
    "EDAD_SUJETO_ASISTENCIA_number": 518,
    "EDAD_SUJETO_ASISTENCIA_precision": 0.9717514124293786,
    "EDAD_SUJETO_ASISTENCIA_recall": 0.9961389961389961,
    "FAMILIARES_SUJETO_ASISTENCIA_f1": 0.7337278106508877,
    "FAMILIARES_SUJETO_ASISTENCIA_number": 81,
    "FAMILIARES_SUJETO_ASISTENCIA_precision": 0.7045454545454546,
    "FAMILIARES_SUJETO_ASISTENCIA_recall": 0.7654320987654321,
    "FECHAS_f1": 0.9910204081632653,
    "FECHAS_number": 611,
    "FECHAS_precision": 0.988599348534202,
    "FECHAS_recall": 0.9934533551554828,
    "HOSPITAL_f1": 0.8854961832061069,
    "HOSPITAL_number": 131,
    "HOSPITAL_precision": 0.8854961832061069,
    "HOSPITAL_recall": 0.8854961832061069,
    "ID_ASEGURAMIENTO_f1": 0.9949494949494949,
    "ID_ASEGURAMIENTO_number": 199,
    "ID_ASEGURAMIENTO_precision": 1.0,
    "ID_ASEGURAMIENTO_recall": 0.9899497487437185,
    "ID_CONTACTO_ASISTENCIAL_f1": 1.0,
    "ID_CONTACTO_ASISTENCIAL_number": 44,
    "ID_CONTACTO_ASISTENCIAL_precision": 1.0,
    "ID_CONTACTO_ASISTENCIAL_recall": 1.0,
    "ID_SUJETO_ASISTENCIA_f1": 0.9842767295597485,
    "ID_SUJETO_ASISTENCIA_number": 316,
    "ID_SUJETO_ASISTENCIA_precision": 0.978125,
    "ID_SUJETO_ASISTENCIA_recall": 0.990506329113924,
    "ID_TITULACION_PERSONAL_SANITARIO_f1": 0.9978678038379531,
    "ID_TITULACION_PERSONAL_SANITARIO_number": 234,
    "ID_TITULACION_PERSONAL_SANITARIO_precision": 0.9957446808510638,
    "ID_TITULACION_PERSONAL_SANITARIO_recall": 1.0,
    "INSTITUCION_f1": 0.5793103448275863,
    "INSTITUCION_number": 67,
    "INSTITUCION_precision": 0.5384615384615384,
    "INSTITUCION_recall": 0.6268656716417911,
    "NOMBRE_PERSONAL_SANITARIO_f1": 0.9930348258706468,
    "NOMBRE_PERSONAL_SANITARIO_number": 501,
    "NOMBRE_PERSONAL_SANITARIO_precision": 0.9900793650793651,
    "NOMBRE_PERSONAL_SANITARIO_recall": 0.9960079840319361,
    "NOMBRE_SUJETO_ASISTENCIA_f1": 0.999004975124378,
    "NOMBRE_SUJETO_ASISTENCIA_number": 502,
    "NOMBRE_SUJETO_ASISTENCIA_precision": 0.9980119284294234,
    "NOMBRE_SUJETO_ASISTENCIA_recall": 1.0,
    "NUMERO_FAX_f1": 0.8571428571428572,
    "NUMERO_FAX_number": 10,
    "NUMERO_FAX_precision": 0.8181818181818182,
    "NUMERO_FAX_recall": 0.9,
    "NUMERO_TELEFONO_f1": 0.9538461538461539,
    "NUMERO_TELEFONO_number": 32,
    "NUMERO_TELEFONO_precision": 0.9393939393939394,
    "NUMERO_TELEFONO_recall": 0.96875,
    "OTROS_SUJETO_ASISTENCIA_f1": 0.0,
    "OTROS_SUJETO_ASISTENCIA_number": 7,
    "OTROS_SUJETO_ASISTENCIA_precision": 0.0,
    "OTROS_SUJETO_ASISTENCIA_recall": 0.0,
    "PAIS_f1": 0.9904240766073871,
    "PAIS_number": 363,
    "PAIS_precision": 0.9836956521739131,
    "PAIS_recall": 0.9972451790633609,
    "PROFESION_f1": 0.6923076923076923,
    "PROFESION_number": 10,
    "PROFESION_precision": 0.5625,
    "PROFESION_recall": 0.9,
    "SEXO_SUJETO_ASISTENCIA_f1": 0.9870967741935485,
    "SEXO_SUJETO_ASISTENCIA_number": 461,
    "SEXO_SUJETO_ASISTENCIA_precision": 0.9786780383795309,
    "SEXO_SUJETO_ASISTENCIA_recall": 0.9956616052060737,
    "TERRITORIO_f1": 0.972193614830072,
    "TERRITORIO_number": 974,
    "TERRITORIO_precision": 0.9752066115702479,
    "TERRITORIO_recall": 0.9691991786447639,
    "epoch": 10.0,
    "eval_CALLE_f1": 0.9209932279909706,
    "eval_CALLE_number": 438,
    "eval_CALLE_precision": 0.9107142857142857,
    "eval_CALLE_recall": 0.9315068493150684,
    "eval_CENTRO_SALUD_f1": 0.0,
    "eval_CENTRO_SALUD_number": 2,
    "eval_CENTRO_SALUD_precision": 0.0,
    "eval_CENTRO_SALUD_recall": 0.0,
    "eval_CORREO_ELECTRONICO_f1": 0.9682539682539683,
    "eval_CORREO_ELECTRONICO_number": 250,
    "eval_CORREO_ELECTRONICO_precision": 0.9606299212598425,
    "eval_CORREO_ELECTRONICO_recall": 0.976,
    "eval_EDAD_SUJETO_ASISTENCIA_f1": 0.9517502365184484,
    "eval_EDAD_SUJETO_ASISTENCIA_number": 526,
    "eval_EDAD_SUJETO_ASISTENCIA_precision": 0.9472693032015066,
    "eval_EDAD_SUJETO_ASISTENCIA_recall": 0.9562737642585551,
    "eval_FAMILIARES_SUJETO_ASISTENCIA_f1": 0.6730769230769231,
    "eval_FAMILIARES_SUJETO_ASISTENCIA_number": 103,
    "eval_FAMILIARES_SUJETO_ASISTENCIA_precision": 0.6666666666666666,
    "eval_FAMILIARES_SUJETO_ASISTENCIA_recall": 0.6796116504854369,
    "eval_FECHAS_f1": 0.9569752281616688,
    "eval_FECHAS_number": 762,
    "eval_FECHAS_precision": 0.9507772020725389,
    "eval_FECHAS_recall": 0.963254593175853,
    "eval_HOSPITAL_f1": 0.8562091503267973,
    "eval_HOSPITAL_number": 151,
    "eval_HOSPITAL_precision": 0.8451612903225807,
    "eval_HOSPITAL_recall": 0.8675496688741722,
    "eval_ID_ASEGURAMIENTO_f1": 0.984375,
    "eval_ID_ASEGURAMIENTO_number": 192,
    "eval_ID_ASEGURAMIENTO_precision": 0.984375,
    "eval_ID_ASEGURAMIENTO_recall": 0.984375,
    "eval_ID_CONTACTO_ASISTENCIAL_f1": 0.9459459459459458,
    "eval_ID_CONTACTO_ASISTENCIAL_number": 36,
    "eval_ID_CONTACTO_ASISTENCIAL_precision": 0.9210526315789473,
    "eval_ID_CONTACTO_ASISTENCIAL_recall": 0.9722222222222222,
    "eval_ID_SUJETO_ASISTENCIA_f1": 0.9443609022556392,
    "eval_ID_SUJETO_ASISTENCIA_number": 325,
    "eval_ID_SUJETO_ASISTENCIA_precision": 0.9235294117647059,
    "eval_ID_SUJETO_ASISTENCIA_recall": 0.9661538461538461,
    "eval_ID_TITULACION_PERSONAL_SANITARIO_f1": 0.962800875273523,
    "eval_ID_TITULACION_PERSONAL_SANITARIO_number": 227,
    "eval_ID_TITULACION_PERSONAL_SANITARIO_precision": 0.9565217391304348,
    "eval_ID_TITULACION_PERSONAL_SANITARIO_recall": 0.9691629955947136,
    "eval_INSTITUCION_f1": 0.6559139784946236,
    "eval_INSTITUCION_number": 86,
    "eval_INSTITUCION_precision": 0.61,
    "eval_INSTITUCION_recall": 0.7093023255813954,
    "eval_NOMBRE_PERSONAL_SANITARIO_f1": 0.9586140519730509,
    "eval_NOMBRE_PERSONAL_SANITARIO_number": 518,
    "eval_NOMBRE_PERSONAL_SANITARIO_precision": 0.9558541266794626,
    "eval_NOMBRE_PERSONAL_SANITARIO_recall": 0.9613899613899614,
    "eval_NOMBRE_SUJETO_ASISTENCIA_f1": 0.980827447023209,
    "eval_NOMBRE_SUJETO_ASISTENCIA_number": 487,
    "eval_NOMBRE_SUJETO_ASISTENCIA_precision": 0.9642857142857143,
    "eval_NOMBRE_SUJETO_ASISTENCIA_recall": 0.997946611909651,
    "eval_NUMERO_FAX_f1": 0.5555555555555556,
    "eval_NUMERO_FAX_number": 7,
    "eval_NUMERO_FAX_precision": 0.45454545454545453,
    "eval_NUMERO_FAX_recall": 0.7142857142857143,
    "eval_NUMERO_TELEFONO_f1": 0.8615384615384616,
    "eval_NUMERO_TELEFONO_number": 31,
    "eval_NUMERO_TELEFONO_precision": 0.8235294117647058,
    "eval_NUMERO_TELEFONO_recall": 0.9032258064516129,
    "eval_OTROS_SUJETO_ASISTENCIA_f1": 0.0,
    "eval_OTROS_SUJETO_ASISTENCIA_number": 7,
    "eval_OTROS_SUJETO_ASISTENCIA_precision": 0.0,
    "eval_OTROS_SUJETO_ASISTENCIA_recall": 0.0,
    "eval_PAIS_f1": 0.9659090909090909,
    "eval_PAIS_number": 352,
    "eval_PAIS_precision": 0.9659090909090909,
    "eval_PAIS_recall": 0.9659090909090909,
    "eval_PROFESION_f1": 0.6,
    "eval_PROFESION_number": 4,
    "eval_PROFESION_precision": 0.5,
    "eval_PROFESION_recall": 0.75,
    "eval_SEXO_SUJETO_ASISTENCIA_f1": 0.9586956521739131,
    "eval_SEXO_SUJETO_ASISTENCIA_number": 455,
    "eval_SEXO_SUJETO_ASISTENCIA_precision": 0.9483870967741935,
    "eval_SEXO_SUJETO_ASISTENCIA_recall": 0.9692307692307692,
    "eval_TERRITORIO_f1": 0.9586206896551726,
    "eval_TERRITORIO_number": 999,
    "eval_TERRITORIO_precision": 0.9437439379243453,
    "eval_TERRITORIO_recall": 0.973973973973974,
    "eval_loss": 0.04406415671110153,