{
    "epoch": 10.0,
    "eval_CALLE_f1": 0.9209932279909706,
    "eval_CALLE_number": 438,
    "eval_CALLE_precision": 0.9107142857142857,
    "eval_CALLE_recall": 0.9315068493150684,
    "eval_CENTRO_SALUD_f1": 0.0,
    "eval_CENTRO_SALUD_number": 2,
    "eval_CENTRO_SALUD_precision": 0.0,
    "eval_CENTRO_SALUD_recall": 0.0,
    "eval_CORREO_ELECTRONICO_f1": 0.9682539682539683,
    "eval_CORREO_ELECTRONICO_number": 250,
    "eval_CORREO_ELECTRONICO_precision": 0.9606299212598425,
    "eval_CORREO_ELECTRONICO_recall": 0.976,
    "eval_EDAD_SUJETO_ASISTENCIA_f1": 0.9517502365184484,
    "eval_EDAD_SUJETO_ASISTENCIA_number": 526,
    "eval_EDAD_SUJETO_ASISTENCIA_precision": 0.9472693032015066,
    "eval_EDAD_SUJETO_ASISTENCIA_recall": 0.9562737642585551,
    "eval_FAMILIARES_SUJETO_ASISTENCIA_f1": 0.6730769230769231,
    "eval_FAMILIARES_SUJETO_ASISTENCIA_number": 103,
    "eval_FAMILIARES_SUJETO_ASISTENCIA_precision": 0.6666666666666666,
    "eval_FAMILIARES_SUJETO_ASISTENCIA_recall": 0.6796116504854369,
    "eval_FECHAS_f1": 0.9569752281616688,
    "eval_FECHAS_number": 762,
    "eval_FECHAS_precision": 0.9507772020725389,
    "eval_FECHAS_recall": 0.963254593175853,
    "eval_HOSPITAL_f1": 0.8562091503267973,
    "eval_HOSPITAL_number": 151,
    "eval_HOSPITAL_precision": 0.8451612903225807,
    "eval_HOSPITAL_recall": 0.8675496688741722,
    "eval_ID_ASEGURAMIENTO_f1": 0.984375,
    "eval_ID_ASEGURAMIENTO_number": 192,
    "eval_ID_ASEGURAMIENTO_precision": 0.984375,
    "eval_ID_ASEGURAMIENTO_recall": 0.984375,
    "eval_ID_CONTACTO_ASISTENCIAL_f1": 0.9459459459459458,
    "eval_ID_CONTACTO_ASISTENCIAL_number": 36,
    "eval_ID_CONTACTO_ASISTENCIAL_precision": 0.9210526315789473,
    "eval_ID_CONTACTO_ASISTENCIAL_recall": 0.9722222222222222,
    "eval_ID_SUJETO_ASISTENCIA_f1": 0.9443609022556392,
    "eval_ID_SUJETO_ASISTENCIA_number": 325,
    "eval_ID_SUJETO_ASISTENCIA_precision": 0.9235294117647059,
    "eval_ID_SUJETO_ASISTENCIA_recall": 0.9661538461538461,
    "eval_ID_TITULACION_PERSONAL_SANITARIO_f1": 0.962800875273523,
    "eval_ID_TITULACION_PERSONAL_SANITARIO_number": 227,
    "eval_ID_TITULACION_PERSONAL_SANITARIO_precision": 0.9565217391304348,
    "eval_ID_TITULACION_PERSONAL_SANITARIO_recall": 0.9691629955947136,
    "eval_INSTITUCION_f1": 0.6559139784946236,
    "eval_INSTITUCION_number": 86,
    "eval_INSTITUCION_precision": 0.61,
    "eval_INSTITUCION_recall": 0.7093023255813954,
    "eval_NOMBRE_PERSONAL_SANITARIO_f1": 0.9586140519730509,
    "eval_NOMBRE_PERSONAL_SANITARIO_number": 518,
    "eval_NOMBRE_PERSONAL_SANITARIO_precision": 0.9558541266794626,
    "eval_NOMBRE_PERSONAL_SANITARIO_recall": 0.9613899613899614,
    "eval_NOMBRE_SUJETO_ASISTENCIA_f1": 0.980827447023209,
    "eval_NOMBRE_SUJETO_ASISTENCIA_number": 487,
    "eval_NOMBRE_SUJETO_ASISTENCIA_precision": 0.9642857142857143,
    "eval_NOMBRE_SUJETO_ASISTENCIA_recall": 0.997946611909651,
    "eval_NUMERO_FAX_f1": 0.5555555555555556,
    "eval_NUMERO_FAX_number": 7,
    "eval_NUMERO_FAX_precision": 0.45454545454545453,
    "eval_NUMERO_FAX_recall": 0.7142857142857143,
    "eval_NUMERO_TELEFONO_f1": 0.8615384615384616,
    "eval_NUMERO_TELEFONO_number": 31,
    "eval_NUMERO_TELEFONO_precision": 0.8235294117647058,
    "eval_NUMERO_TELEFONO_recall": 0.9032258064516129,
    "eval_OTROS_SUJETO_ASISTENCIA_f1": 0.0,
    "eval_OTROS_SUJETO_ASISTENCIA_number": 7,
    "eval_OTROS_SUJETO_ASISTENCIA_precision": 0.0,
    "eval_OTROS_SUJETO_ASISTENCIA_recall": 0.0,
    "eval_PAIS_f1": 0.9659090909090909,
    "eval_PAIS_number": 352,
    "eval_PAIS_precision": 0.9659090909090909,
    "eval_PAIS_recall": 0.9659090909090909,
    "eval_PROFESION_f1": 0.6,
    "eval_PROFESION_number": 4,
    "eval_PROFESION_precision": 0.5,
    "eval_PROFESION_recall": 0.75,
    "eval_SEXO_SUJETO_ASISTENCIA_f1": 0.9586956521739131,
    "eval_SEXO_SUJETO_ASISTENCIA_number": 455,
    "eval_SEXO_SUJETO_ASISTENCIA_precision": 0.9483870967741935,
    "eval_SEXO_SUJETO_ASISTENCIA_recall": 0.9692307692307692,
    "eval_TERRITORIO_f1": 0.9586206896551726,
    "eval_TERRITORIO_number": 999,
    "eval_TERRITORIO_precision": 0.9437439379243453,
    "eval_TERRITORIO_recall": 0.973973973973974,
    "eval_loss": 0.04406415671110153,
    "eval_overall_accuracy": 0.9940107273045771,
    "eval_overall_f1": 0.9433930942895086,
    "eval_overall_precision": 0.9331691297208539,
    "eval_overall_recall": 0.9538435716683451,
    "eval_runtime": 13.0722,
    "eval_samples_per_second": 42.992,
    "eval_steps_per_second": 1.377
}