{
    "CALLE_f1": 0.9471153846153846,
    "CALLE_number": 413,
    "CALLE_precision": 0.9403341288782816,
    "CALLE_recall": 0.9539951573849879,
    "CENTRO_SALUD_f1": 0.0,
    "CENTRO_SALUD_number": 6,
    "CENTRO_SALUD_precision": 0.0,
    "CENTRO_SALUD_recall": 0.0,
    "CORREO_ELECTRONICO_f1": 0.9906191369606003,
    "CORREO_ELECTRONICO_number": 265,
    "CORREO_ELECTRONICO_precision": 0.9850746268656716,
    "CORREO_ELECTRONICO_recall": 0.9962264150943396,
    "EDAD_SUJETO_ASISTENCIA_f1": 0.9837940896091516,
    "EDAD_SUJETO_ASISTENCIA_number": 518,
    "EDAD_SUJETO_ASISTENCIA_precision": 0.9717514124293786,
    "EDAD_SUJETO_ASISTENCIA_recall": 0.9961389961389961,
    "FAMILIARES_SUJETO_ASISTENCIA_f1": 0.7337278106508877,
    "FAMILIARES_SUJETO_ASISTENCIA_number": 81,
    "FAMILIARES_SUJETO_ASISTENCIA_precision": 0.7045454545454546,
    "FAMILIARES_SUJETO_ASISTENCIA_recall": 0.7654320987654321,
    "FECHAS_f1": 0.9910204081632653,
    "FECHAS_number": 611,
    "FECHAS_precision": 0.988599348534202,
    "FECHAS_recall": 0.9934533551554828,
    "HOSPITAL_f1": 0.8854961832061069,
    "HOSPITAL_number": 131,
    "HOSPITAL_precision": 0.8854961832061069,
    "HOSPITAL_recall": 0.8854961832061069,
    "ID_ASEGURAMIENTO_f1": 0.9949494949494949,
    "ID_ASEGURAMIENTO_number": 199,
    "ID_ASEGURAMIENTO_precision": 1.0,
    "ID_ASEGURAMIENTO_recall": 0.9899497487437185,
    "ID_CONTACTO_ASISTENCIAL_f1": 1.0,
    "ID_CONTACTO_ASISTENCIAL_number": 44,
    "ID_CONTACTO_ASISTENCIAL_precision": 1.0,
    "ID_CONTACTO_ASISTENCIAL_recall": 1.0,
    "ID_SUJETO_ASISTENCIA_f1": 0.9842767295597485,
    "ID_SUJETO_ASISTENCIA_number": 316,
    "ID_SUJETO_ASISTENCIA_precision": 0.978125,
    "ID_SUJETO_ASISTENCIA_recall": 0.990506329113924,
    "ID_TITULACION_PERSONAL_SANITARIO_f1": 0.9978678038379531,
    "ID_TITULACION_PERSONAL_SANITARIO_number": 234,
    "ID_TITULACION_PERSONAL_SANITARIO_precision": 0.9957446808510638,
    "ID_TITULACION_PERSONAL_SANITARIO_recall": 1.0,
    "INSTITUCION_f1": 0.5793103448275863,
    "INSTITUCION_number": 67,
    "INSTITUCION_precision": 0.5384615384615384,
    "INSTITUCION_recall": 0.6268656716417911,
    "NOMBRE_PERSONAL_SANITARIO_f1": 0.9930348258706468,
    "NOMBRE_PERSONAL_SANITARIO_number": 501,
    "NOMBRE_PERSONAL_SANITARIO_precision": 0.9900793650793651,
    "NOMBRE_PERSONAL_SANITARIO_recall": 0.9960079840319361,
    "NOMBRE_SUJETO_ASISTENCIA_f1": 0.999004975124378,
    "NOMBRE_SUJETO_ASISTENCIA_number": 502,
    "NOMBRE_SUJETO_ASISTENCIA_precision": 0.9980119284294234,
    "NOMBRE_SUJETO_ASISTENCIA_recall": 1.0,
    "NUMERO_FAX_f1": 0.8571428571428572,
    "NUMERO_FAX_number": 10,
    "NUMERO_FAX_precision": 0.8181818181818182,
    "NUMERO_FAX_recall": 0.9,
    "NUMERO_TELEFONO_f1": 0.9538461538461539,
    "NUMERO_TELEFONO_number": 32,
    "NUMERO_TELEFONO_precision": 0.9393939393939394,
    "NUMERO_TELEFONO_recall": 0.96875,
    "OTROS_SUJETO_ASISTENCIA_f1": 0.0,
    "OTROS_SUJETO_ASISTENCIA_number": 7,
    "OTROS_SUJETO_ASISTENCIA_precision": 0.0,
    "OTROS_SUJETO_ASISTENCIA_recall": 0.0,
    "PAIS_f1": 0.9904240766073871,
    "PAIS_number": 363,
    "PAIS_precision": 0.9836956521739131,
    "PAIS_recall": 0.9972451790633609,
    "PROFESION_f1": 0.6923076923076923,
    "PROFESION_number": 10,
    "PROFESION_precision": 0.5625,
    "PROFESION_recall": 0.9,
    "SEXO_SUJETO_ASISTENCIA_f1": 0.9870967741935485,
    "SEXO_SUJETO_ASISTENCIA_number": 461,
    "SEXO_SUJETO_ASISTENCIA_precision": 0.9786780383795309,
    "SEXO_SUJETO_ASISTENCIA_recall": 0.9956616052060737,
    "TERRITORIO_f1": 0.972193614830072,
    "TERRITORIO_number": 974,
    "TERRITORIO_precision": 0.9752066115702479,
    "TERRITORIO_recall": 0.9691991786447639,
    "overall_accuracy": 0.9972881105055321,
    "overall_f1": 0.9705576723242121,
    "overall_precision": 0.9657073927278994,
    "overall_recall": 0.9754569190600523
}