{
    "SINTOMA_f1": 0.6928166351606806,
    "SINTOMA_number": 3081,
    "SINTOMA_precision": 0.6730945821854912,
    "SINTOMA_recall": 0.7137293086660176,
    "epoch": 9.87248322147651,
    "eval_SINTOMA_f1": 0.6726897263810017,
    "eval_SINTOMA_number": 1827,
    "eval_SINTOMA_precision": 0.6365412799218368,
    "eval_SINTOMA_recall": 0.7131910235358512,
    "eval_loss": 0.3148942291736603,
    "eval_overall_accuracy": 0.9471802482460874,
    "eval_overall_f1": 0.6726897263810017,
    "eval_overall_precision": 0.6365412799218368,
    "eval_overall_recall": 0.7131910235358512,
    "eval_runtime": 3.5957,
    "eval_samples_per_second": 41.438,
    "eval_steps_per_second": 10.568,
    "overall_accuracy": 0.943324227420181,
    "overall_f1": 0.6928166351606806,
    "overall_precision": 0.6730945821854912,
    "overall_recall": 0.7137293086660176,
    "total_flos": 2700586367156160.0,
    "train_loss": 0.05275573666031296,
    "train_runtime": 677.0573,
    "train_samples_per_second": 8.788,
    "train_steps_per_second": 1.093
}