{
    "epoch": 9.87248322147651,
    "total_flos": 2700586367156160.0,
    "train_loss": 0.05275573666031296,
    "train_runtime": 677.0573,
    "train_samples_per_second": 8.788,
    "train_steps_per_second": 1.093
}