{
    "ENFERMEDAD_f1": 0.6802476780185758,
    "ENFERMEDAD_number": 7757,
    "ENFERMEDAD_precision": 0.6544739664005719,
    "ENFERMEDAD_recall": 0.7081345881139616,
    "epoch": 10.0,
    "eval_ENFERMEDAD_f1": 0.6728166351606806,
    "eval_ENFERMEDAD_number": 12663,
    "eval_ENFERMEDAD_precision": 0.6453905853340103,
    "eval_ENFERMEDAD_recall": 0.7026770907367922,
    "eval_loss": 0.2236238718032837,
    "eval_overall_accuracy": 0.9564360374160262,
    "eval_overall_f1": 0.6728166351606806,
    "eval_overall_precision": 0.6453905853340103,
    "eval_overall_recall": 0.7026770907367922,
    "eval_runtime": 18.9092,
    "eval_samples_per_second": 74.778,
    "eval_steps_per_second": 9.361,
    "overall_accuracy": 0.9584068762749088,
    "overall_f1": 0.6802476780185758,
    "overall_precision": 0.6544739664005719,
    "overall_recall": 0.7081345881139616,
    "total_flos": 5017866589745856.0,
    "train_loss": 0.03461602530538788,
    "train_runtime": 1353.2741,
    "train_samples_per_second": 14.203,
    "train_steps_per_second": 1.781
}