{
    "epoch": 10.0,
    "eval_CALLE_f1": 0.9141583054626532,
    "eval_CALLE_number": 443,
    "eval_CALLE_precision": 0.9030837004405287,
    "eval_CALLE_recall": 0.9255079006772009,
    "eval_CENTRO_SALUD_f1": 0.0,
    "eval_CENTRO_SALUD_number": 2,
    "eval_CENTRO_SALUD_precision": 0.0,
    "eval_CENTRO_SALUD_recall": 0.0,
    "eval_CORREO_ELECTRONICO_f1": 0.9688149688149688,
    "eval_CORREO_ELECTRONICO_number": 238,
    "eval_CORREO_ELECTRONICO_precision": 0.9588477366255144,
    "eval_CORREO_ELECTRONICO_recall": 0.9789915966386554,
    "eval_EDAD_SUJETO_ASISTENCIA_f1": 0.9529298751200769,
    "eval_EDAD_SUJETO_ASISTENCIA_number": 529,
    "eval_EDAD_SUJETO_ASISTENCIA_precision": 0.96875,
    "eval_EDAD_SUJETO_ASISTENCIA_recall": 0.9376181474480151,
    "eval_FAMILIARES_SUJETO_ASISTENCIA_f1": 0.7309644670050762,
    "eval_FAMILIARES_SUJETO_ASISTENCIA_number": 101,
    "eval_FAMILIARES_SUJETO_ASISTENCIA_precision": 0.75,
    "eval_FAMILIARES_SUJETO_ASISTENCIA_recall": 0.7128712871287128,
    "eval_FECHAS_f1": 0.9610561056105611,
    "eval_FECHAS_number": 761,
    "eval_FECHAS_precision": 0.9655172413793104,
    "eval_FECHAS_recall": 0.9566360052562418,
    "eval_HOSPITAL_f1": 0.8874172185430463,
    "eval_HOSPITAL_number": 149,
    "eval_HOSPITAL_precision": 0.8758169934640523,
    "eval_HOSPITAL_recall": 0.8993288590604027,
    "eval_ID_ASEGURAMIENTO_f1": 0.9869451697127937,
    "eval_ID_ASEGURAMIENTO_number": 194,
    "eval_ID_ASEGURAMIENTO_precision": 1.0,
    "eval_ID_ASEGURAMIENTO_recall": 0.9742268041237113,
    "eval_ID_CONTACTO_ASISTENCIAL_f1": 0.9538461538461539,
    "eval_ID_CONTACTO_ASISTENCIAL_number": 33,
    "eval_ID_CONTACTO_ASISTENCIAL_precision": 0.96875,
    "eval_ID_CONTACTO_ASISTENCIAL_recall": 0.9393939393939394,
    "eval_ID_SUJETO_ASISTENCIA_f1": 0.9433962264150944,
    "eval_ID_SUJETO_ASISTENCIA_number": 293,
    "eval_ID_SUJETO_ASISTENCIA_precision": 0.9482758620689655,
    "eval_ID_SUJETO_ASISTENCIA_recall": 0.9385665529010239,
    "eval_ID_TITULACION_PERSONAL_SANITARIO_f1": 0.9605263157894737,
    "eval_ID_TITULACION_PERSONAL_SANITARIO_number": 230,
    "eval_ID_TITULACION_PERSONAL_SANITARIO_precision": 0.9690265486725663,
    "eval_ID_TITULACION_PERSONAL_SANITARIO_recall": 0.9521739130434783,
    "eval_INSTITUCION_f1": 0.6077348066298343,
    "eval_INSTITUCION_number": 81,
    "eval_INSTITUCION_precision": 0.55,
    "eval_INSTITUCION_recall": 0.6790123456790124,
    "eval_NOMBRE_PERSONAL_SANITARIO_f1": 0.9464459591041869,
    "eval_NOMBRE_PERSONAL_SANITARIO_number": 515,
    "eval_NOMBRE_PERSONAL_SANITARIO_precision": 0.94921875,
    "eval_NOMBRE_PERSONAL_SANITARIO_recall": 0.9436893203883495,
    "eval_NOMBRE_SUJETO_ASISTENCIA_f1": 0.9778225806451614,
    "eval_NOMBRE_SUJETO_ASISTENCIA_number": 503,
    "eval_NOMBRE_SUJETO_ASISTENCIA_precision": 0.9918200408997955,
    "eval_NOMBRE_SUJETO_ASISTENCIA_recall": 0.9642147117296223,
    "eval_NUMERO_FAX_f1": 0.2857142857142857,
    "eval_NUMERO_FAX_number": 6,
    "eval_NUMERO_FAX_precision": 1.0,
    "eval_NUMERO_FAX_recall": 0.16666666666666666,
    "eval_NUMERO_TELEFONO_f1": 0.7636363636363636,
    "eval_NUMERO_TELEFONO_number": 25,
    "eval_NUMERO_TELEFONO_precision": 0.7,
    "eval_NUMERO_TELEFONO_recall": 0.84,
    "eval_OTROS_SUJETO_ASISTENCIA_f1": 0.0,
    "eval_OTROS_SUJETO_ASISTENCIA_number": 6,
    "eval_OTROS_SUJETO_ASISTENCIA_precision": 0.0,
    "eval_OTROS_SUJETO_ASISTENCIA_recall": 0.0,
    "eval_PAIS_f1": 0.9710982658959537,
    "eval_PAIS_number": 350,
    "eval_PAIS_precision": 0.9824561403508771,
    "eval_PAIS_recall": 0.96,
    "eval_PROFESION_f1": 0.6,
    "eval_PROFESION_number": 4,
    "eval_PROFESION_precision": 0.5,
    "eval_PROFESION_recall": 0.75,
    "eval_SEXO_SUJETO_ASISTENCIA_f1": 0.9594742606790799,
    "eval_SEXO_SUJETO_ASISTENCIA_number": 462,
    "eval_SEXO_SUJETO_ASISTENCIA_precision": 0.9711751662971175,
    "eval_SEXO_SUJETO_ASISTENCIA_recall": 0.948051948051948,
    "eval_TERRITORIO_f1": 0.9680040629761301,
    "eval_TERRITORIO_number": 988,
    "eval_TERRITORIO_precision": 0.9714576962283384,
    "eval_TERRITORIO_recall": 0.9645748987854251,
    "eval_loss": 0.04686913266777992,
    "eval_overall_accuracy": 0.9918947835917312,
    "eval_overall_f1": 0.9452229299363057,
    "eval_overall_precision": 0.9493346980552713,
    "eval_overall_recall": 0.9411466260781329,
    "eval_runtime": 8.9347,
    "eval_samples_per_second": 53.723,
    "eval_steps_per_second": 6.715
}