{
    "CALLE_f1": 0.9453681710213777,
    "CALLE_number": 415,
    "CALLE_precision": 0.9320843091334895,
    "CALLE_recall": 0.9590361445783132,
    "CENTRO_SALUD_f1": 0.0,
    "CENTRO_SALUD_number": 6,
    "CENTRO_SALUD_precision": 0.0,
    "CENTRO_SALUD_recall": 0.0,
    "CORREO_ELECTRONICO_f1": 0.98828125,
    "CORREO_ELECTRONICO_number": 255,
    "CORREO_ELECTRONICO_precision": 0.9844357976653697,
    "CORREO_ELECTRONICO_recall": 0.9921568627450981,
    "EDAD_SUJETO_ASISTENCIA_f1": 0.982725527831094,
    "EDAD_SUJETO_ASISTENCIA_number": 518,
    "EDAD_SUJETO_ASISTENCIA_precision": 0.9770992366412213,
    "EDAD_SUJETO_ASISTENCIA_recall": 0.9884169884169884,
    "FAMILIARES_SUJETO_ASISTENCIA_f1": 0.6857142857142857,
    "FAMILIARES_SUJETO_ASISTENCIA_number": 81,
    "FAMILIARES_SUJETO_ASISTENCIA_precision": 0.6382978723404256,
    "FAMILIARES_SUJETO_ASISTENCIA_recall": 0.7407407407407407,
    "FECHAS_f1": 0.9918300653594772,
    "FECHAS_number": 611,
    "FECHAS_precision": 0.9902120717781403,
    "FECHAS_recall": 0.9934533551554828,
    "HOSPITAL_f1": 0.9259259259259259,
    "HOSPITAL_number": 131,
    "HOSPITAL_precision": 0.8992805755395683,
    "HOSPITAL_recall": 0.9541984732824428,
    "ID_ASEGURAMIENTO_f1": 0.9974683544303797,
    "ID_ASEGURAMIENTO_number": 198,
    "ID_ASEGURAMIENTO_precision": 1.0,
    "ID_ASEGURAMIENTO_recall": 0.9949494949494949,
    "ID_CONTACTO_ASISTENCIAL_f1": 1.0,
    "ID_CONTACTO_ASISTENCIAL_number": 39,
    "ID_CONTACTO_ASISTENCIAL_precision": 1.0,
    "ID_CONTACTO_ASISTENCIAL_recall": 1.0,
    "ID_SUJETO_ASISTENCIA_f1": 0.9807355516637478,
    "ID_SUJETO_ASISTENCIA_number": 283,
    "ID_SUJETO_ASISTENCIA_precision": 0.9722222222222222,
    "ID_SUJETO_ASISTENCIA_recall": 0.9893992932862191,
    "ID_TITULACION_PERSONAL_SANITARIO_f1": 0.9936305732484078,
    "ID_TITULACION_PERSONAL_SANITARIO_number": 234,
    "ID_TITULACION_PERSONAL_SANITARIO_precision": 0.9873417721518988,
    "ID_TITULACION_PERSONAL_SANITARIO_recall": 1.0,
    "INSTITUCION_f1": 0.43165467625899284,
    "INSTITUCION_number": 68,
    "INSTITUCION_precision": 0.4225352112676056,
    "INSTITUCION_recall": 0.4411764705882353,
    "NOMBRE_PERSONAL_SANITARIO_f1": 0.997020854021847,
    "NOMBRE_PERSONAL_SANITARIO_number": 502,
    "NOMBRE_PERSONAL_SANITARIO_precision": 0.994059405940594,
    "NOMBRE_PERSONAL_SANITARIO_recall": 1.0,
    "NOMBRE_SUJETO_ASISTENCIA_f1": 0.99800796812749,
    "NOMBRE_SUJETO_ASISTENCIA_number": 502,
    "NOMBRE_SUJETO_ASISTENCIA_precision": 0.99800796812749,
    "NOMBRE_SUJETO_ASISTENCIA_recall": 0.99800796812749,
    "NUMERO_FAX_f1": 0.0,
    "NUMERO_FAX_number": 7,
    "NUMERO_FAX_precision": 0.0,
    "NUMERO_FAX_recall": 0.0,
    "NUMERO_TELEFONO_f1": 0.7931034482758621,
    "NUMERO_TELEFONO_number": 26,
    "NUMERO_TELEFONO_precision": 0.71875,
    "NUMERO_TELEFONO_recall": 0.8846153846153846,
    "OTROS_SUJETO_ASISTENCIA_f1": 0.0,
    "OTROS_SUJETO_ASISTENCIA_number": 7,
    "OTROS_SUJETO_ASISTENCIA_precision": 0.0,
    "OTROS_SUJETO_ASISTENCIA_recall": 0.0,
    "PAIS_f1": 0.9808219178082191,
    "PAIS_number": 363,
    "PAIS_precision": 0.9754768392370572,
    "PAIS_recall": 0.9862258953168044,
    "PROFESION_f1": 0.6666666666666667,
    "PROFESION_number": 9,
    "PROFESION_precision": 0.5333333333333333,
    "PROFESION_recall": 0.8888888888888888,
    "SEXO_SUJETO_ASISTENCIA_f1": 0.9827956989247313,
    "SEXO_SUJETO_ASISTENCIA_number": 461,
    "SEXO_SUJETO_ASISTENCIA_precision": 0.9744136460554371,
    "SEXO_SUJETO_ASISTENCIA_recall": 0.9913232104121475,
    "TERRITORIO_f1": 0.9786124152321336,
    "TERRITORIO_number": 956,
    "TERRITORIO_precision": 0.9760665972944849,
    "TERRITORIO_recall": 0.9811715481171548,
    "overall_accuracy": 0.9965085465255015,
    "overall_f1": 0.9673294210388017,
    "overall_precision": 0.96118363794604,
    "overall_recall": 0.9735543018335684
}