{
    "NORMALIZABLES_f1": 0.9098402885110767,
    "NORMALIZABLES_number": 973,
    "NORMALIZABLES_precision": 0.9121900826446281,
    "NORMALIZABLES_recall": 0.9075025693730729,
    "NO_NORMALIZABLES_f1": 0.0,
    "NO_NORMALIZABLES_number": 10,
    "NO_NORMALIZABLES_precision": 0.0,
    "NO_NORMALIZABLES_recall": 0.0,
    "PROTEINAS_f1": 0.8705745792222866,
    "PROTEINAS_number": 840,
    "PROTEINAS_precision": 0.8493771234428086,
    "PROTEINAS_recall": 0.8928571428571429,
    "UNCLEAR_f1": 0.64,
    "UNCLEAR_number": 34,
    "UNCLEAR_precision": 0.5853658536585366,
    "UNCLEAR_recall": 0.7058823529411765,
    "epoch": 10.0,
    "eval_NORMALIZABLES_f1": 0.8968077208611729,
    "eval_NORMALIZABLES_number": 1348,
    "eval_NORMALIZABLES_precision": 0.8974739970282318,
    "eval_NORMALIZABLES_recall": 0.8961424332344213,
    "eval_NO_NORMALIZABLES_f1": 0.13333333333333333,
    "eval_NO_NORMALIZABLES_number": 18,
    "eval_NO_NORMALIZABLES_precision": 0.16666666666666666,
    "eval_NO_NORMALIZABLES_recall": 0.1111111111111111,
    "eval_PROTEINAS_f1": 0.874931129476584,
    "eval_PROTEINAS_number": 887,
    "eval_PROTEINAS_precision": 0.8556034482758621,
    "eval_PROTEINAS_recall": 0.895152198421646,
    "eval_UNCLEAR_f1": 0.7499999999999999,
    "eval_UNCLEAR_number": 45,
    "eval_UNCLEAR_precision": 0.7674418604651163,
    "eval_UNCLEAR_recall": 0.7333333333333333,
    "eval_loss": 0.024014132097363472,
    "eval_overall_accuracy": 0.9955424258034672,
    "eval_overall_f1": 0.8804841149773072,
    "eval_overall_precision": 0.8746243022756548,
    "eval_overall_recall": 0.8864229765013055,
    "eval_runtime": 6.0417,
    "eval_samples_per_second": 77.792,
    "eval_steps_per_second": 9.765,
    "overall_accuracy": 0.9962544363194626,
    "overall_f1": 0.8813829787234042,
    "overall_precision": 0.8707304256437205,
    "overall_recall": 0.8922994076467421,
    "total_flos": 2529166378212864.0,
    "train_loss": 0.019596922693173747,
    "train_runtime": 808.1926,
    "train_samples_per_second": 11.977,
    "train_steps_per_second": 1.497
}