{
    "epoch": 10.0,
    "eval_NORMALIZABLES_f1": 0.8968077208611729,
    "eval_NORMALIZABLES_number": 1348,
    "eval_NORMALIZABLES_precision": 0.8974739970282318,
    "eval_NORMALIZABLES_recall": 0.8961424332344213,
    "eval_NO_NORMALIZABLES_f1": 0.13333333333333333,
    "eval_NO_NORMALIZABLES_number": 18,
    "eval_NO_NORMALIZABLES_precision": 0.16666666666666666,
    "eval_NO_NORMALIZABLES_recall": 0.1111111111111111,
    "eval_PROTEINAS_f1": 0.874931129476584,
    "eval_PROTEINAS_number": 887,
    "eval_PROTEINAS_precision": 0.8556034482758621,
    "eval_PROTEINAS_recall": 0.895152198421646,
    "eval_UNCLEAR_f1": 0.7499999999999999,
    "eval_UNCLEAR_number": 45,
    "eval_UNCLEAR_precision": 0.7674418604651163,
    "eval_UNCLEAR_recall": 0.7333333333333333,
    "eval_loss": 0.024014132097363472,
    "eval_overall_accuracy": 0.9955424258034672,
    "eval_overall_f1": 0.8804841149773072,
    "eval_overall_precision": 0.8746243022756548,
    "eval_overall_recall": 0.8864229765013055,
    "eval_runtime": 6.0417,
    "eval_samples_per_second": 77.792,
    "eval_steps_per_second": 9.765
}