{
    "ENFERMEDAD_f1": 0.7441071091834811,
    "ENFERMEDAD_number": 2561,
    "ENFERMEDAD_precision": 0.7195477753464624,
    "ENFERMEDAD_recall": 0.7704021866458415,
    "epoch": 10.0,
    "eval_ENFERMEDAD_f1": 0.7342913496759651,
    "eval_ENFERMEDAD_number": 1700,
    "eval_ENFERMEDAD_precision": 0.7047052460789616,
    "eval_ENFERMEDAD_recall": 0.7664705882352941,
    "eval_loss": 0.1579180508852005,
    "eval_overall_accuracy": 0.9698599349841474,
    "eval_overall_f1": 0.7342913496759651,
    "eval_overall_precision": 0.7047052460789616,
    "eval_overall_recall": 0.7664705882352941,
    "eval_runtime": 3.4988,
    "eval_samples_per_second": 59.734,
    "eval_steps_per_second": 7.717,
    "overall_accuracy": 0.9704206549338174,
    "overall_f1": 0.7441071091834811,
    "overall_precision": 0.7195477753464624,
    "overall_recall": 0.7704021866458415,
    "total_flos": 2155211465564736.0,
    "train_loss": 0.028585547079833653,
    "train_runtime": 731.8296,
    "train_samples_per_second": 11.341,
    "train_steps_per_second": 1.421
}