{
    "epoch": 10.0,
    "eval_ENFERMEDAD_f1": 0.7342913496759651,
    "eval_ENFERMEDAD_number": 1700,
    "eval_ENFERMEDAD_precision": 0.7047052460789616,
    "eval_ENFERMEDAD_recall": 0.7664705882352941,
    "eval_loss": 0.1579180508852005,
    "eval_overall_accuracy": 0.9698599349841474,
    "eval_overall_f1": 0.7342913496759651,
    "eval_overall_precision": 0.7047052460789616,
    "eval_overall_recall": 0.7664705882352941,
    "eval_runtime": 3.4988,
    "eval_samples_per_second": 59.734,
    "eval_steps_per_second": 7.717
}