{
    "ACTIVIDAD_f1": 0.4489795918367347,
    "ACTIVIDAD_number": 28,
    "ACTIVIDAD_precision": 0.5238095238095238,
    "ACTIVIDAD_recall": 0.39285714285714285,
    "PROFESION_f1": 0.8284697508896797,
    "PROFESION_number": 695,
    "PROFESION_precision": 0.819718309859155,
    "PROFESION_recall": 0.837410071942446,
    "SITUACION_LABORAL_f1": 0.5880597014925373,
    "SITUACION_LABORAL_number": 356,
    "SITUACION_LABORAL_precision": 0.6273885350318471,
    "SITUACION_LABORAL_recall": 0.5533707865168539,
    "overall_accuracy": 0.9959263209071091,
    "overall_f1": 0.7438794726930319,
    "overall_precision": 0.7559808612440191,
    "overall_recall": 0.732159406858202
}