{
    "epoch": 9.923694779116467,
    "total_flos": 1.003105633827144e+16,
    "train_loss": 0.011441048126547568,
    "train_runtime": 1802.2651,
    "train_samples_per_second": 5.51,
    "train_steps_per_second": 0.688
}