{
    "PROCEDIMIENTO_f1": 0.757040830076809,
    "PROCEDIMIENTO_number": 3542,
    "PROCEDIMIENTO_precision": 0.7241557102345966,
    "PROCEDIMIENTO_recall": 0.7930547713156408,
    "epoch": 9.746666666666666,
    "eval_PROCEDIMIENTO_f1": 0.7628013777267508,
    "eval_PROCEDIMIENTO_number": 2084,
    "eval_PROCEDIMIENTO_precision": 0.7313958608542492,
    "eval_PROCEDIMIENTO_recall": 0.7970249520153551,
    "eval_loss": 0.15704907476902008,
    "eval_overall_accuracy": 0.967312366287785,
    "eval_overall_f1": 0.7628013777267508,
    "eval_overall_precision": 0.7313958608542492,
    "eval_overall_recall": 0.7970249520153551,
    "eval_runtime": 5.3888,
    "eval_samples_per_second": 27.835,
    "eval_steps_per_second": 7.052,
    "overall_accuracy": 0.9653662284445962,
    "overall_f1": 0.757040830076809,
    "overall_precision": 0.7241557102345966,
    "overall_recall": 0.7930547713156408,
    "total_flos": 2712594530204496.0,
    "train_loss": 0.05886561935012405,
    "train_runtime": 1042.9156,
    "train_samples_per_second": 5.744,
    "train_steps_per_second": 0.355
}