{
    "epoch": 9.746666666666666,
    "eval_PROCEDIMIENTO_f1": 0.7628013777267508,
    "eval_PROCEDIMIENTO_number": 2084,
    "eval_PROCEDIMIENTO_precision": 0.7313958608542492,
    "eval_PROCEDIMIENTO_recall": 0.7970249520153551,
    "eval_loss": 0.15704907476902008,
    "eval_overall_accuracy": 0.967312366287785,
    "eval_overall_f1": 0.7628013777267508,
    "eval_overall_precision": 0.7313958608542492,
    "eval_overall_recall": 0.7970249520153551,
    "eval_runtime": 5.3888,
    "eval_samples_per_second": 27.835,
    "eval_steps_per_second": 7.052
}