{
    "DIAGNOSTICO_f1": 0.6816093554225254,
    "DIAGNOSTICO_number": 3491,
    "DIAGNOSTICO_precision": 0.6630552546045504,
    "DIAGNOSTICO_recall": 0.7012317387568032,
    "PROCEDIMIENTO_f1": 0.5805184603299293,
    "PROCEDIMIENTO_number": 1241,
    "PROCEDIMIENTO_precision": 0.5662835249042145,
    "PROCEDIMIENTO_recall": 0.5954875100725222,
    "overall_accuracy": 0.9544507319056655,
    "overall_f1": 0.6551546921574674,
    "overall_precision": 0.6377826696017611,
    "overall_recall": 0.6734995773457312
}