{
    "PROCEDIMIENTO_f1": 0.7609418651057603,
    "PROCEDIMIENTO_number": 3648,
    "PROCEDIMIENTO_precision": 0.7392090979581287,
    "PROCEDIMIENTO_recall": 0.7839912280701754,
    "epoch": 10.0,
    "eval_PROCEDIMIENTO_f1": 0.7641802641802641,
    "eval_PROCEDIMIENTO_number": 2491,
    "eval_PROCEDIMIENTO_precision": 0.7403086187429432,
    "eval_PROCEDIMIENTO_recall": 0.7896427137695704,
    "eval_loss": 0.25530555844306946,
    "eval_overall_accuracy": 0.9637009114661241,
    "eval_overall_f1": 0.7641802641802641,
    "eval_overall_precision": 0.7403086187429432,
    "eval_overall_recall": 0.7896427137695704,
    "eval_runtime": 5.9212,
    "eval_samples_per_second": 42.39,
    "eval_steps_per_second": 5.404,
    "overall_accuracy": 0.9628520960586816,
    "overall_f1": 0.7609418651057603,
    "overall_precision": 0.7392090979581287,
    "overall_recall": 0.7839912280701754,
    "total_flos": 9791608682243184.0,
    "train_loss": 0.04054793525825847,
    "train_runtime": 1770.9682,
    "train_samples_per_second": 5.957,
    "train_steps_per_second": 0.745
}