{
    "DIAGNOSTICO_f1": 0.6786421499292787,
    "DIAGNOSTICO_number": 3494,
    "DIAGNOSTICO_precision": 0.6708612975391499,
    "DIAGNOSTICO_recall": 0.6866056096164854,
    "PROCEDIMIENTO_f1": 0.5967268149391524,
    "PROCEDIMIENTO_number": 1243,
    "PROCEDIMIENTO_precision": 0.6236842105263158,
    "PROCEDIMIENTO_recall": 0.5720032180209171,
    "overall_accuracy": 0.9565896857093246,
    "overall_f1": 0.6579921717973131,
    "overall_precision": 0.6594571670907549,
    "overall_recall": 0.6565336710998523
}