{
    "FAMILIAR_f1": 0.2830188679245283,
    "FAMILIAR_number": 51,
    "FAMILIAR_precision": 0.2727272727272727,
    "FAMILIAR_recall": 0.29411764705882354,
    "OTROS_f1": 0.563380281690141,
    "OTROS_number": 146,
    "OTROS_precision": 0.5797101449275363,
    "OTROS_recall": 0.547945205479452,
    "PACIENTE_f1": 0.5489864864864865,
    "PACIENTE_number": 590,
    "PACIENTE_precision": 0.5471380471380471,
    "PACIENTE_recall": 0.5508474576271186,
    "SANITARIO_f1": 0.8674304418985271,
    "SANITARIO_number": 291,
    "SANITARIO_precision": 0.828125,
    "SANITARIO_recall": 0.9106529209621993,
    "epoch": 10.0,
    "eval_FAMILIAR_f1": 0.35772357723577236,
    "eval_FAMILIAR_number": 56,
    "eval_FAMILIAR_precision": 0.3283582089552239,
    "eval_FAMILIAR_recall": 0.39285714285714285,
    "eval_OTROS_f1": 0.694006309148265,
    "eval_OTROS_number": 162,
    "eval_OTROS_precision": 0.7096774193548387,
    "eval_OTROS_recall": 0.6790123456790124,
    "eval_PACIENTE_f1": 0.5505761843790012,
    "eval_PACIENTE_number": 362,
    "eval_PACIENTE_precision": 0.513126491646778,
    "eval_PACIENTE_recall": 0.5939226519337016,
    "eval_SANITARIO_f1": 0.8586206896551724,
    "eval_SANITARIO_number": 277,
    "eval_SANITARIO_precision": 0.8217821782178217,
    "eval_SANITARIO_recall": 0.8989169675090253,
    "eval_loss": 0.01992451213300228,
    "eval_overall_accuracy": 0.9959054359506428,
    "eval_overall_f1": 0.6618545252637423,
    "eval_overall_precision": 0.6313559322033898,
    "eval_overall_recall": 0.6954492415402567,
    "eval_runtime": 8.3238,
    "eval_samples_per_second": 74.845,
    "eval_steps_per_second": 2.403,
    "overall_accuracy": 0.9943933001897652,
    "overall_f1": 0.6270022883295195,
    "overall_precision": 0.6187895212285456,
    "overall_recall": 0.6354359925788498,
    "total_flos": 6963999266764800.0,
    "train_loss": 0.021294619923546202,
    "train_runtime": 1049.0832,
    "train_samples_per_second": 25.403,
    "train_steps_per_second": 0.801
}