{
    "epoch": 10.0,
    "eval_FAMILIAR_f1": 0.35772357723577236,
    "eval_FAMILIAR_number": 56,
    "eval_FAMILIAR_precision": 0.3283582089552239,
    "eval_FAMILIAR_recall": 0.39285714285714285,
    "eval_OTROS_f1": 0.694006309148265,
    "eval_OTROS_number": 162,
    "eval_OTROS_precision": 0.7096774193548387,
    "eval_OTROS_recall": 0.6790123456790124,
    "eval_PACIENTE_f1": 0.5505761843790012,
    "eval_PACIENTE_number": 362,
    "eval_PACIENTE_precision": 0.513126491646778,
    "eval_PACIENTE_recall": 0.5939226519337016,
    "eval_SANITARIO_f1": 0.8586206896551724,
    "eval_SANITARIO_number": 277,
    "eval_SANITARIO_precision": 0.8217821782178217,
    "eval_SANITARIO_recall": 0.8989169675090253,
    "eval_loss": 0.01992451213300228,
    "eval_overall_accuracy": 0.9959054359506428,
    "eval_overall_f1": 0.6618545252637423,
    "eval_overall_precision": 0.6313559322033898,
    "eval_overall_recall": 0.6954492415402567,
    "eval_runtime": 8.3238,
    "eval_samples_per_second": 74.845,
    "eval_steps_per_second": 2.403
}