{
    "PROCEDIMIENTO_f1": 0.7575550389716942,
    "PROCEDIMIENTO_number": 3542,
    "PROCEDIMIENTO_precision": 0.7345531689207107,
    "PROCEDIMIENTO_recall": 0.7820440429136082,
    "epoch": 10.0,
    "eval_PROCEDIMIENTO_f1": 0.765498652291105,
    "eval_PROCEDIMIENTO_number": 2330,
    "eval_PROCEDIMIENTO_precision": 0.7404733253108704,
    "eval_PROCEDIMIENTO_recall": 0.792274678111588,
    "eval_loss": 0.18356655538082123,
    "eval_overall_accuracy": 0.9657390374052475,
    "eval_overall_f1": 0.765498652291105,
    "eval_overall_precision": 0.7404733253108704,
    "eval_overall_recall": 0.792274678111588,
    "eval_runtime": 2.7866,
    "eval_samples_per_second": 76.078,
    "eval_steps_per_second": 5.024,
    "overall_accuracy": 0.9646235274031074,
    "overall_f1": 0.7575550389716942,
    "overall_precision": 0.7345531689207107,
    "overall_recall": 0.7820440429136082,
    "total_flos": 2210525222840064.0,
    "train_loss": 0.04832290180449216,
    "train_runtime": 497.1433,
    "train_samples_per_second": 17.017,
    "train_steps_per_second": 1.066
}