{
    "epoch": 10.0,
    "eval_PROCEDIMIENTO_f1": 0.765498652291105,
    "eval_PROCEDIMIENTO_number": 2330,
    "eval_PROCEDIMIENTO_precision": 0.7404733253108704,
    "eval_PROCEDIMIENTO_recall": 0.792274678111588,
    "eval_loss": 0.18356655538082123,
    "eval_overall_accuracy": 0.9657390374052475,
    "eval_overall_f1": 0.765498652291105,
    "eval_overall_precision": 0.7404733253108704,
    "eval_overall_recall": 0.792274678111588,
    "eval_runtime": 2.7866,
    "eval_samples_per_second": 76.078,
    "eval_steps_per_second": 5.024
}