{
    "epoch": 10.0,
    "eval_PROCEDIMIENTO_f1": 0.7613518556914782,
    "eval_PROCEDIMIENTO_number": 2330,
    "eval_PROCEDIMIENTO_precision": 0.7364620938628159,
    "eval_PROCEDIMIENTO_recall": 0.7879828326180257,
    "eval_loss": 0.181381493806839,
    "eval_overall_accuracy": 0.9664696596083343,
    "eval_overall_f1": 0.7613518556914782,
    "eval_overall_precision": 0.7364620938628159,
    "eval_overall_recall": 0.7879828326180257,
    "eval_runtime": 2.7936,
    "eval_samples_per_second": 75.888,
    "eval_steps_per_second": 5.011
}