{
    "PROCEDIMIENTO_f1": 0.7555196553581045,
    "PROCEDIMIENTO_number": 3542,
    "PROCEDIMIENTO_precision": 0.7220792588780237,
    "PROCEDIMIENTO_recall": 0.7922077922077922,
    "epoch": 9.746666666666666,
    "eval_PROCEDIMIENTO_f1": 0.7547602661160816,
    "eval_PROCEDIMIENTO_number": 2084,
    "eval_PROCEDIMIENTO_precision": 0.7230769230769231,
    "eval_PROCEDIMIENTO_recall": 0.7893474088291746,
    "eval_loss": 0.15663784742355347,
    "eval_overall_accuracy": 0.9667884327109196,
    "eval_overall_f1": 0.7547602661160816,
    "eval_overall_precision": 0.7230769230769231,
    "eval_overall_recall": 0.7893474088291746,
    "eval_runtime": 5.3378,
    "eval_samples_per_second": 28.102,
    "eval_steps_per_second": 7.119,
    "overall_accuracy": 0.964922315178419,
    "overall_f1": 0.7555196553581045,
    "overall_precision": 0.7220792588780237,
    "overall_recall": 0.7922077922077922,
    "total_flos": 2712594530204496.0,
    "train_loss": 0.06392650604248047,
    "train_runtime": 1026.9214,
    "train_samples_per_second": 5.833,
    "train_steps_per_second": 0.36
}