{
    "epoch": 9.746666666666666,
    "eval_PROCEDIMIENTO_f1": 0.7547602661160816,
    "eval_PROCEDIMIENTO_number": 2084,
    "eval_PROCEDIMIENTO_precision": 0.7230769230769231,
    "eval_PROCEDIMIENTO_recall": 0.7893474088291746,
    "eval_loss": 0.15663784742355347,
    "eval_overall_accuracy": 0.9667884327109196,
    "eval_overall_f1": 0.7547602661160816,
    "eval_overall_precision": 0.7230769230769231,
    "eval_overall_recall": 0.7893474088291746,
    "eval_runtime": 5.3378,
    "eval_samples_per_second": 28.102,
    "eval_steps_per_second": 7.119
}