{
    "PROCEDIMIENTO_f1": 0.7555196553581045,
    "PROCEDIMIENTO_number": 3542,
    "PROCEDIMIENTO_precision": 0.7220792588780237,
    "PROCEDIMIENTO_recall": 0.7922077922077922,
    "overall_accuracy": 0.964922315178419,
    "overall_f1": 0.7555196553581045,
    "overall_precision": 0.7220792588780237,
    "overall_recall": 0.7922077922077922
}