{
    "epoch": 9.746666666666666,
    "total_flos": 2712594530204496.0,
    "train_loss": 0.06392650604248047,
    "train_runtime": 1026.9214,
    "train_samples_per_second": 5.833,
    "train_steps_per_second": 0.36
}