{
    "SINTOMA_f1": 0.6796543597800471,
    "SINTOMA_number": 3098,
    "SINTOMA_precision": 0.6620752984389348,
    "SINTOMA_recall": 0.6981923821820529,
    "epoch": 10.0,
    "eval_SINTOMA_f1": 0.6680771039022098,
    "eval_SINTOMA_number": 2009,
    "eval_SINTOMA_precision": 0.6329621380846325,
    "eval_SINTOMA_recall": 0.7073170731707317,
    "eval_loss": 0.27426964044570923,
    "eval_overall_accuracy": 0.9436574767387622,
    "eval_overall_f1": 0.6680771039022098,
    "eval_overall_precision": 0.6329621380846325,
    "eval_overall_recall": 0.7073170731707317,
    "eval_runtime": 4.4237,
    "eval_samples_per_second": 49.506,
    "eval_steps_per_second": 6.33,
    "overall_accuracy": 0.9414259163925415,
    "overall_f1": 0.6796543597800471,
    "overall_precision": 0.6620752984389348,
    "overall_recall": 0.6981923821820529,
    "total_flos": 2114309987827488.0,
    "train_loss": 0.08823055125334683,
    "train_runtime": 846.1559,
    "train_samples_per_second": 9.62,
    "train_steps_per_second": 1.205
}