{
    "epoch": 10.0,
    "eval_SINTOMA_f1": 0.6680771039022098,
    "eval_SINTOMA_number": 2009,
    "eval_SINTOMA_precision": 0.6329621380846325,
    "eval_SINTOMA_recall": 0.7073170731707317,
    "eval_loss": 0.27426964044570923,
    "eval_overall_accuracy": 0.9436574767387622,
    "eval_overall_f1": 0.6680771039022098,
    "eval_overall_precision": 0.6329621380846325,
    "eval_overall_recall": 0.7073170731707317,
    "eval_runtime": 4.4237,
    "eval_samples_per_second": 49.506,
    "eval_steps_per_second": 6.33
}