{
    "ENFERMEDAD_f1": 0.725660447071864,
    "ENFERMEDAD_number": 7784,
    "ENFERMEDAD_precision": 0.6968657599053815,
    "ENFERMEDAD_recall": 0.7569373072970196,
    "epoch": 10.0,
    "eval_ENFERMEDAD_f1": 0.7267444629673733,
    "eval_ENFERMEDAD_number": 10184,
    "eval_ENFERMEDAD_precision": 0.7056701507723615,
    "eval_ENFERMEDAD_recall": 0.7491162608012569,
    "eval_loss": 0.2032172679901123,
    "eval_overall_accuracy": 0.9665946240846046,
    "eval_overall_f1": 0.7267444629673733,
    "eval_overall_precision": 0.7056701507723615,
    "eval_overall_recall": 0.7491162608012569,
    "eval_runtime": 16.6177,
    "eval_samples_per_second": 15.526,
    "eval_steps_per_second": 3.911,
    "overall_accuracy": 0.9663756477279821,
    "overall_f1": 0.725660447071864,
    "overall_precision": 0.6968657599053815,
    "overall_recall": 0.7569373072970196,
    "total_flos": 4615462244332800.0,
    "train_loss": 0.030098020029067994,
    "train_runtime": 1310.134,
    "train_samples_per_second": 7.633,
    "train_steps_per_second": 0.954
}