{
    "FARMACO_f1": 0.9056924384027188,
    "FARMACO_number": 1717,
    "FARMACO_precision": 0.8814773980154355,
    "FARMACO_recall": 0.9312754804892254,
    "epoch": 10.0,
    "eval_FARMACO_f1": 0.890413144042112,
    "eval_FARMACO_number": 3060,
    "eval_FARMACO_precision": 0.869741352446245,
    "eval_FARMACO_recall": 0.9120915032679738,
    "eval_loss": 0.011676267720758915,
    "eval_overall_accuracy": 0.9979890591536201,
    "eval_overall_f1": 0.890413144042112,
    "eval_overall_precision": 0.869741352446245,
    "eval_overall_recall": 0.9120915032679738,
    "eval_runtime": 14.944,
    "eval_samples_per_second": 69.861,
    "eval_steps_per_second": 8.766,
    "overall_accuracy": 0.9982289137227971,
    "overall_f1": 0.9056924384027188,
    "overall_precision": 0.8814773980154355,
    "overall_recall": 0.9312754804892254,
    "total_flos": 3679026272204544.0,
    "train_loss": 0.003006369635734833,
    "train_runtime": 847.688,
    "train_samples_per_second": 16.716,
    "train_steps_per_second": 2.1
}