{
    "FARMACO_f1": 0.9056924384027188,
    "FARMACO_number": 1717,
    "FARMACO_precision": 0.8814773980154355,
    "FARMACO_recall": 0.9312754804892254,
    "overall_accuracy": 0.9982289137227971,
    "overall_f1": 0.9056924384027188,
    "overall_precision": 0.8814773980154355,
    "overall_recall": 0.9312754804892254
}