{
    "NORMALIZABLES_f1": 0.9236180904522612,
    "NORMALIZABLES_number": 990,
    "NORMALIZABLES_precision": 0.919,
    "NORMALIZABLES_recall": 0.9282828282828283,
    "NO_NORMALIZABLES_f1": 0.0,
    "NO_NORMALIZABLES_number": 10,
    "NO_NORMALIZABLES_precision": 0.0,
    "NO_NORMALIZABLES_recall": 0.0,
    "PROTEINAS_f1": 0.8866995073891627,
    "PROTEINAS_number": 895,
    "PROTEINAS_precision": 0.869098712446352,
    "PROTEINAS_recall": 0.9050279329608939,
    "UNCLEAR_f1": 0.7397260273972601,
    "UNCLEAR_number": 35,
    "UNCLEAR_precision": 0.7105263157894737,
    "UNCLEAR_recall": 0.7714285714285715,
    "epoch": 10.0,
    "eval_NORMALIZABLES_f1": 0.9090909090909092,
    "eval_NORMALIZABLES_number": 1344,
    "eval_NORMALIZABLES_precision": 0.9030837004405287,
    "eval_NORMALIZABLES_recall": 0.9151785714285714,
    "eval_NO_NORMALIZABLES_f1": 0.1739130434782609,
    "eval_NO_NORMALIZABLES_number": 17,
    "eval_NO_NORMALIZABLES_precision": 0.3333333333333333,
    "eval_NO_NORMALIZABLES_recall": 0.11764705882352941,
    "eval_PROTEINAS_f1": 0.8723972237052855,
    "eval_PROTEINAS_number": 921,
    "eval_PROTEINAS_precision": 0.8581932773109243,
    "eval_PROTEINAS_recall": 0.8870792616720955,
    "eval_UNCLEAR_f1": 0.8256880733944953,
    "eval_UNCLEAR_number": 50,
    "eval_UNCLEAR_precision": 0.7627118644067796,
    "eval_UNCLEAR_recall": 0.9,
    "eval_loss": 0.030438527464866638,
    "eval_overall_accuracy": 0.9948387174483871,
    "eval_overall_f1": 0.888983230736574,
    "eval_overall_precision": 0.880201765447667,
    "eval_overall_recall": 0.8979416809605489,
    "eval_runtime": 9.7672,
    "eval_samples_per_second": 42.694,
    "eval_steps_per_second": 5.426,
    "overall_accuracy": 0.9956976029502151,
    "overall_f1": 0.8986693961105424,
    "overall_precision": 0.8877654196157735,
    "overall_recall": 0.9098445595854923,
    "total_flos": 8139961707238272.0,
    "train_loss": 0.013205443326045166,
    "train_runtime": 1769.0283,
    "train_samples_per_second": 4.958,
    "train_steps_per_second": 0.622
}