{
    "epoch": 10.0,
    "eval_NORMALIZABLES_f1": 0.9090909090909092,
    "eval_NORMALIZABLES_number": 1344,
    "eval_NORMALIZABLES_precision": 0.9030837004405287,
    "eval_NORMALIZABLES_recall": 0.9151785714285714,
    "eval_NO_NORMALIZABLES_f1": 0.1739130434782609,
    "eval_NO_NORMALIZABLES_number": 17,
    "eval_NO_NORMALIZABLES_precision": 0.3333333333333333,
    "eval_NO_NORMALIZABLES_recall": 0.11764705882352941,
    "eval_PROTEINAS_f1": 0.8723972237052855,
    "eval_PROTEINAS_number": 921,
    "eval_PROTEINAS_precision": 0.8581932773109243,
    "eval_PROTEINAS_recall": 0.8870792616720955,
    "eval_UNCLEAR_f1": 0.8256880733944953,
    "eval_UNCLEAR_number": 50,
    "eval_UNCLEAR_precision": 0.7627118644067796,
    "eval_UNCLEAR_recall": 0.9,
    "eval_loss": 0.030438527464866638,
    "eval_overall_accuracy": 0.9948387174483871,
    "eval_overall_f1": 0.888983230736574,
    "eval_overall_precision": 0.880201765447667,
    "eval_overall_recall": 0.8979416809605489,
    "eval_runtime": 9.7672,
    "eval_samples_per_second": 42.694,
    "eval_steps_per_second": 5.426
}