{
    "CALLE_f1": 0.9473684210526315,
    "CALLE_number": 413,
    "CALLE_precision": 0.9361702127659575,
    "CALLE_recall": 0.9588377723970944,
    "CENTRO_SALUD_f1": 0.9090909090909091,
    "CENTRO_SALUD_number": 6,
    "CENTRO_SALUD_precision": 1.0,
    "CENTRO_SALUD_recall": 0.8333333333333334,
    "CORREO_ELECTRONICO_f1": 0.9900199600798402,
    "CORREO_ELECTRONICO_number": 249,
    "CORREO_ELECTRONICO_precision": 0.9841269841269841,
    "CORREO_ELECTRONICO_recall": 0.9959839357429718,
    "EDAD_SUJETO_ASISTENCIA_f1": 0.9817833173537872,
    "EDAD_SUJETO_ASISTENCIA_number": 518,
    "EDAD_SUJETO_ASISTENCIA_precision": 0.9752380952380952,
    "EDAD_SUJETO_ASISTENCIA_recall": 0.9884169884169884,
    "FAMILIARES_SUJETO_ASISTENCIA_f1": 0.7209302325581395,
    "FAMILIARES_SUJETO_ASISTENCIA_number": 81,
    "FAMILIARES_SUJETO_ASISTENCIA_precision": 0.6813186813186813,
    "FAMILIARES_SUJETO_ASISTENCIA_recall": 0.7654320987654321,
    "FECHAS_f1": 0.9877350776778414,
    "FECHAS_number": 611,
    "FECHAS_precision": 0.9869281045751634,
    "FECHAS_recall": 0.9885433715220949,
    "HOSPITAL_f1": 0.9015151515151514,
    "HOSPITAL_number": 130,
    "HOSPITAL_precision": 0.8880597014925373,
    "HOSPITAL_recall": 0.9153846153846154,
    "ID_ASEGURAMIENTO_f1": 0.9974683544303797,
    "ID_ASEGURAMIENTO_number": 198,
    "ID_ASEGURAMIENTO_precision": 1.0,
    "ID_ASEGURAMIENTO_recall": 0.9949494949494949,
    "ID_CONTACTO_ASISTENCIAL_f1": 1.0,
    "ID_CONTACTO_ASISTENCIAL_number": 39,
    "ID_CONTACTO_ASISTENCIAL_precision": 1.0,
    "ID_CONTACTO_ASISTENCIAL_recall": 1.0,
    "ID_SUJETO_ASISTENCIA_f1": 0.9790940766550522,
    "ID_SUJETO_ASISTENCIA_number": 283,
    "ID_SUJETO_ASISTENCIA_precision": 0.9656357388316151,
    "ID_SUJETO_ASISTENCIA_recall": 0.9929328621908127,
    "ID_TITULACION_PERSONAL_SANITARIO_f1": 0.9978678038379531,
    "ID_TITULACION_PERSONAL_SANITARIO_number": 234,
    "ID_TITULACION_PERSONAL_SANITARIO_precision": 0.9957446808510638,
    "ID_TITULACION_PERSONAL_SANITARIO_recall": 1.0,
    "INSTITUCION_f1": 0.5547445255474451,
    "INSTITUCION_number": 67,
    "INSTITUCION_precision": 0.5428571428571428,
    "INSTITUCION_recall": 0.5671641791044776,
    "NOMBRE_PERSONAL_SANITARIO_f1": 0.9930348258706468,
    "NOMBRE_PERSONAL_SANITARIO_number": 501,
    "NOMBRE_PERSONAL_SANITARIO_precision": 0.9900793650793651,
    "NOMBRE_PERSONAL_SANITARIO_recall": 0.9960079840319361,
    "NOMBRE_SUJETO_ASISTENCIA_f1": 1.0,
    "NOMBRE_SUJETO_ASISTENCIA_number": 502,
    "NOMBRE_SUJETO_ASISTENCIA_precision": 1.0,
    "NOMBRE_SUJETO_ASISTENCIA_recall": 1.0,
    "NUMERO_FAX_f1": 0.7692307692307692,
    "NUMERO_FAX_number": 7,
    "NUMERO_FAX_precision": 0.8333333333333334,
    "NUMERO_FAX_recall": 0.7142857142857143,
    "NUMERO_TELEFONO_f1": 0.9615384615384616,
    "NUMERO_TELEFONO_number": 26,
    "NUMERO_TELEFONO_precision": 0.9615384615384616,
    "NUMERO_TELEFONO_recall": 0.9615384615384616,
    "OTROS_SUJETO_ASISTENCIA_f1": 0.0,
    "OTROS_SUJETO_ASISTENCIA_number": 7,
    "OTROS_SUJETO_ASISTENCIA_precision": 0.0,
    "OTROS_SUJETO_ASISTENCIA_recall": 0.0,
    "PAIS_f1": 0.9876543209876544,
    "PAIS_number": 363,
    "PAIS_precision": 0.9836065573770492,
    "PAIS_recall": 0.9917355371900827,
    "PROFESION_f1": 0.5925925925925926,
    "PROFESION_number": 9,
    "PROFESION_precision": 0.4444444444444444,
    "PROFESION_recall": 0.8888888888888888,
    "SEXO_SUJETO_ASISTENCIA_f1": 0.9892008639308855,
    "SEXO_SUJETO_ASISTENCIA_number": 461,
    "SEXO_SUJETO_ASISTENCIA_precision": 0.9849462365591398,
    "SEXO_SUJETO_ASISTENCIA_recall": 0.9934924078091106,
    "TERRITORIO_f1": 0.9682457053617907,
    "TERRITORIO_number": 956,
    "TERRITORIO_precision": 0.9637305699481865,
    "TERRITORIO_recall": 0.9728033472803347,
    "epoch": 9.848,
    "eval_CALLE_f1": 0.9252013808975834,
    "eval_CALLE_number": 434,
    "eval_CALLE_precision": 0.9241379310344827,
    "eval_CALLE_recall": 0.9262672811059908,
    "eval_CENTRO_SALUD_f1": 0.0,
    "eval_CENTRO_SALUD_number": 2,
    "eval_CENTRO_SALUD_precision": 0.0,
    "eval_CENTRO_SALUD_recall": 0.0,
    "eval_CORREO_ELECTRONICO_f1": 0.9768421052631578,
    "eval_CORREO_ELECTRONICO_number": 235,
    "eval_CORREO_ELECTRONICO_precision": 0.9666666666666667,
    "eval_CORREO_ELECTRONICO_recall": 0.9872340425531915,
    "eval_EDAD_SUJETO_ASISTENCIA_f1": 0.9686888454011741,
    "eval_EDAD_SUJETO_ASISTENCIA_number": 521,
    "eval_EDAD_SUJETO_ASISTENCIA_precision": 0.9880239520958084,
    "eval_EDAD_SUJETO_ASISTENCIA_recall": 0.9500959692898272,
    "eval_FAMILIARES_SUJETO_ASISTENCIA_f1": 0.7403314917127071,
    "eval_FAMILIARES_SUJETO_ASISTENCIA_number": 92,
    "eval_FAMILIARES_SUJETO_ASISTENCIA_precision": 0.7528089887640449,
    "eval_FAMILIARES_SUJETO_ASISTENCIA_recall": 0.7282608695652174,
    "eval_FECHAS_f1": 0.9658536585365854,
    "eval_FECHAS_number": 724,
    "eval_FECHAS_precision": 0.9746835443037974,
    "eval_FECHAS_recall": 0.9571823204419889,
    "eval_HOSPITAL_f1": 0.9,
    "eval_HOSPITAL_number": 140,
    "eval_HOSPITAL_precision": 0.9,
    "eval_HOSPITAL_recall": 0.9,
    "eval_ID_ASEGURAMIENTO_f1": 0.9869451697127937,
    "eval_ID_ASEGURAMIENTO_number": 194,
    "eval_ID_ASEGURAMIENTO_precision": 1.0,
    "eval_ID_ASEGURAMIENTO_recall": 0.9742268041237113,
    "eval_ID_CONTACTO_ASISTENCIAL_f1": 0.96875,
    "eval_ID_CONTACTO_ASISTENCIAL_number": 32,
    "eval_ID_CONTACTO_ASISTENCIAL_precision": 0.96875,
    "eval_ID_CONTACTO_ASISTENCIAL_recall": 0.96875,
    "eval_ID_SUJETO_ASISTENCIA_f1": 0.9450171821305842,
    "eval_ID_SUJETO_ASISTENCIA_number": 292,
    "eval_ID_SUJETO_ASISTENCIA_precision": 0.9482758620689655,
    "eval_ID_SUJETO_ASISTENCIA_recall": 0.9417808219178082,
    "eval_ID_TITULACION_PERSONAL_SANITARIO_f1": 0.9755011135857461,
    "eval_ID_TITULACION_PERSONAL_SANITARIO_number": 226,
    "eval_ID_TITULACION_PERSONAL_SANITARIO_precision": 0.9820627802690582,
    "eval_ID_TITULACION_PERSONAL_SANITARIO_recall": 0.9690265486725663,
    "eval_INSTITUCION_f1": 0.7160493827160493,
    "eval_INSTITUCION_number": 72,
    "eval_INSTITUCION_precision": 0.6444444444444445,
    "eval_INSTITUCION_recall": 0.8055555555555556,
    "eval_NOMBRE_PERSONAL_SANITARIO_f1": 0.9625884732052579,
    "eval_NOMBRE_PERSONAL_SANITARIO_number": 497,
    "eval_NOMBRE_PERSONAL_SANITARIO_precision": 0.967479674796748,
    "eval_NOMBRE_PERSONAL_SANITARIO_recall": 0.9577464788732394,
    "eval_NOMBRE_SUJETO_ASISTENCIA_f1": 0.9788092835519676,
    "eval_NOMBRE_SUJETO_ASISTENCIA_number": 503,
    "eval_NOMBRE_SUJETO_ASISTENCIA_precision": 0.9938524590163934,
    "eval_NOMBRE_SUJETO_ASISTENCIA_recall": 0.9642147117296223,
    "eval_NUMERO_FAX_f1": 0.9090909090909091,
    "eval_NUMERO_FAX_number": 6,
    "eval_NUMERO_FAX_precision": 1.0,
    "eval_NUMERO_FAX_recall": 0.8333333333333334,
    "eval_NUMERO_TELEFONO_f1": 0.9199999999999999,
    "eval_NUMERO_TELEFONO_number": 24,
    "eval_NUMERO_TELEFONO_precision": 0.8846153846153846,
    "eval_NUMERO_TELEFONO_recall": 0.9583333333333334,
    "eval_OTROS_SUJETO_ASISTENCIA_f1": 0.0,
    "eval_OTROS_SUJETO_ASISTENCIA_number": 6,
    "eval_OTROS_SUJETO_ASISTENCIA_precision": 0.0,
    "eval_OTROS_SUJETO_ASISTENCIA_recall": 0.0,
    "eval_PAIS_f1": 0.9767441860465116,
    "eval_PAIS_number": 347,
    "eval_PAIS_precision": 0.9853372434017595,
    "eval_PAIS_recall": 0.968299711815562,
    "eval_PROFESION_f1": 0.6,
    "eval_PROFESION_number": 4,
    "eval_PROFESION_precision": 0.5,
    "eval_PROFESION_recall": 0.75,
    "eval_SEXO_SUJETO_ASISTENCIA_f1": 0.9777777777777779,
    "eval_SEXO_SUJETO_ASISTENCIA_number": 455,
    "eval_SEXO_SUJETO_ASISTENCIA_precision": 0.9887640449438202,
    "eval_SEXO_SUJETO_ASISTENCIA_recall": 0.967032967032967,
    "eval_TERRITORIO_f1": 0.9626598465473145,
    "eval_TERRITORIO_number": 975,
    "eval_TERRITORIO_precision": 0.960204081632653,
    "eval_TERRITORIO_recall": 0.9651282051282051,
    "eval_loss": 0.04892737790942192,