{
    "CALLE_f1": 0.9473684210526315,
    "CALLE_number": 413,
    "CALLE_precision": 0.9361702127659575,
    "CALLE_recall": 0.9588377723970944,
    "CENTRO_SALUD_f1": 0.9090909090909091,
    "CENTRO_SALUD_number": 6,
    "CENTRO_SALUD_precision": 1.0,
    "CENTRO_SALUD_recall": 0.8333333333333334,
    "CORREO_ELECTRONICO_f1": 0.9900199600798402,
    "CORREO_ELECTRONICO_number": 249,
    "CORREO_ELECTRONICO_precision": 0.9841269841269841,
    "CORREO_ELECTRONICO_recall": 0.9959839357429718,
    "EDAD_SUJETO_ASISTENCIA_f1": 0.9817833173537872,
    "EDAD_SUJETO_ASISTENCIA_number": 518,
    "EDAD_SUJETO_ASISTENCIA_precision": 0.9752380952380952,
    "EDAD_SUJETO_ASISTENCIA_recall": 0.9884169884169884,
    "FAMILIARES_SUJETO_ASISTENCIA_f1": 0.7209302325581395,
    "FAMILIARES_SUJETO_ASISTENCIA_number": 81,
    "FAMILIARES_SUJETO_ASISTENCIA_precision": 0.6813186813186813,
    "FAMILIARES_SUJETO_ASISTENCIA_recall": 0.7654320987654321,
    "FECHAS_f1": 0.9877350776778414,
    "FECHAS_number": 611,
    "FECHAS_precision": 0.9869281045751634,
    "FECHAS_recall": 0.9885433715220949,
    "HOSPITAL_f1": 0.9015151515151514,
    "HOSPITAL_number": 130,
    "HOSPITAL_precision": 0.8880597014925373,
    "HOSPITAL_recall": 0.9153846153846154,
    "ID_ASEGURAMIENTO_f1": 0.9974683544303797,
    "ID_ASEGURAMIENTO_number": 198,
    "ID_ASEGURAMIENTO_precision": 1.0,
    "ID_ASEGURAMIENTO_recall": 0.9949494949494949,
    "ID_CONTACTO_ASISTENCIAL_f1": 1.0,
    "ID_CONTACTO_ASISTENCIAL_number": 39,
    "ID_CONTACTO_ASISTENCIAL_precision": 1.0,
    "ID_CONTACTO_ASISTENCIAL_recall": 1.0,
    "ID_SUJETO_ASISTENCIA_f1": 0.9790940766550522,
    "ID_SUJETO_ASISTENCIA_number": 283,
    "ID_SUJETO_ASISTENCIA_precision": 0.9656357388316151,
    "ID_SUJETO_ASISTENCIA_recall": 0.9929328621908127,
    "ID_TITULACION_PERSONAL_SANITARIO_f1": 0.9978678038379531,
    "ID_TITULACION_PERSONAL_SANITARIO_number": 234,
    "ID_TITULACION_PERSONAL_SANITARIO_precision": 0.9957446808510638,
    "ID_TITULACION_PERSONAL_SANITARIO_recall": 1.0,
    "INSTITUCION_f1": 0.5547445255474451,
    "INSTITUCION_number": 67,
    "INSTITUCION_precision": 0.5428571428571428,
    "INSTITUCION_recall": 0.5671641791044776,
    "NOMBRE_PERSONAL_SANITARIO_f1": 0.9930348258706468,
    "NOMBRE_PERSONAL_SANITARIO_number": 501,
    "NOMBRE_PERSONAL_SANITARIO_precision": 0.9900793650793651,
    "NOMBRE_PERSONAL_SANITARIO_recall": 0.9960079840319361,
    "NOMBRE_SUJETO_ASISTENCIA_f1": 1.0,
    "NOMBRE_SUJETO_ASISTENCIA_number": 502,
    "NOMBRE_SUJETO_ASISTENCIA_precision": 1.0,
    "NOMBRE_SUJETO_ASISTENCIA_recall": 1.0,
    "NUMERO_FAX_f1": 0.7692307692307692,
    "NUMERO_FAX_number": 7,
    "NUMERO_FAX_precision": 0.8333333333333334,
    "NUMERO_FAX_recall": 0.7142857142857143,
    "NUMERO_TELEFONO_f1": 0.9615384615384616,
    "NUMERO_TELEFONO_number": 26,
    "NUMERO_TELEFONO_precision": 0.9615384615384616,
    "NUMERO_TELEFONO_recall": 0.9615384615384616,
    "OTROS_SUJETO_ASISTENCIA_f1": 0.0,
    "OTROS_SUJETO_ASISTENCIA_number": 7,
    "OTROS_SUJETO_ASISTENCIA_precision": 0.0,
    "OTROS_SUJETO_ASISTENCIA_recall": 0.0,
    "PAIS_f1": 0.9876543209876544,
    "PAIS_number": 363,
    "PAIS_precision": 0.9836065573770492,
    "PAIS_recall": 0.9917355371900827,
    "PROFESION_f1": 0.5925925925925926,
    "PROFESION_number": 9,
    "PROFESION_precision": 0.4444444444444444,
    "PROFESION_recall": 0.8888888888888888,
    "SEXO_SUJETO_ASISTENCIA_f1": 0.9892008639308855,
    "SEXO_SUJETO_ASISTENCIA_number": 461,
    "SEXO_SUJETO_ASISTENCIA_precision": 0.9849462365591398,
    "SEXO_SUJETO_ASISTENCIA_recall": 0.9934924078091106,
    "TERRITORIO_f1": 0.9682457053617907,
    "TERRITORIO_number": 956,
    "TERRITORIO_precision": 0.9637305699481865,
    "TERRITORIO_recall": 0.9728033472803347,
    "overall_accuracy": 0.996983175161682,
    "overall_f1": 0.9698779309739176,
    "overall_precision": 0.9643730352776807,
    "overall_recall": 0.9754460342695637
}