{
    "CALLE_f1": 0.9380952380952381,
    "CALLE_number": 413,
    "CALLE_precision": 0.9227166276346604,
    "CALLE_recall": 0.9539951573849879,
    "CENTRO_SALUD_f1": 0.3636363636363636,
    "CENTRO_SALUD_number": 6,
    "CENTRO_SALUD_precision": 0.4,
    "CENTRO_SALUD_recall": 0.3333333333333333,
    "CORREO_ELECTRONICO_f1": 0.9879518072289156,
    "CORREO_ELECTRONICO_number": 249,
    "CORREO_ELECTRONICO_precision": 0.9879518072289156,
    "CORREO_ELECTRONICO_recall": 0.9879518072289156,
    "EDAD_SUJETO_ASISTENCIA_f1": 0.9779904306220096,
    "EDAD_SUJETO_ASISTENCIA_number": 518,
    "EDAD_SUJETO_ASISTENCIA_precision": 0.969639468690702,
    "EDAD_SUJETO_ASISTENCIA_recall": 0.9864864864864865,
    "FAMILIARES_SUJETO_ASISTENCIA_f1": 0.7093023255813952,
    "FAMILIARES_SUJETO_ASISTENCIA_number": 81,
    "FAMILIARES_SUJETO_ASISTENCIA_precision": 0.6703296703296703,
    "FAMILIARES_SUJETO_ASISTENCIA_recall": 0.7530864197530864,
    "FECHAS_f1": 0.9910204081632653,
    "FECHAS_number": 611,
    "FECHAS_precision": 0.988599348534202,
    "FECHAS_recall": 0.9934533551554828,
    "HOSPITAL_f1": 0.9348659003831418,
    "HOSPITAL_number": 130,
    "HOSPITAL_precision": 0.9312977099236641,
    "HOSPITAL_recall": 0.9384615384615385,
    "ID_ASEGURAMIENTO_f1": 0.9974683544303797,
    "ID_ASEGURAMIENTO_number": 198,
    "ID_ASEGURAMIENTO_precision": 1.0,
    "ID_ASEGURAMIENTO_recall": 0.9949494949494949,
    "ID_CONTACTO_ASISTENCIAL_f1": 0.9620253164556962,
    "ID_CONTACTO_ASISTENCIAL_number": 39,
    "ID_CONTACTO_ASISTENCIAL_precision": 0.95,
    "ID_CONTACTO_ASISTENCIAL_recall": 0.9743589743589743,
    "ID_SUJETO_ASISTENCIA_f1": 0.9842381786339754,
    "ID_SUJETO_ASISTENCIA_number": 283,
    "ID_SUJETO_ASISTENCIA_precision": 0.9756944444444444,
    "ID_SUJETO_ASISTENCIA_recall": 0.9929328621908127,
    "ID_TITULACION_PERSONAL_SANITARIO_f1": 0.9915254237288135,
    "ID_TITULACION_PERSONAL_SANITARIO_number": 234,
    "ID_TITULACION_PERSONAL_SANITARIO_precision": 0.9831932773109243,
    "ID_TITULACION_PERSONAL_SANITARIO_recall": 1.0,
    "INSTITUCION_f1": 0.5035971223021583,
    "INSTITUCION_number": 67,
    "INSTITUCION_precision": 0.4861111111111111,
    "INSTITUCION_recall": 0.5223880597014925,
    "NOMBRE_PERSONAL_SANITARIO_f1": 0.9940357852882703,
    "NOMBRE_PERSONAL_SANITARIO_number": 501,
    "NOMBRE_PERSONAL_SANITARIO_precision": 0.9900990099009901,
    "NOMBRE_PERSONAL_SANITARIO_recall": 0.998003992015968,
    "NOMBRE_SUJETO_ASISTENCIA_f1": 0.999004975124378,
    "NOMBRE_SUJETO_ASISTENCIA_number": 502,
    "NOMBRE_SUJETO_ASISTENCIA_precision": 0.9980119284294234,
    "NOMBRE_SUJETO_ASISTENCIA_recall": 1.0,
    "NUMERO_FAX_f1": 0.923076923076923,
    "NUMERO_FAX_number": 7,
    "NUMERO_FAX_precision": 1.0,
    "NUMERO_FAX_recall": 0.8571428571428571,
    "NUMERO_TELEFONO_f1": 0.8679245283018868,
    "NUMERO_TELEFONO_number": 26,
    "NUMERO_TELEFONO_precision": 0.8518518518518519,
    "NUMERO_TELEFONO_recall": 0.8846153846153846,
    "OTROS_SUJETO_ASISTENCIA_f1": 0.0,
    "OTROS_SUJETO_ASISTENCIA_number": 7,
    "OTROS_SUJETO_ASISTENCIA_precision": 0.0,
    "OTROS_SUJETO_ASISTENCIA_recall": 0.0,
    "PAIS_f1": 0.9849108367626885,
    "PAIS_number": 363,
    "PAIS_precision": 0.9808743169398907,
    "PAIS_recall": 0.9889807162534435,
    "PROFESION_f1": 0.4800000000000001,
    "PROFESION_number": 9,
    "PROFESION_precision": 0.375,
    "PROFESION_recall": 0.6666666666666666,
    "SEXO_SUJETO_ASISTENCIA_f1": 0.9860064585575888,
    "SEXO_SUJETO_ASISTENCIA_number": 461,
    "SEXO_SUJETO_ASISTENCIA_precision": 0.9786324786324786,
    "SEXO_SUJETO_ASISTENCIA_recall": 0.9934924078091106,
    "TERRITORIO_f1": 0.9708939708939709,
    "TERRITORIO_number": 956,
    "TERRITORIO_precision": 0.9648760330578512,
    "TERRITORIO_recall": 0.9769874476987448,
    "epoch": 9.848,
    "eval_CALLE_f1": 0.9001148105625718,
    "eval_CALLE_number": 434,
    "eval_CALLE_precision": 0.897025171624714,
    "eval_CALLE_recall": 0.9032258064516129,
    "eval_CENTRO_SALUD_f1": 0.0,
    "eval_CENTRO_SALUD_number": 2,
    "eval_CENTRO_SALUD_precision": 0.0,
    "eval_CENTRO_SALUD_recall": 0.0,
    "eval_CORREO_ELECTRONICO_f1": 0.9830508474576272,
    "eval_CORREO_ELECTRONICO_number": 235,
    "eval_CORREO_ELECTRONICO_precision": 0.9789029535864979,
    "eval_CORREO_ELECTRONICO_recall": 0.9872340425531915,
    "eval_EDAD_SUJETO_ASISTENCIA_f1": 0.9659201557935736,
    "eval_EDAD_SUJETO_ASISTENCIA_number": 521,
    "eval_EDAD_SUJETO_ASISTENCIA_precision": 0.9802371541501976,
    "eval_EDAD_SUJETO_ASISTENCIA_recall": 0.9520153550863724,
    "eval_FAMILIARES_SUJETO_ASISTENCIA_f1": 0.6740331491712707,
    "eval_FAMILIARES_SUJETO_ASISTENCIA_number": 92,
    "eval_FAMILIARES_SUJETO_ASISTENCIA_precision": 0.6853932584269663,
    "eval_FAMILIARES_SUJETO_ASISTENCIA_recall": 0.6630434782608695,
    "eval_FECHAS_f1": 0.9715079916608755,
    "eval_FECHAS_number": 724,
    "eval_FECHAS_precision": 0.9776223776223776,
    "eval_FECHAS_recall": 0.9654696132596685,
    "eval_HOSPITAL_f1": 0.8530465949820788,
    "eval_HOSPITAL_number": 140,
    "eval_HOSPITAL_precision": 0.8561151079136691,
    "eval_HOSPITAL_recall": 0.85,
    "eval_ID_ASEGURAMIENTO_f1": 0.9869451697127937,
    "eval_ID_ASEGURAMIENTO_number": 194,
    "eval_ID_ASEGURAMIENTO_precision": 1.0,
    "eval_ID_ASEGURAMIENTO_recall": 0.9742268041237113,
    "eval_ID_CONTACTO_ASISTENCIAL_f1": 0.96875,
    "eval_ID_CONTACTO_ASISTENCIAL_number": 32,
    "eval_ID_CONTACTO_ASISTENCIAL_precision": 0.96875,
    "eval_ID_CONTACTO_ASISTENCIAL_recall": 0.96875,
    "eval_ID_SUJETO_ASISTENCIA_f1": 0.9486301369863014,
    "eval_ID_SUJETO_ASISTENCIA_number": 292,
    "eval_ID_SUJETO_ASISTENCIA_precision": 0.9486301369863014,
    "eval_ID_SUJETO_ASISTENCIA_recall": 0.9486301369863014,
    "eval_ID_TITULACION_PERSONAL_SANITARIO_f1": 0.9711751662971176,
    "eval_ID_TITULACION_PERSONAL_SANITARIO_number": 226,
    "eval_ID_TITULACION_PERSONAL_SANITARIO_precision": 0.9733333333333334,
    "eval_ID_TITULACION_PERSONAL_SANITARIO_recall": 0.9690265486725663,
    "eval_INSTITUCION_f1": 0.6623376623376623,
    "eval_INSTITUCION_number": 72,
    "eval_INSTITUCION_precision": 0.6219512195121951,
    "eval_INSTITUCION_recall": 0.7083333333333334,
    "eval_NOMBRE_PERSONAL_SANITARIO_f1": 0.966497461928934,
    "eval_NOMBRE_PERSONAL_SANITARIO_number": 497,
    "eval_NOMBRE_PERSONAL_SANITARIO_precision": 0.9754098360655737,
    "eval_NOMBRE_PERSONAL_SANITARIO_recall": 0.9577464788732394,
    "eval_NOMBRE_SUJETO_ASISTENCIA_f1": 0.9788519637462235,
    "eval_NOMBRE_SUJETO_ASISTENCIA_number": 503,
    "eval_NOMBRE_SUJETO_ASISTENCIA_precision": 0.9918367346938776,
    "eval_NOMBRE_SUJETO_ASISTENCIA_recall": 0.9662027833001988,
    "eval_NUMERO_FAX_f1": 0.9090909090909091,
    "eval_NUMERO_FAX_number": 6,
    "eval_NUMERO_FAX_precision": 1.0,
    "eval_NUMERO_FAX_recall": 0.8333333333333334,
    "eval_NUMERO_TELEFONO_f1": 0.851063829787234,
    "eval_NUMERO_TELEFONO_number": 24,
    "eval_NUMERO_TELEFONO_precision": 0.8695652173913043,
    "eval_NUMERO_TELEFONO_recall": 0.8333333333333334,
    "eval_OTROS_SUJETO_ASISTENCIA_f1": 0.0,
    "eval_OTROS_SUJETO_ASISTENCIA_number": 6,
    "eval_OTROS_SUJETO_ASISTENCIA_precision": 0.0,
    "eval_OTROS_SUJETO_ASISTENCIA_recall": 0.0,
    "eval_PAIS_f1": 0.9766763848396501,
    "eval_PAIS_number": 347,
    "eval_PAIS_precision": 0.9882005899705014,
    "eval_PAIS_recall": 0.9654178674351584,
    "eval_PROFESION_f1": 0.6666666666666665,
    "eval_PROFESION_number": 4,
    "eval_PROFESION_precision": 0.6,
    "eval_PROFESION_recall": 0.75,
    "eval_SEXO_SUJETO_ASISTENCIA_f1": 0.9733333333333334,
    "eval_SEXO_SUJETO_ASISTENCIA_number": 455,
    "eval_SEXO_SUJETO_ASISTENCIA_precision": 0.9842696629213483,
    "eval_SEXO_SUJETO_ASISTENCIA_recall": 0.9626373626373627,
    "eval_TERRITORIO_f1": 0.9641393442622951,
    "eval_TERRITORIO_number": 975,
    "eval_TERRITORIO_precision": 0.9631525076765609,