{
    "epoch": 9.848,
    "eval_CALLE_f1": 0.9001148105625718,
    "eval_CALLE_number": 434,
    "eval_CALLE_precision": 0.897025171624714,
    "eval_CALLE_recall": 0.9032258064516129,
    "eval_CENTRO_SALUD_f1": 0.0,
    "eval_CENTRO_SALUD_number": 2,
    "eval_CENTRO_SALUD_precision": 0.0,
    "eval_CENTRO_SALUD_recall": 0.0,
    "eval_CORREO_ELECTRONICO_f1": 0.9830508474576272,
    "eval_CORREO_ELECTRONICO_number": 235,
    "eval_CORREO_ELECTRONICO_precision": 0.9789029535864979,
    "eval_CORREO_ELECTRONICO_recall": 0.9872340425531915,
    "eval_EDAD_SUJETO_ASISTENCIA_f1": 0.9659201557935736,
    "eval_EDAD_SUJETO_ASISTENCIA_number": 521,
    "eval_EDAD_SUJETO_ASISTENCIA_precision": 0.9802371541501976,
    "eval_EDAD_SUJETO_ASISTENCIA_recall": 0.9520153550863724,
    "eval_FAMILIARES_SUJETO_ASISTENCIA_f1": 0.6740331491712707,
    "eval_FAMILIARES_SUJETO_ASISTENCIA_number": 92,
    "eval_FAMILIARES_SUJETO_ASISTENCIA_precision": 0.6853932584269663,
    "eval_FAMILIARES_SUJETO_ASISTENCIA_recall": 0.6630434782608695,
    "eval_FECHAS_f1": 0.9715079916608755,
    "eval_FECHAS_number": 724,
    "eval_FECHAS_precision": 0.9776223776223776,
    "eval_FECHAS_recall": 0.9654696132596685,
    "eval_HOSPITAL_f1": 0.8530465949820788,
    "eval_HOSPITAL_number": 140,
    "eval_HOSPITAL_precision": 0.8561151079136691,
    "eval_HOSPITAL_recall": 0.85,
    "eval_ID_ASEGURAMIENTO_f1": 0.9869451697127937,
    "eval_ID_ASEGURAMIENTO_number": 194,
    "eval_ID_ASEGURAMIENTO_precision": 1.0,
    "eval_ID_ASEGURAMIENTO_recall": 0.9742268041237113,
    "eval_ID_CONTACTO_ASISTENCIAL_f1": 0.96875,
    "eval_ID_CONTACTO_ASISTENCIAL_number": 32,
    "eval_ID_CONTACTO_ASISTENCIAL_precision": 0.96875,
    "eval_ID_CONTACTO_ASISTENCIAL_recall": 0.96875,
    "eval_ID_SUJETO_ASISTENCIA_f1": 0.9486301369863014,
    "eval_ID_SUJETO_ASISTENCIA_number": 292,
    "eval_ID_SUJETO_ASISTENCIA_precision": 0.9486301369863014,
    "eval_ID_SUJETO_ASISTENCIA_recall": 0.9486301369863014,
    "eval_ID_TITULACION_PERSONAL_SANITARIO_f1": 0.9711751662971176,
    "eval_ID_TITULACION_PERSONAL_SANITARIO_number": 226,
    "eval_ID_TITULACION_PERSONAL_SANITARIO_precision": 0.9733333333333334,
    "eval_ID_TITULACION_PERSONAL_SANITARIO_recall": 0.9690265486725663,
    "eval_INSTITUCION_f1": 0.6623376623376623,
    "eval_INSTITUCION_number": 72,
    "eval_INSTITUCION_precision": 0.6219512195121951,
    "eval_INSTITUCION_recall": 0.7083333333333334,
    "eval_NOMBRE_PERSONAL_SANITARIO_f1": 0.966497461928934,
    "eval_NOMBRE_PERSONAL_SANITARIO_number": 497,
    "eval_NOMBRE_PERSONAL_SANITARIO_precision": 0.9754098360655737,
    "eval_NOMBRE_PERSONAL_SANITARIO_recall": 0.9577464788732394,
    "eval_NOMBRE_SUJETO_ASISTENCIA_f1": 0.9788519637462235,
    "eval_NOMBRE_SUJETO_ASISTENCIA_number": 503,
    "eval_NOMBRE_SUJETO_ASISTENCIA_precision": 0.9918367346938776,
    "eval_NOMBRE_SUJETO_ASISTENCIA_recall": 0.9662027833001988,
    "eval_NUMERO_FAX_f1": 0.9090909090909091,
    "eval_NUMERO_FAX_number": 6,
    "eval_NUMERO_FAX_precision": 1.0,
    "eval_NUMERO_FAX_recall": 0.8333333333333334,
    "eval_NUMERO_TELEFONO_f1": 0.851063829787234,
    "eval_NUMERO_TELEFONO_number": 24,
    "eval_NUMERO_TELEFONO_precision": 0.8695652173913043,
    "eval_NUMERO_TELEFONO_recall": 0.8333333333333334,
    "eval_OTROS_SUJETO_ASISTENCIA_f1": 0.0,
    "eval_OTROS_SUJETO_ASISTENCIA_number": 6,
    "eval_OTROS_SUJETO_ASISTENCIA_precision": 0.0,
    "eval_OTROS_SUJETO_ASISTENCIA_recall": 0.0,
    "eval_PAIS_f1": 0.9766763848396501,
    "eval_PAIS_number": 347,
    "eval_PAIS_precision": 0.9882005899705014,
    "eval_PAIS_recall": 0.9654178674351584,
    "eval_PROFESION_f1": 0.6666666666666665,
    "eval_PROFESION_number": 4,
    "eval_PROFESION_precision": 0.6,
    "eval_PROFESION_recall": 0.75,
    "eval_SEXO_SUJETO_ASISTENCIA_f1": 0.9733333333333334,
    "eval_SEXO_SUJETO_ASISTENCIA_number": 455,
    "eval_SEXO_SUJETO_ASISTENCIA_precision": 0.9842696629213483,
    "eval_SEXO_SUJETO_ASISTENCIA_recall": 0.9626373626373627,
    "eval_TERRITORIO_f1": 0.9641393442622951,
    "eval_TERRITORIO_number": 975,
    "eval_TERRITORIO_precision": 0.9631525076765609,
    "eval_TERRITORIO_recall": 0.9651282051282051,
    "eval_loss": 0.047722525894641876,
    "eval_overall_accuracy": 0.9915583694324114,
    "eval_overall_f1": 0.9512216329014866,
    "eval_overall_precision": 0.9562937062937062,
    "eval_overall_recall": 0.9462030790520671,
    "eval_runtime": 19.1556,
    "eval_samples_per_second": 13.051,
    "eval_steps_per_second": 3.289
}