{
    "CALLE_f1": 0.9380952380952381,
    "CALLE_number": 413,
    "CALLE_precision": 0.9227166276346604,
    "CALLE_recall": 0.9539951573849879,
    "CENTRO_SALUD_f1": 0.3636363636363636,
    "CENTRO_SALUD_number": 6,
    "CENTRO_SALUD_precision": 0.4,
    "CENTRO_SALUD_recall": 0.3333333333333333,
    "CORREO_ELECTRONICO_f1": 0.9879518072289156,
    "CORREO_ELECTRONICO_number": 249,
    "CORREO_ELECTRONICO_precision": 0.9879518072289156,
    "CORREO_ELECTRONICO_recall": 0.9879518072289156,
    "EDAD_SUJETO_ASISTENCIA_f1": 0.9779904306220096,
    "EDAD_SUJETO_ASISTENCIA_number": 518,
    "EDAD_SUJETO_ASISTENCIA_precision": 0.969639468690702,
    "EDAD_SUJETO_ASISTENCIA_recall": 0.9864864864864865,
    "FAMILIARES_SUJETO_ASISTENCIA_f1": 0.7093023255813952,
    "FAMILIARES_SUJETO_ASISTENCIA_number": 81,
    "FAMILIARES_SUJETO_ASISTENCIA_precision": 0.6703296703296703,
    "FAMILIARES_SUJETO_ASISTENCIA_recall": 0.7530864197530864,
    "FECHAS_f1": 0.9910204081632653,
    "FECHAS_number": 611,
    "FECHAS_precision": 0.988599348534202,
    "FECHAS_recall": 0.9934533551554828,
    "HOSPITAL_f1": 0.9348659003831418,
    "HOSPITAL_number": 130,
    "HOSPITAL_precision": 0.9312977099236641,
    "HOSPITAL_recall": 0.9384615384615385,
    "ID_ASEGURAMIENTO_f1": 0.9974683544303797,
    "ID_ASEGURAMIENTO_number": 198,
    "ID_ASEGURAMIENTO_precision": 1.0,
    "ID_ASEGURAMIENTO_recall": 0.9949494949494949,
    "ID_CONTACTO_ASISTENCIAL_f1": 0.9620253164556962,
    "ID_CONTACTO_ASISTENCIAL_number": 39,
    "ID_CONTACTO_ASISTENCIAL_precision": 0.95,
    "ID_CONTACTO_ASISTENCIAL_recall": 0.9743589743589743,
    "ID_SUJETO_ASISTENCIA_f1": 0.9842381786339754,
    "ID_SUJETO_ASISTENCIA_number": 283,
    "ID_SUJETO_ASISTENCIA_precision": 0.9756944444444444,
    "ID_SUJETO_ASISTENCIA_recall": 0.9929328621908127,
    "ID_TITULACION_PERSONAL_SANITARIO_f1": 0.9915254237288135,
    "ID_TITULACION_PERSONAL_SANITARIO_number": 234,
    "ID_TITULACION_PERSONAL_SANITARIO_precision": 0.9831932773109243,
    "ID_TITULACION_PERSONAL_SANITARIO_recall": 1.0,
    "INSTITUCION_f1": 0.5035971223021583,
    "INSTITUCION_number": 67,
    "INSTITUCION_precision": 0.4861111111111111,
    "INSTITUCION_recall": 0.5223880597014925,
    "NOMBRE_PERSONAL_SANITARIO_f1": 0.9940357852882703,
    "NOMBRE_PERSONAL_SANITARIO_number": 501,
    "NOMBRE_PERSONAL_SANITARIO_precision": 0.9900990099009901,
    "NOMBRE_PERSONAL_SANITARIO_recall": 0.998003992015968,
    "NOMBRE_SUJETO_ASISTENCIA_f1": 0.999004975124378,
    "NOMBRE_SUJETO_ASISTENCIA_number": 502,
    "NOMBRE_SUJETO_ASISTENCIA_precision": 0.9980119284294234,
    "NOMBRE_SUJETO_ASISTENCIA_recall": 1.0,
    "NUMERO_FAX_f1": 0.923076923076923,
    "NUMERO_FAX_number": 7,
    "NUMERO_FAX_precision": 1.0,
    "NUMERO_FAX_recall": 0.8571428571428571,
    "NUMERO_TELEFONO_f1": 0.8679245283018868,
    "NUMERO_TELEFONO_number": 26,
    "NUMERO_TELEFONO_precision": 0.8518518518518519,
    "NUMERO_TELEFONO_recall": 0.8846153846153846,
    "OTROS_SUJETO_ASISTENCIA_f1": 0.0,
    "OTROS_SUJETO_ASISTENCIA_number": 7,
    "OTROS_SUJETO_ASISTENCIA_precision": 0.0,
    "OTROS_SUJETO_ASISTENCIA_recall": 0.0,
    "PAIS_f1": 0.9849108367626885,
    "PAIS_number": 363,
    "PAIS_precision": 0.9808743169398907,
    "PAIS_recall": 0.9889807162534435,
    "PROFESION_f1": 0.4800000000000001,
    "PROFESION_number": 9,
    "PROFESION_precision": 0.375,
    "PROFESION_recall": 0.6666666666666666,
    "SEXO_SUJETO_ASISTENCIA_f1": 0.9860064585575888,
    "SEXO_SUJETO_ASISTENCIA_number": 461,
    "SEXO_SUJETO_ASISTENCIA_precision": 0.9786324786324786,
    "SEXO_SUJETO_ASISTENCIA_recall": 0.9934924078091106,
    "TERRITORIO_f1": 0.9708939708939709,
    "TERRITORIO_number": 956,
    "TERRITORIO_precision": 0.9648760330578512,
    "TERRITORIO_recall": 0.9769874476987448,
    "overall_accuracy": 0.9968778650543896,
    "overall_f1": 0.9678041933502939,
    "overall_precision": 0.9613105611711398,
    "overall_recall": 0.9743861508567391
}