{
    "CALLE_f1": 0.951923076923077,
    "CALLE_number": 413,
    "CALLE_precision": 0.9451073985680191,
    "CALLE_recall": 0.9588377723970944,
    "CENTRO_SALUD_f1": 0.0,
    "CENTRO_SALUD_number": 6,
    "CENTRO_SALUD_precision": 0.0,
    "CENTRO_SALUD_recall": 0.0,
    "CORREO_ELECTRONICO_f1": 0.9886792452830189,
    "CORREO_ELECTRONICO_number": 265,
    "CORREO_ELECTRONICO_precision": 0.9886792452830189,
    "CORREO_ELECTRONICO_recall": 0.9886792452830189,
    "EDAD_SUJETO_ASISTENCIA_f1": 0.9847036328871892,
    "EDAD_SUJETO_ASISTENCIA_number": 518,
    "EDAD_SUJETO_ASISTENCIA_precision": 0.9753787878787878,
    "EDAD_SUJETO_ASISTENCIA_recall": 0.9942084942084942,
    "FAMILIARES_SUJETO_ASISTENCIA_f1": 0.7251461988304092,
    "FAMILIARES_SUJETO_ASISTENCIA_number": 81,
    "FAMILIARES_SUJETO_ASISTENCIA_precision": 0.6888888888888889,
    "FAMILIARES_SUJETO_ASISTENCIA_recall": 0.7654320987654321,
    "FECHAS_f1": 0.9950980392156863,
    "FECHAS_number": 611,
    "FECHAS_precision": 0.9934747145187602,
    "FECHAS_recall": 0.9967266775777414,
    "HOSPITAL_f1": 0.923076923076923,
    "HOSPITAL_number": 131,
    "HOSPITAL_precision": 0.9302325581395349,
    "HOSPITAL_recall": 0.916030534351145,
    "ID_ASEGURAMIENTO_f1": 0.9949494949494949,
    "ID_ASEGURAMIENTO_number": 199,
    "ID_ASEGURAMIENTO_precision": 1.0,
    "ID_ASEGURAMIENTO_recall": 0.9899497487437185,
    "ID_CONTACTO_ASISTENCIAL_f1": 1.0,
    "ID_CONTACTO_ASISTENCIAL_number": 44,
    "ID_CONTACTO_ASISTENCIAL_precision": 1.0,
    "ID_CONTACTO_ASISTENCIAL_recall": 1.0,
    "ID_SUJETO_ASISTENCIA_f1": 0.9827315541601256,
    "ID_SUJETO_ASISTENCIA_number": 316,
    "ID_SUJETO_ASISTENCIA_precision": 0.9750778816199377,
    "ID_SUJETO_ASISTENCIA_recall": 0.990506329113924,
    "ID_TITULACION_PERSONAL_SANITARIO_f1": 0.9978678038379531,
    "ID_TITULACION_PERSONAL_SANITARIO_number": 234,
    "ID_TITULACION_PERSONAL_SANITARIO_precision": 0.9957446808510638,
    "ID_TITULACION_PERSONAL_SANITARIO_recall": 1.0,
    "INSTITUCION_f1": 0.5061728395061729,
    "INSTITUCION_number": 67,
    "INSTITUCION_precision": 0.43157894736842106,
    "INSTITUCION_recall": 0.6119402985074627,
    "NOMBRE_PERSONAL_SANITARIO_f1": 0.9960159362549801,
    "NOMBRE_PERSONAL_SANITARIO_number": 501,
    "NOMBRE_PERSONAL_SANITARIO_precision": 0.9940357852882704,
    "NOMBRE_PERSONAL_SANITARIO_recall": 0.998003992015968,
    "NOMBRE_SUJETO_ASISTENCIA_f1": 0.999004975124378,
    "NOMBRE_SUJETO_ASISTENCIA_number": 502,
    "NOMBRE_SUJETO_ASISTENCIA_precision": 0.9980119284294234,
    "NOMBRE_SUJETO_ASISTENCIA_recall": 1.0,
    "NUMERO_FAX_f1": 0.8421052631578948,
    "NUMERO_FAX_number": 10,
    "NUMERO_FAX_precision": 0.8888888888888888,
    "NUMERO_FAX_recall": 0.8,
    "NUMERO_TELEFONO_f1": 0.9538461538461539,
    "NUMERO_TELEFONO_number": 32,
    "NUMERO_TELEFONO_precision": 0.9393939393939394,
    "NUMERO_TELEFONO_recall": 0.96875,
    "OTROS_SUJETO_ASISTENCIA_f1": 0.0,
    "OTROS_SUJETO_ASISTENCIA_number": 7,
    "OTROS_SUJETO_ASISTENCIA_precision": 0.0,
    "OTROS_SUJETO_ASISTENCIA_recall": 0.0,
    "PAIS_f1": 0.9862637362637363,
    "PAIS_number": 363,
    "PAIS_precision": 0.9835616438356164,
    "PAIS_recall": 0.9889807162534435,
    "PROFESION_f1": 0.75,
    "PROFESION_number": 10,
    "PROFESION_precision": 0.6428571428571429,
    "PROFESION_recall": 0.9,
    "SEXO_SUJETO_ASISTENCIA_f1": 0.9849462365591397,
    "SEXO_SUJETO_ASISTENCIA_number": 461,
    "SEXO_SUJETO_ASISTENCIA_precision": 0.976545842217484,
    "SEXO_SUJETO_ASISTENCIA_recall": 0.9934924078091106,
    "TERRITORIO_f1": 0.9789203084832905,
    "TERRITORIO_number": 974,
    "TERRITORIO_precision": 0.98043254376931,
    "TERRITORIO_recall": 0.9774127310061602,
    "epoch": 10.0,
    "eval_CALLE_f1": 0.9253393665158371,
    "eval_CALLE_number": 438,
    "eval_CALLE_precision": 0.9170403587443946,
    "eval_CALLE_recall": 0.9337899543378996,
    "eval_CENTRO_SALUD_f1": 0.0,
    "eval_CENTRO_SALUD_number": 2,
    "eval_CENTRO_SALUD_precision": 0.0,
    "eval_CENTRO_SALUD_recall": 0.0,
    "eval_CORREO_ELECTRONICO_f1": 0.9664694280078895,
    "eval_CORREO_ELECTRONICO_number": 250,
    "eval_CORREO_ELECTRONICO_precision": 0.953307392996109,
    "eval_CORREO_ELECTRONICO_recall": 0.98,
    "eval_EDAD_SUJETO_ASISTENCIA_f1": 0.9543726235741445,
    "eval_EDAD_SUJETO_ASISTENCIA_number": 526,
    "eval_EDAD_SUJETO_ASISTENCIA_precision": 0.9543726235741445,
    "eval_EDAD_SUJETO_ASISTENCIA_recall": 0.9543726235741445,
    "eval_FAMILIARES_SUJETO_ASISTENCIA_f1": 0.7307692307692307,
    "eval_FAMILIARES_SUJETO_ASISTENCIA_number": 103,
    "eval_FAMILIARES_SUJETO_ASISTENCIA_precision": 0.7238095238095238,
    "eval_FAMILIARES_SUJETO_ASISTENCIA_recall": 0.7378640776699029,
    "eval_FECHAS_f1": 0.9569752281616688,
    "eval_FECHAS_number": 762,
    "eval_FECHAS_precision": 0.9507772020725389,
    "eval_FECHAS_recall": 0.963254593175853,
    "eval_HOSPITAL_f1": 0.8486842105263158,
    "eval_HOSPITAL_number": 151,
    "eval_HOSPITAL_precision": 0.8431372549019608,
    "eval_HOSPITAL_recall": 0.8543046357615894,
    "eval_ID_ASEGURAMIENTO_f1": 0.9895833333333334,
    "eval_ID_ASEGURAMIENTO_number": 192,
    "eval_ID_ASEGURAMIENTO_precision": 0.9895833333333334,
    "eval_ID_ASEGURAMIENTO_recall": 0.9895833333333334,
    "eval_ID_CONTACTO_ASISTENCIAL_f1": 0.9459459459459458,
    "eval_ID_CONTACTO_ASISTENCIAL_number": 36,
    "eval_ID_CONTACTO_ASISTENCIAL_precision": 0.9210526315789473,
    "eval_ID_CONTACTO_ASISTENCIAL_recall": 0.9722222222222222,
    "eval_ID_SUJETO_ASISTENCIA_f1": 0.9473684210526316,
    "eval_ID_SUJETO_ASISTENCIA_number": 325,
    "eval_ID_SUJETO_ASISTENCIA_precision": 0.9264705882352942,
    "eval_ID_SUJETO_ASISTENCIA_recall": 0.9692307692307692,
    "eval_ID_TITULACION_PERSONAL_SANITARIO_f1": 0.962800875273523,
    "eval_ID_TITULACION_PERSONAL_SANITARIO_number": 227,
    "eval_ID_TITULACION_PERSONAL_SANITARIO_precision": 0.9565217391304348,
    "eval_ID_TITULACION_PERSONAL_SANITARIO_recall": 0.9691629955947136,
    "eval_INSTITUCION_f1": 0.7142857142857143,
    "eval_INSTITUCION_number": 86,
    "eval_INSTITUCION_precision": 0.6363636363636364,
    "eval_INSTITUCION_recall": 0.813953488372093,
    "eval_NOMBRE_PERSONAL_SANITARIO_f1": 0.9557692307692307,
    "eval_NOMBRE_PERSONAL_SANITARIO_number": 518,
    "eval_NOMBRE_PERSONAL_SANITARIO_precision": 0.9521072796934866,
    "eval_NOMBRE_PERSONAL_SANITARIO_recall": 0.9594594594594594,
    "eval_NOMBRE_SUJETO_ASISTENCIA_f1": 0.9818181818181819,
    "eval_NOMBRE_SUJETO_ASISTENCIA_number": 487,
    "eval_NOMBRE_SUJETO_ASISTENCIA_precision": 0.9662027833001988,
    "eval_NOMBRE_SUJETO_ASISTENCIA_recall": 0.997946611909651,
    "eval_NUMERO_FAX_f1": 0.6153846153846153,
    "eval_NUMERO_FAX_number": 7,
    "eval_NUMERO_FAX_precision": 0.6666666666666666,
    "eval_NUMERO_FAX_recall": 0.5714285714285714,
    "eval_NUMERO_TELEFONO_f1": 0.8115942028985507,
    "eval_NUMERO_TELEFONO_number": 31,
    "eval_NUMERO_TELEFONO_precision": 0.7368421052631579,
    "eval_NUMERO_TELEFONO_recall": 0.9032258064516129,
    "eval_OTROS_SUJETO_ASISTENCIA_f1": 0.0,
    "eval_OTROS_SUJETO_ASISTENCIA_number": 7,
    "eval_OTROS_SUJETO_ASISTENCIA_precision": 0.0,
    "eval_OTROS_SUJETO_ASISTENCIA_recall": 0.0,
    "eval_PAIS_f1": 0.9702127659574468,
    "eval_PAIS_number": 352,
    "eval_PAIS_precision": 0.9688385269121813,
    "eval_PAIS_recall": 0.9715909090909091,
    "eval_PROFESION_f1": 0.4444444444444445,
    "eval_PROFESION_number": 4,
    "eval_PROFESION_precision": 0.4,
    "eval_PROFESION_recall": 0.5,
    "eval_SEXO_SUJETO_ASISTENCIA_f1": 0.9585152838427946,
    "eval_SEXO_SUJETO_ASISTENCIA_number": 455,
    "eval_SEXO_SUJETO_ASISTENCIA_precision": 0.9522776572668112,
    "eval_SEXO_SUJETO_ASISTENCIA_recall": 0.9648351648351648,
    "eval_TERRITORIO_f1": 0.9560927479033053,
    "eval_TERRITORIO_number": 999,
    "eval_TERRITORIO_precision": 0.9426070038910506,
    "eval_TERRITORIO_recall": 0.96996996996997,