{
    "epoch": 10.0,
    "eval_CALLE_f1": 0.9253393665158371,
    "eval_CALLE_number": 438,
    "eval_CALLE_precision": 0.9170403587443946,
    "eval_CALLE_recall": 0.9337899543378996,
    "eval_CENTRO_SALUD_f1": 0.0,
    "eval_CENTRO_SALUD_number": 2,
    "eval_CENTRO_SALUD_precision": 0.0,
    "eval_CENTRO_SALUD_recall": 0.0,
    "eval_CORREO_ELECTRONICO_f1": 0.9664694280078895,
    "eval_CORREO_ELECTRONICO_number": 250,
    "eval_CORREO_ELECTRONICO_precision": 0.953307392996109,
    "eval_CORREO_ELECTRONICO_recall": 0.98,
    "eval_EDAD_SUJETO_ASISTENCIA_f1": 0.9543726235741445,
    "eval_EDAD_SUJETO_ASISTENCIA_number": 526,
    "eval_EDAD_SUJETO_ASISTENCIA_precision": 0.9543726235741445,
    "eval_EDAD_SUJETO_ASISTENCIA_recall": 0.9543726235741445,
    "eval_FAMILIARES_SUJETO_ASISTENCIA_f1": 0.7307692307692307,
    "eval_FAMILIARES_SUJETO_ASISTENCIA_number": 103,
    "eval_FAMILIARES_SUJETO_ASISTENCIA_precision": 0.7238095238095238,
    "eval_FAMILIARES_SUJETO_ASISTENCIA_recall": 0.7378640776699029,
    "eval_FECHAS_f1": 0.9569752281616688,
    "eval_FECHAS_number": 762,
    "eval_FECHAS_precision": 0.9507772020725389,
    "eval_FECHAS_recall": 0.963254593175853,
    "eval_HOSPITAL_f1": 0.8486842105263158,
    "eval_HOSPITAL_number": 151,
    "eval_HOSPITAL_precision": 0.8431372549019608,
    "eval_HOSPITAL_recall": 0.8543046357615894,
    "eval_ID_ASEGURAMIENTO_f1": 0.9895833333333334,
    "eval_ID_ASEGURAMIENTO_number": 192,
    "eval_ID_ASEGURAMIENTO_precision": 0.9895833333333334,
    "eval_ID_ASEGURAMIENTO_recall": 0.9895833333333334,
    "eval_ID_CONTACTO_ASISTENCIAL_f1": 0.9459459459459458,
    "eval_ID_CONTACTO_ASISTENCIAL_number": 36,
    "eval_ID_CONTACTO_ASISTENCIAL_precision": 0.9210526315789473,
    "eval_ID_CONTACTO_ASISTENCIAL_recall": 0.9722222222222222,
    "eval_ID_SUJETO_ASISTENCIA_f1": 0.9473684210526316,
    "eval_ID_SUJETO_ASISTENCIA_number": 325,
    "eval_ID_SUJETO_ASISTENCIA_precision": 0.9264705882352942,
    "eval_ID_SUJETO_ASISTENCIA_recall": 0.9692307692307692,
    "eval_ID_TITULACION_PERSONAL_SANITARIO_f1": 0.962800875273523,
    "eval_ID_TITULACION_PERSONAL_SANITARIO_number": 227,
    "eval_ID_TITULACION_PERSONAL_SANITARIO_precision": 0.9565217391304348,
    "eval_ID_TITULACION_PERSONAL_SANITARIO_recall": 0.9691629955947136,
    "eval_INSTITUCION_f1": 0.7142857142857143,
    "eval_INSTITUCION_number": 86,
    "eval_INSTITUCION_precision": 0.6363636363636364,
    "eval_INSTITUCION_recall": 0.813953488372093,
    "eval_NOMBRE_PERSONAL_SANITARIO_f1": 0.9557692307692307,
    "eval_NOMBRE_PERSONAL_SANITARIO_number": 518,
    "eval_NOMBRE_PERSONAL_SANITARIO_precision": 0.9521072796934866,
    "eval_NOMBRE_PERSONAL_SANITARIO_recall": 0.9594594594594594,
    "eval_NOMBRE_SUJETO_ASISTENCIA_f1": 0.9818181818181819,
    "eval_NOMBRE_SUJETO_ASISTENCIA_number": 487,
    "eval_NOMBRE_SUJETO_ASISTENCIA_precision": 0.9662027833001988,
    "eval_NOMBRE_SUJETO_ASISTENCIA_recall": 0.997946611909651,
    "eval_NUMERO_FAX_f1": 0.6153846153846153,
    "eval_NUMERO_FAX_number": 7,
    "eval_NUMERO_FAX_precision": 0.6666666666666666,
    "eval_NUMERO_FAX_recall": 0.5714285714285714,
    "eval_NUMERO_TELEFONO_f1": 0.8115942028985507,
    "eval_NUMERO_TELEFONO_number": 31,
    "eval_NUMERO_TELEFONO_precision": 0.7368421052631579,
    "eval_NUMERO_TELEFONO_recall": 0.9032258064516129,
    "eval_OTROS_SUJETO_ASISTENCIA_f1": 0.0,
    "eval_OTROS_SUJETO_ASISTENCIA_number": 7,
    "eval_OTROS_SUJETO_ASISTENCIA_precision": 0.0,
    "eval_OTROS_SUJETO_ASISTENCIA_recall": 0.0,
    "eval_PAIS_f1": 0.9702127659574468,
    "eval_PAIS_number": 352,
    "eval_PAIS_precision": 0.9688385269121813,
    "eval_PAIS_recall": 0.9715909090909091,
    "eval_PROFESION_f1": 0.4444444444444445,
    "eval_PROFESION_number": 4,
    "eval_PROFESION_precision": 0.4,
    "eval_PROFESION_recall": 0.5,
    "eval_SEXO_SUJETO_ASISTENCIA_f1": 0.9585152838427946,
    "eval_SEXO_SUJETO_ASISTENCIA_number": 455,
    "eval_SEXO_SUJETO_ASISTENCIA_precision": 0.9522776572668112,
    "eval_SEXO_SUJETO_ASISTENCIA_recall": 0.9648351648351648,
    "eval_TERRITORIO_f1": 0.9560927479033053,
    "eval_TERRITORIO_number": 999,
    "eval_TERRITORIO_precision": 0.9426070038910506,
    "eval_TERRITORIO_recall": 0.96996996996997,
    "eval_loss": 0.04613994434475899,
    "eval_overall_accuracy": 0.9941817302157974,
    "eval_overall_f1": 0.9451224574512246,
    "eval_overall_precision": 0.9351076063742402,
    "eval_overall_recall": 0.9553541456864719,
    "eval_runtime": 12.6259,
    "eval_samples_per_second": 44.512,
    "eval_steps_per_second": 1.426
}