{
    "CALLE_f1": 0.951923076923077,
    "CALLE_number": 413,
    "CALLE_precision": 0.9451073985680191,
    "CALLE_recall": 0.9588377723970944,
    "CENTRO_SALUD_f1": 0.0,
    "CENTRO_SALUD_number": 6,
    "CENTRO_SALUD_precision": 0.0,
    "CENTRO_SALUD_recall": 0.0,
    "CORREO_ELECTRONICO_f1": 0.9886792452830189,
    "CORREO_ELECTRONICO_number": 265,
    "CORREO_ELECTRONICO_precision": 0.9886792452830189,
    "CORREO_ELECTRONICO_recall": 0.9886792452830189,
    "EDAD_SUJETO_ASISTENCIA_f1": 0.9847036328871892,
    "EDAD_SUJETO_ASISTENCIA_number": 518,
    "EDAD_SUJETO_ASISTENCIA_precision": 0.9753787878787878,
    "EDAD_SUJETO_ASISTENCIA_recall": 0.9942084942084942,
    "FAMILIARES_SUJETO_ASISTENCIA_f1": 0.7251461988304092,
    "FAMILIARES_SUJETO_ASISTENCIA_number": 81,
    "FAMILIARES_SUJETO_ASISTENCIA_precision": 0.6888888888888889,
    "FAMILIARES_SUJETO_ASISTENCIA_recall": 0.7654320987654321,
    "FECHAS_f1": 0.9950980392156863,
    "FECHAS_number": 611,
    "FECHAS_precision": 0.9934747145187602,
    "FECHAS_recall": 0.9967266775777414,
    "HOSPITAL_f1": 0.923076923076923,
    "HOSPITAL_number": 131,
    "HOSPITAL_precision": 0.9302325581395349,
    "HOSPITAL_recall": 0.916030534351145,
    "ID_ASEGURAMIENTO_f1": 0.9949494949494949,
    "ID_ASEGURAMIENTO_number": 199,
    "ID_ASEGURAMIENTO_precision": 1.0,
    "ID_ASEGURAMIENTO_recall": 0.9899497487437185,
    "ID_CONTACTO_ASISTENCIAL_f1": 1.0,
    "ID_CONTACTO_ASISTENCIAL_number": 44,
    "ID_CONTACTO_ASISTENCIAL_precision": 1.0,
    "ID_CONTACTO_ASISTENCIAL_recall": 1.0,
    "ID_SUJETO_ASISTENCIA_f1": 0.9827315541601256,
    "ID_SUJETO_ASISTENCIA_number": 316,
    "ID_SUJETO_ASISTENCIA_precision": 0.9750778816199377,
    "ID_SUJETO_ASISTENCIA_recall": 0.990506329113924,
    "ID_TITULACION_PERSONAL_SANITARIO_f1": 0.9978678038379531,
    "ID_TITULACION_PERSONAL_SANITARIO_number": 234,
    "ID_TITULACION_PERSONAL_SANITARIO_precision": 0.9957446808510638,
    "ID_TITULACION_PERSONAL_SANITARIO_recall": 1.0,
    "INSTITUCION_f1": 0.5061728395061729,
    "INSTITUCION_number": 67,
    "INSTITUCION_precision": 0.43157894736842106,
    "INSTITUCION_recall": 0.6119402985074627,
    "NOMBRE_PERSONAL_SANITARIO_f1": 0.9960159362549801,
    "NOMBRE_PERSONAL_SANITARIO_number": 501,
    "NOMBRE_PERSONAL_SANITARIO_precision": 0.9940357852882704,
    "NOMBRE_PERSONAL_SANITARIO_recall": 0.998003992015968,
    "NOMBRE_SUJETO_ASISTENCIA_f1": 0.999004975124378,
    "NOMBRE_SUJETO_ASISTENCIA_number": 502,
    "NOMBRE_SUJETO_ASISTENCIA_precision": 0.9980119284294234,
    "NOMBRE_SUJETO_ASISTENCIA_recall": 1.0,
    "NUMERO_FAX_f1": 0.8421052631578948,
    "NUMERO_FAX_number": 10,
    "NUMERO_FAX_precision": 0.8888888888888888,
    "NUMERO_FAX_recall": 0.8,
    "NUMERO_TELEFONO_f1": 0.9538461538461539,
    "NUMERO_TELEFONO_number": 32,
    "NUMERO_TELEFONO_precision": 0.9393939393939394,
    "NUMERO_TELEFONO_recall": 0.96875,
    "OTROS_SUJETO_ASISTENCIA_f1": 0.0,
    "OTROS_SUJETO_ASISTENCIA_number": 7,
    "OTROS_SUJETO_ASISTENCIA_precision": 0.0,
    "OTROS_SUJETO_ASISTENCIA_recall": 0.0,
    "PAIS_f1": 0.9862637362637363,
    "PAIS_number": 363,
    "PAIS_precision": 0.9835616438356164,
    "PAIS_recall": 0.9889807162534435,
    "PROFESION_f1": 0.75,
    "PROFESION_number": 10,
    "PROFESION_precision": 0.6428571428571429,
    "PROFESION_recall": 0.9,
    "SEXO_SUJETO_ASISTENCIA_f1": 0.9849462365591397,
    "SEXO_SUJETO_ASISTENCIA_number": 461,
    "SEXO_SUJETO_ASISTENCIA_precision": 0.976545842217484,
    "SEXO_SUJETO_ASISTENCIA_recall": 0.9934924078091106,
    "TERRITORIO_f1": 0.9789203084832905,
    "TERRITORIO_number": 974,
    "TERRITORIO_precision": 0.98043254376931,
    "TERRITORIO_recall": 0.9774127310061602,
    "overall_accuracy": 0.9973462601828015,
    "overall_f1": 0.9712703357563172,
    "overall_precision": 0.9657546033384959,
    "overall_recall": 0.9768494342906876
}