{
    "epoch": 10.0,
    "eval_NORMALIZABLES_f1": 0.9050832208726945,
    "eval_NORMALIZABLES_number": 1104,
    "eval_NORMALIZABLES_precision": 0.8990169794459338,
    "eval_NORMALIZABLES_recall": 0.9112318840579711,
    "eval_NO_NORMALIZABLES_f1": 0.16666666666666666,
    "eval_NO_NORMALIZABLES_number": 16,
    "eval_NO_NORMALIZABLES_precision": 0.25,
    "eval_NO_NORMALIZABLES_recall": 0.125,
    "eval_PROTEINAS_f1": 0.8728984532616005,
    "eval_PROTEINAS_number": 733,
    "eval_PROTEINAS_precision": 0.8607427055702918,
    "eval_PROTEINAS_recall": 0.8854024556616644,
    "eval_UNCLEAR_f1": 0.8314606741573033,
    "eval_UNCLEAR_number": 44,
    "eval_UNCLEAR_precision": 0.8222222222222222,
    "eval_UNCLEAR_recall": 0.8409090909090909,
    "eval_loss": 0.03001415729522705,
    "eval_overall_accuracy": 0.995330014373932,
    "eval_overall_f1": 0.8862150143866074,
    "eval_overall_precision": 0.8795430944963655,
    "eval_overall_recall": 0.8929889298892989,
    "eval_runtime": 8.5837,
    "eval_samples_per_second": 441.183,
    "eval_steps_per_second": 27.61
}