{
    "NORMALIZABLES_f1": 0.9054263565891474,
    "NORMALIZABLES_number": 962,
    "NORMALIZABLES_precision": 0.9003083247687564,
    "NORMALIZABLES_recall": 0.9106029106029107,
    "NO_NORMALIZABLES_f1": 0.0,
    "NO_NORMALIZABLES_number": 10,
    "NO_NORMALIZABLES_precision": 0.0,
    "NO_NORMALIZABLES_recall": 0.0,
    "PROTEINAS_f1": 0.8528389339513325,
    "PROTEINAS_number": 830,
    "PROTEINAS_precision": 0.8214285714285714,
    "PROTEINAS_recall": 0.8867469879518072,
    "UNCLEAR_f1": 0.7647058823529412,
    "UNCLEAR_number": 34,
    "UNCLEAR_precision": 0.7647058823529411,
    "UNCLEAR_recall": 0.7647058823529411,
    "overall_accuracy": 0.9956455955586266,
    "overall_f1": 0.8742994395516412,
    "overall_precision": 0.8571428571428571,
    "overall_recall": 0.8921568627450981
}