{
    "PROCEDIMIENTO_f1": 0.7384233737596471,
    "PROCEDIMIENTO_number": 3533,
    "PROCEDIMIENTO_precision": 0.7195809830781628,
    "PROCEDIMIENTO_recall": 0.7582790829323521,
    "epoch": 10.0,
    "eval_PROCEDIMIENTO_f1": 0.7359154929577464,
    "eval_PROCEDIMIENTO_number": 2459,
    "eval_PROCEDIMIENTO_precision": 0.7090086694308331,
    "eval_PROCEDIMIENTO_recall": 0.7649450996339976,
    "eval_loss": 0.21342182159423828,
    "eval_overall_accuracy": 0.9621238567339244,
    "eval_overall_f1": 0.7359154929577464,
    "eval_overall_precision": 0.7090086694308331,
    "eval_overall_recall": 0.7649450996339976,
    "eval_runtime": 3.6511,
    "eval_samples_per_second": 76.142,
    "eval_steps_per_second": 9.586,
    "overall_accuracy": 0.9627356158271125,
    "overall_f1": 0.7384233737596471,
    "overall_precision": 0.7195809830781628,
    "overall_recall": 0.7582790829323521,
    "total_flos": 3030046638943104.0,
    "train_loss": 0.04586268227675865,
    "train_runtime": 890.5541,
    "train_samples_per_second": 13.026,
    "train_steps_per_second": 1.628
}