{
    "epoch": 10.0,
    "eval_CALLE_f1": 0.9215017064846416,
    "eval_CALLE_number": 435,
    "eval_CALLE_precision": 0.9121621621621622,
    "eval_CALLE_recall": 0.9310344827586207,
    "eval_CENTRO_SALUD_f1": 0.4,
    "eval_CENTRO_SALUD_number": 2,
    "eval_CENTRO_SALUD_precision": 0.3333333333333333,
    "eval_CENTRO_SALUD_recall": 0.5,
    "eval_CORREO_ELECTRONICO_f1": 0.9772256728778468,
    "eval_CORREO_ELECTRONICO_number": 239,
    "eval_CORREO_ELECTRONICO_precision": 0.9672131147540983,
    "eval_CORREO_ELECTRONICO_recall": 0.9874476987447699,
    "eval_EDAD_SUJETO_ASISTENCIA_f1": 0.952561669829222,
    "eval_EDAD_SUJETO_ASISTENCIA_number": 527,
    "eval_EDAD_SUJETO_ASISTENCIA_precision": 0.952561669829222,
    "eval_EDAD_SUJETO_ASISTENCIA_recall": 0.952561669829222,
    "eval_FAMILIARES_SUJETO_ASISTENCIA_f1": 0.8040201005025126,
    "eval_FAMILIARES_SUJETO_ASISTENCIA_number": 101,
    "eval_FAMILIARES_SUJETO_ASISTENCIA_precision": 0.8163265306122449,
    "eval_FAMILIARES_SUJETO_ASISTENCIA_recall": 0.7920792079207921,
    "eval_FECHAS_f1": 0.9602087410306589,
    "eval_FECHAS_number": 762,
    "eval_FECHAS_precision": 0.9546044098573282,
    "eval_FECHAS_recall": 0.9658792650918635,
    "eval_HOSPITAL_f1": 0.8770764119601329,
    "eval_HOSPITAL_number": 149,
    "eval_HOSPITAL_precision": 0.868421052631579,
    "eval_HOSPITAL_recall": 0.8859060402684564,
    "eval_ID_ASEGURAMIENTO_f1": 0.9869451697127937,
    "eval_ID_ASEGURAMIENTO_number": 192,
    "eval_ID_ASEGURAMIENTO_precision": 0.9895287958115183,
    "eval_ID_ASEGURAMIENTO_recall": 0.984375,
    "eval_ID_CONTACTO_ASISTENCIAL_f1": 0.9538461538461539,
    "eval_ID_CONTACTO_ASISTENCIAL_number": 32,
    "eval_ID_CONTACTO_ASISTENCIAL_precision": 0.9393939393939394,
    "eval_ID_CONTACTO_ASISTENCIAL_recall": 0.96875,
    "eval_ID_SUJETO_ASISTENCIA_f1": 0.9347079037800687,
    "eval_ID_SUJETO_ASISTENCIA_number": 285,
    "eval_ID_SUJETO_ASISTENCIA_precision": 0.9158249158249159,
    "eval_ID_SUJETO_ASISTENCIA_recall": 0.9543859649122807,
    "eval_ID_TITULACION_PERSONAL_SANITARIO_f1": 0.9626373626373625,
    "eval_ID_TITULACION_PERSONAL_SANITARIO_number": 226,
    "eval_ID_TITULACION_PERSONAL_SANITARIO_precision": 0.9563318777292577,
    "eval_ID_TITULACION_PERSONAL_SANITARIO_recall": 0.9690265486725663,
    "eval_INSTITUCION_f1": 0.659217877094972,
    "eval_INSTITUCION_number": 85,
    "eval_INSTITUCION_precision": 0.6276595744680851,
    "eval_INSTITUCION_recall": 0.6941176470588235,
    "eval_NOMBRE_PERSONAL_SANITARIO_f1": 0.9558541266794626,
    "eval_NOMBRE_PERSONAL_SANITARIO_number": 520,
    "eval_NOMBRE_PERSONAL_SANITARIO_precision": 0.9540229885057471,
    "eval_NOMBRE_PERSONAL_SANITARIO_recall": 0.9576923076923077,
    "eval_NOMBRE_SUJETO_ASISTENCIA_f1": 0.9818548387096775,
    "eval_NOMBRE_SUJETO_ASISTENCIA_number": 488,
    "eval_NOMBRE_SUJETO_ASISTENCIA_precision": 0.9662698412698413,
    "eval_NOMBRE_SUJETO_ASISTENCIA_recall": 0.9979508196721312,
    "eval_NUMERO_FAX_f1": 0.5,
    "eval_NUMERO_FAX_number": 6,
    "eval_NUMERO_FAX_precision": 0.5,
    "eval_NUMERO_FAX_recall": 0.5,
    "eval_NUMERO_TELEFONO_f1": 0.923076923076923,
    "eval_NUMERO_TELEFONO_number": 25,
    "eval_NUMERO_TELEFONO_precision": 0.8888888888888888,
    "eval_NUMERO_TELEFONO_recall": 0.96,
    "eval_OTROS_SUJETO_ASISTENCIA_f1": 0.0,
    "eval_OTROS_SUJETO_ASISTENCIA_number": 7,
    "eval_OTROS_SUJETO_ASISTENCIA_precision": 0.0,
    "eval_OTROS_SUJETO_ASISTENCIA_recall": 0.0,
    "eval_PAIS_f1": 0.9660056657223797,
    "eval_PAIS_number": 351,
    "eval_PAIS_precision": 0.9605633802816902,
    "eval_PAIS_recall": 0.9715099715099715,
    "eval_PROFESION_f1": 0.4444444444444445,
    "eval_PROFESION_number": 4,
    "eval_PROFESION_precision": 0.4,
    "eval_PROFESION_recall": 0.5,
    "eval_SEXO_SUJETO_ASISTENCIA_f1": 0.9490790899241602,
    "eval_SEXO_SUJETO_ASISTENCIA_number": 456,
    "eval_SEXO_SUJETO_ASISTENCIA_precision": 0.9379014989293362,
    "eval_SEXO_SUJETO_ASISTENCIA_recall": 0.9605263157894737,
    "eval_TERRITORIO_f1": 0.9604584527220631,
    "eval_TERRITORIO_number": 863,
    "eval_TERRITORIO_precision": 0.9501133786848073,
    "eval_TERRITORIO_recall": 0.9710312862108922,
    "eval_loss": 0.03998386114835739,
    "eval_overall_accuracy": 0.9947294408607826,
    "eval_overall_f1": 0.9465793555057729,
    "eval_overall_precision": 0.9388138779695778,
    "eval_overall_recall": 0.9544743701129452,
    "eval_runtime": 8.5749,
    "eval_samples_per_second": 71.138,
    "eval_steps_per_second": 8.98
}