{
    "CALLE_f1": 0.9423076923076923,
    "CALLE_number": 413,
    "CALLE_precision": 0.9355608591885441,
    "CALLE_recall": 0.9491525423728814,
    "CENTRO_SALUD_f1": 0.9090909090909091,
    "CENTRO_SALUD_number": 6,
    "CENTRO_SALUD_precision": 1.0,
    "CENTRO_SALUD_recall": 0.8333333333333334,
    "CORREO_ELECTRONICO_f1": 0.9817444219066938,
    "CORREO_ELECTRONICO_number": 246,
    "CORREO_ELECTRONICO_precision": 0.979757085020243,
    "CORREO_ELECTRONICO_recall": 0.983739837398374,
    "EDAD_SUJETO_ASISTENCIA_f1": 0.9866156787762906,
    "EDAD_SUJETO_ASISTENCIA_number": 518,
    "EDAD_SUJETO_ASISTENCIA_precision": 0.9772727272727273,
    "EDAD_SUJETO_ASISTENCIA_recall": 0.9961389961389961,
    "FAMILIARES_SUJETO_ASISTENCIA_f1": 0.7167630057803468,
    "FAMILIARES_SUJETO_ASISTENCIA_number": 80,
    "FAMILIARES_SUJETO_ASISTENCIA_precision": 0.6666666666666666,
    "FAMILIARES_SUJETO_ASISTENCIA_recall": 0.775,
    "FECHAS_f1": 0.9877750611246944,
    "FECHAS_number": 611,
    "FECHAS_precision": 0.9837662337662337,
    "FECHAS_recall": 0.9918166939443536,
    "HOSPITAL_f1": 0.9098039215686274,
    "HOSPITAL_number": 130,
    "HOSPITAL_precision": 0.928,
    "HOSPITAL_recall": 0.8923076923076924,
    "ID_ASEGURAMIENTO_f1": 0.9974683544303797,
    "ID_ASEGURAMIENTO_number": 198,
    "ID_ASEGURAMIENTO_precision": 1.0,
    "ID_ASEGURAMIENTO_recall": 0.9949494949494949,
    "ID_CONTACTO_ASISTENCIAL_f1": 1.0,
    "ID_CONTACTO_ASISTENCIAL_number": 39,
    "ID_CONTACTO_ASISTENCIAL_precision": 1.0,
    "ID_CONTACTO_ASISTENCIAL_recall": 1.0,
    "ID_SUJETO_ASISTENCIA_f1": 0.9666080843585237,
    "ID_SUJETO_ASISTENCIA_number": 283,
    "ID_SUJETO_ASISTENCIA_precision": 0.9615384615384616,
    "ID_SUJETO_ASISTENCIA_recall": 0.9717314487632509,
    "ID_TITULACION_PERSONAL_SANITARIO_f1": 0.9978678038379531,
    "ID_TITULACION_PERSONAL_SANITARIO_number": 234,
    "ID_TITULACION_PERSONAL_SANITARIO_precision": 0.9957446808510638,
    "ID_TITULACION_PERSONAL_SANITARIO_recall": 1.0,
    "INSTITUCION_f1": 0.47682119205298007,
    "INSTITUCION_number": 67,
    "INSTITUCION_precision": 0.42857142857142855,
    "INSTITUCION_recall": 0.5373134328358209,
    "NOMBRE_PERSONAL_SANITARIO_f1": 0.99203187250996,
    "NOMBRE_PERSONAL_SANITARIO_number": 501,
    "NOMBRE_PERSONAL_SANITARIO_precision": 0.9900596421471173,
    "NOMBRE_PERSONAL_SANITARIO_recall": 0.9940119760479041,
    "NOMBRE_SUJETO_ASISTENCIA_f1": 0.999004975124378,
    "NOMBRE_SUJETO_ASISTENCIA_number": 502,
    "NOMBRE_SUJETO_ASISTENCIA_precision": 0.9980119284294234,
    "NOMBRE_SUJETO_ASISTENCIA_recall": 1.0,
    "NUMERO_FAX_f1": 0.7692307692307692,
    "NUMERO_FAX_number": 7,
    "NUMERO_FAX_precision": 0.8333333333333334,
    "NUMERO_FAX_recall": 0.7142857142857143,
    "NUMERO_TELEFONO_f1": 0.9433962264150944,
    "NUMERO_TELEFONO_number": 26,
    "NUMERO_TELEFONO_precision": 0.9259259259259259,
    "NUMERO_TELEFONO_recall": 0.9615384615384616,
    "OTROS_SUJETO_ASISTENCIA_f1": 0.0,
    "OTROS_SUJETO_ASISTENCIA_number": 7,
    "OTROS_SUJETO_ASISTENCIA_precision": 0.0,
    "OTROS_SUJETO_ASISTENCIA_recall": 0.0,
    "PAIS_f1": 0.9797023004059541,
    "PAIS_number": 363,
    "PAIS_precision": 0.9627659574468085,
    "PAIS_recall": 0.9972451790633609,
    "PROFESION_f1": 0.6923076923076924,
    "PROFESION_number": 9,
    "PROFESION_precision": 0.5294117647058824,
    "PROFESION_recall": 1.0,
    "SEXO_SUJETO_ASISTENCIA_f1": 0.9827213822894169,
    "SEXO_SUJETO_ASISTENCIA_number": 461,
    "SEXO_SUJETO_ASISTENCIA_precision": 0.978494623655914,
    "SEXO_SUJETO_ASISTENCIA_recall": 0.9869848156182213,
    "TERRITORIO_f1": 0.9740181268882175,
    "TERRITORIO_number": 829,
    "TERRITORIO_precision": 0.9757869249394673,
    "TERRITORIO_recall": 0.9722557297949337,
    "overall_accuracy": 0.9974851295663171,
    "overall_f1": 0.9673766513885145,
    "overall_precision": 0.961586564230838,
    "overall_recall": 0.9732368896925859
}