{
    "ENFERMEDAD_f1": 0.7250904934273196,
    "ENFERMEDAD_number": 2548,
    "ENFERMEDAD_precision": 0.7045538689374305,
    "ENFERMEDAD_recall": 0.7468602825745683,
    "epoch": 10.0,
    "eval_ENFERMEDAD_f1": 0.7170218505530077,
    "eval_ENFERMEDAD_number": 1797,
    "eval_ENFERMEDAD_precision": 0.6958115183246073,
    "eval_ENFERMEDAD_recall": 0.7395659432387313,
    "eval_loss": 0.1885482370853424,
    "eval_overall_accuracy": 0.965258289159131,
    "eval_overall_f1": 0.7170218505530077,
    "eval_overall_precision": 0.6958115183246073,
    "eval_overall_recall": 0.7395659432387313,
    "eval_runtime": 4.1971,
    "eval_samples_per_second": 67.19,
    "eval_steps_per_second": 8.577,
    "overall_accuracy": 0.9661424729561872,
    "overall_f1": 0.7250904934273196,
    "overall_precision": 0.7045538689374305,
    "overall_recall": 0.7468602825745683,
    "total_flos": 3020933667603456.0,
    "train_loss": 0.036199527937790445,
    "train_runtime": 977.0948,
    "train_samples_per_second": 11.841,
    "train_steps_per_second": 1.484
}