{
    "ENFERMEDAD_f1": 0.7406709385601206,
    "ENFERMEDAD_number": 2561,
    "ENFERMEDAD_precision": 0.7158469945355191,
    "ENFERMEDAD_recall": 0.7672784068723155,
    "epoch": 10.0,
    "eval_ENFERMEDAD_f1": 0.7357425183512141,
    "eval_ENFERMEDAD_number": 1700,
    "eval_ENFERMEDAD_precision": 0.7073832790445168,
    "eval_ENFERMEDAD_recall": 0.7664705882352941,
    "eval_loss": 0.15153737366199493,
    "eval_overall_accuracy": 0.9706625998314404,
    "eval_overall_f1": 0.7357425183512141,
    "eval_overall_precision": 0.7073832790445168,
    "eval_overall_recall": 0.7664705882352941,
    "eval_runtime": 4.0804,
    "eval_samples_per_second": 51.22,
    "eval_steps_per_second": 6.617,
    "overall_accuracy": 0.9699058521730785,
    "overall_f1": 0.7406709385601206,
    "overall_precision": 0.7158469945355191,
    "overall_recall": 0.7672784068723155,
    "total_flos": 2155211465564736.0,
    "train_loss": 0.028931319541656054,
    "train_runtime": 732.5672,
    "train_samples_per_second": 11.33,
    "train_steps_per_second": 1.42
}