{
    "MORFOLOGIA_NEOPLASIA_f1": 0.8320950965824666,
    "MORFOLOGIA_NEOPLASIA_number": 3562,
    "MORFOLOGIA_NEOPLASIA_precision": 0.8018745118458734,
    "MORFOLOGIA_NEOPLASIA_recall": 0.8646827624929815,
    "epoch": 10.0,
    "eval_MORFOLOGIA_NEOPLASIA_f1": 0.8327296674349688,
    "eval_MORFOLOGIA_NEOPLASIA_number": 5908,
    "eval_MORFOLOGIA_NEOPLASIA_precision": 0.8105769230769231,
    "eval_MORFOLOGIA_NEOPLASIA_recall": 0.8561272850372377,
    "eval_loss": 0.053531911224126816,
    "eval_overall_accuracy": 0.9913962635201573,
    "eval_overall_f1": 0.8327296674349688,
    "eval_overall_precision": 0.8105769230769231,
    "eval_overall_recall": 0.8561272850372377,
    "eval_runtime": 31.7355,
    "eval_samples_per_second": 16.007,
    "eval_steps_per_second": 4.002,
    "overall_accuracy": 0.9914152892561984,
    "overall_f1": 0.8320950965824666,
    "overall_precision": 0.8018745118458734,
    "overall_recall": 0.8646827624929815,
    "total_flos": 4645918987670016.0,
    "train_loss": 0.013882659003138542,
    "train_runtime": 1757.5278,
    "train_samples_per_second": 2.896,
    "train_steps_per_second": 0.364
}