{
    "MORFOLOGIA_NEOPLASIA_f1": 0.8320950965824666,
    "MORFOLOGIA_NEOPLASIA_number": 3562,
    "MORFOLOGIA_NEOPLASIA_precision": 0.8018745118458734,
    "MORFOLOGIA_NEOPLASIA_recall": 0.8646827624929815,
    "overall_accuracy": 0.9914152892561984,
    "overall_f1": 0.8320950965824666,
    "overall_precision": 0.8018745118458734,
    "overall_recall": 0.8646827624929815
}