{
    "MORFOLOGIA_NEOPLASIA_f1": 0.8309308904755489,
    "MORFOLOGIA_NEOPLASIA_number": 3562,
    "MORFOLOGIA_NEOPLASIA_precision": 0.7987567987567987,
    "MORFOLOGIA_NEOPLASIA_recall": 0.8658057271195957,
    "overall_accuracy": 0.9914531680440771,
    "overall_f1": 0.8309308904755489,
    "overall_precision": 0.7987567987567987,
    "overall_recall": 0.8658057271195957
}