{
    "DIAGNOSTICO_f1": 0.6518478112641484,
    "DIAGNOSTICO_number": 3478,
    "DIAGNOSTICO_precision": 0.6199740596627756,
    "DIAGNOSTICO_recall": 0.6871765382403681,
    "PROCEDIMIENTO_f1": 0.5812101910828026,
    "PROCEDIMIENTO_number": 1240,
    "PROCEDIMIENTO_precision": 0.5738993710691824,
    "PROCEDIMIENTO_recall": 0.5887096774193549,
    "epoch": 10.0,
    "eval_DIAGNOSTICO_f1": 0.626579080343608,
    "eval_DIAGNOSTICO_number": 3759,
    "eval_DIAGNOSTICO_precision": 0.5965840750541256,
    "eval_DIAGNOSTICO_recall": 0.6597499334929503,
    "eval_PROCEDIMIENTO_f1": 0.5726465364120781,
    "eval_PROCEDIMIENTO_number": 1424,
    "eval_PROCEDIMIENTO_precision": 0.5794392523364486,
    "eval_PROCEDIMIENTO_recall": 0.5660112359550562,
    "eval_loss": 0.21929316222667694,
    "eval_overall_accuracy": 0.9474580245277441,
    "eval_overall_f1": 0.6124312738794148,
    "eval_overall_precision": 0.5922855082912761,
    "eval_overall_recall": 0.6339957553540421,
    "eval_runtime": 6.8249,
    "eval_samples_per_second": 69.745,
    "eval_steps_per_second": 8.791,
    "overall_accuracy": 0.9481029890500148,
    "overall_f1": 0.6338242762823769,
    "overall_precision": 0.6085430076067876,
    "overall_recall": 0.6612971598134803,
    "total_flos": 2507516965097472.0,
    "train_loss": 0.08117780764897664,
    "train_runtime": 999.1624,
    "train_samples_per_second": 9.608,
    "train_steps_per_second": 1.201
}