{
    "DIAGNOSTICO_f1": 0.6518478112641484,
    "DIAGNOSTICO_number": 3478,
    "DIAGNOSTICO_precision": 0.6199740596627756,
    "DIAGNOSTICO_recall": 0.6871765382403681,
    "PROCEDIMIENTO_f1": 0.5812101910828026,
    "PROCEDIMIENTO_number": 1240,
    "PROCEDIMIENTO_precision": 0.5738993710691824,
    "PROCEDIMIENTO_recall": 0.5887096774193549,
    "overall_accuracy": 0.9481029890500148,
    "overall_f1": 0.6338242762823769,
    "overall_precision": 0.6085430076067876,
    "overall_recall": 0.6612971598134803
}