{
    "NORMALIZABLES_f1": 0.9227621483375958,
    "NORMALIZABLES_number": 978,
    "NORMALIZABLES_precision": 0.9232343909928352,
    "NORMALIZABLES_recall": 0.9222903885480572,
    "NO_NORMALIZABLES_f1": 0.0,
    "NO_NORMALIZABLES_number": 10,
    "NO_NORMALIZABLES_precision": 0.0,
    "NO_NORMALIZABLES_recall": 0.0,
    "PROTEINAS_f1": 0.8577728776185225,
    "PROTEINAS_number": 869,
    "PROTEINAS_precision": 0.8232804232804233,
    "PROTEINAS_recall": 0.8952819332566168,
    "UNCLEAR_f1": 0.7560975609756098,
    "UNCLEAR_number": 35,
    "UNCLEAR_precision": 0.6595744680851063,
    "UNCLEAR_recall": 0.8857142857142857,
    "epoch": 10.0,
    "eval_NORMALIZABLES_f1": 0.897039328325232,
    "eval_NORMALIZABLES_number": 1122,
    "eval_NORMALIZABLES_precision": 0.8895705521472392,
    "eval_NORMALIZABLES_recall": 0.9046345811051694,
    "eval_NO_NORMALIZABLES_f1": 0.07142857142857144,
    "eval_NO_NORMALIZABLES_number": 16,
    "eval_NO_NORMALIZABLES_precision": 0.08333333333333333,
    "eval_NO_NORMALIZABLES_recall": 0.0625,
    "eval_PROTEINAS_f1": 0.8755700325732898,
    "eval_PROTEINAS_number": 757,
    "eval_PROTEINAS_precision": 0.8637532133676092,
    "eval_PROTEINAS_recall": 0.8877146631439894,
    "eval_UNCLEAR_f1": 0.8316831683168316,
    "eval_UNCLEAR_number": 44,
    "eval_UNCLEAR_precision": 0.7368421052631579,
    "eval_UNCLEAR_recall": 0.9545454545454546,
    "eval_loss": 0.03850485011935234,
    "eval_overall_accuracy": 0.9944361120518651,
    "eval_overall_f1": 0.8810797046091163,
    "eval_overall_precision": 0.8702213279678068,
    "eval_overall_recall": 0.8922124806601341,
    "eval_runtime": 16.5833,
    "eval_samples_per_second": 228.363,
    "eval_steps_per_second": 14.292,
    "overall_accuracy": 0.995243344356482,
    "overall_f1": 0.8846949327817993,
    "overall_precision": 0.8658906882591093,
    "overall_recall": 0.9043340380549683,
    "total_flos": 1.415861923309488e+16,
    "train_loss": 0.011319114922313477,
    "train_runtime": 2096.8254,
    "train_samples_per_second": 38.768,
    "train_steps_per_second": 2.427
}