{
    "NORMALIZABLES_f1": 0.9227621483375958,
    "NORMALIZABLES_number": 978,
    "NORMALIZABLES_precision": 0.9232343909928352,
    "NORMALIZABLES_recall": 0.9222903885480572,
    "NO_NORMALIZABLES_f1": 0.0,
    "NO_NORMALIZABLES_number": 10,
    "NO_NORMALIZABLES_precision": 0.0,
    "NO_NORMALIZABLES_recall": 0.0,
    "PROTEINAS_f1": 0.8577728776185225,
    "PROTEINAS_number": 869,
    "PROTEINAS_precision": 0.8232804232804233,
    "PROTEINAS_recall": 0.8952819332566168,
    "UNCLEAR_f1": 0.7560975609756098,
    "UNCLEAR_number": 35,
    "UNCLEAR_precision": 0.6595744680851063,
    "UNCLEAR_recall": 0.8857142857142857,
    "overall_accuracy": 0.995243344356482,
    "overall_f1": 0.8846949327817993,
    "overall_precision": 0.8658906882591093,
    "overall_recall": 0.9043340380549683
}