{
    "epoch": 10.0,
    "total_flos": 1.415861923309488e+16,
    "train_loss": 0.011319114922313477,
    "train_runtime": 2096.8254,
    "train_samples_per_second": 38.768,
    "train_steps_per_second": 2.427
}