{
    "epoch": 9.848,
    "eval_NORMALIZABLES_f1": 0.9171806167400881,
    "eval_NORMALIZABLES_number": 1121,
    "eval_NORMALIZABLES_precision": 0.9060052219321149,
    "eval_NORMALIZABLES_recall": 0.928635147190009,
    "eval_NO_NORMALIZABLES_f1": 0.15384615384615385,
    "eval_NO_NORMALIZABLES_number": 16,
    "eval_NO_NORMALIZABLES_precision": 0.2,
    "eval_NO_NORMALIZABLES_recall": 0.125,
    "eval_PROTEINAS_f1": 0.896276595744681,
    "eval_PROTEINAS_number": 745,
    "eval_PROTEINAS_precision": 0.8880105401844532,
    "eval_PROTEINAS_recall": 0.9046979865771813,
    "eval_UNCLEAR_f1": 0.7474747474747475,
    "eval_UNCLEAR_number": 44,
    "eval_UNCLEAR_precision": 0.6727272727272727,
    "eval_UNCLEAR_recall": 0.8409090909090909,
    "eval_loss": 0.022524815052747726,
    "eval_overall_accuracy": 0.9955369349503859,
    "eval_overall_f1": 0.8997178763785586,
    "eval_overall_precision": 0.8890015205271161,
    "eval_overall_recall": 0.9106957424714434,
    "eval_runtime": 7.2246,
    "eval_samples_per_second": 34.604,
    "eval_steps_per_second": 8.72
}