{
    "NORMALIZABLES_f1": 0.9312977099236641,
    "NORMALIZABLES_number": 973,
    "NORMALIZABLES_precision": 0.9223790322580645,
    "NORMALIZABLES_recall": 0.9403905447070915,
    "NO_NORMALIZABLES_f1": 0.0,
    "NO_NORMALIZABLES_number": 10,
    "NO_NORMALIZABLES_precision": 0.0,
    "NO_NORMALIZABLES_recall": 0.0,
    "PROTEINAS_f1": 0.8826879271070616,
    "PROTEINAS_number": 859,
    "PROTEINAS_precision": 0.8639910813823858,
    "PROTEINAS_recall": 0.9022118742724098,
    "UNCLEAR_f1": 0.782608695652174,
    "UNCLEAR_number": 34,
    "UNCLEAR_precision": 0.7714285714285715,
    "UNCLEAR_recall": 0.7941176470588235,
    "overall_accuracy": 0.9960130574493768,
    "overall_f1": 0.9022595901208618,
    "overall_precision": 0.8896373056994819,
    "overall_recall": 0.9152452025586354
}