{
    "epoch": 10.0,
    "eval_ENFERMEDAD_f1": 0.749929037751916,
    "eval_ENFERMEDAD_number": 1708,
    "eval_ENFERMEDAD_precision": 0.7278236914600551,
    "eval_ENFERMEDAD_recall": 0.7734192037470726,
    "eval_loss": 0.17757907509803772,
    "eval_overall_accuracy": 0.9717064315352697,
    "eval_overall_f1": 0.749929037751916,
    "eval_overall_precision": 0.7278236914600551,
    "eval_overall_recall": 0.7734192037470726,
    "eval_runtime": 2.914,
    "eval_samples_per_second": 73.438,
    "eval_steps_per_second": 9.266
}