{
    "ENFERMEDAD_f1": 0.7475672581568402,
    "ENFERMEDAD_number": 2550,
    "ENFERMEDAD_precision": 0.7279821627647715,
    "ENFERMEDAD_recall": 0.768235294117647,
    "epoch": 10.0,
    "eval_ENFERMEDAD_f1": 0.737984496124031,
    "eval_ENFERMEDAD_number": 1559,
    "eval_ENFERMEDAD_precision": 0.7142857142857143,
    "eval_ENFERMEDAD_recall": 0.7633098139833226,
    "eval_loss": 0.16491766273975372,
    "eval_overall_accuracy": 0.9711873259052924,
    "eval_overall_f1": 0.737984496124031,
    "eval_overall_precision": 0.7142857142857143,
    "eval_overall_recall": 0.7633098139833226,
    "eval_runtime": 6.2989,
    "eval_samples_per_second": 23.814,
    "eval_steps_per_second": 6.033,
    "overall_accuracy": 0.9708212395424278,
    "overall_f1": 0.7475672581568402,
    "overall_precision": 0.7279821627647715,
    "overall_recall": 0.768235294117647,
    "total_flos": 2782933889020992.0,
    "train_loss": 0.03394112237294515,
    "train_runtime": 1199.3804,
    "train_samples_per_second": 5.003,
    "train_steps_per_second": 0.625
}