{
    "FAMILIAR_f1": 0.2268041237113402,
    "FAMILIAR_number": 51,
    "FAMILIAR_precision": 0.2391304347826087,
    "FAMILIAR_recall": 0.21568627450980393,
    "OTROS_f1": 0.5945945945945945,
    "OTROS_number": 146,
    "OTROS_precision": 0.5866666666666667,
    "OTROS_recall": 0.6027397260273972,
    "PACIENTE_f1": 0.5794871794871794,
    "PACIENTE_number": 590,
    "PACIENTE_precision": 0.5844827586206897,
    "PACIENTE_recall": 0.5745762711864407,
    "SANITARIO_f1": 0.912751677852349,
    "SANITARIO_number": 291,
    "SANITARIO_precision": 0.8918032786885246,
    "SANITARIO_recall": 0.9347079037800687,
    "epoch": 9.97338403041825,
    "eval_FAMILIAR_f1": 0.3013698630136986,
    "eval_FAMILIAR_number": 41,
    "eval_FAMILIAR_precision": 0.34375,
    "eval_FAMILIAR_recall": 0.2682926829268293,
    "eval_OTROS_f1": 0.7003891050583657,
    "eval_OTROS_number": 132,
    "eval_OTROS_precision": 0.72,
    "eval_OTROS_recall": 0.6818181818181818,
    "eval_PACIENTE_f1": 0.5802816901408451,
    "eval_PACIENTE_number": 326,
    "eval_PACIENTE_precision": 0.5364583333333334,
    "eval_PACIENTE_recall": 0.6319018404907976,
    "eval_SANITARIO_f1": 0.8697394789579158,
    "eval_SANITARIO_number": 239,
    "eval_SANITARIO_precision": 0.8346153846153846,
    "eval_SANITARIO_recall": 0.9079497907949791,
    "eval_loss": 0.01949235051870346,
    "eval_overall_accuracy": 0.9958479432522352,
    "eval_overall_f1": 0.6809616634178038,
    "eval_overall_precision": 0.6541822721598003,
    "eval_overall_recall": 0.7100271002710027,
    "eval_runtime": 17.6363,
    "eval_samples_per_second": 14.572,
    "eval_steps_per_second": 3.686,
    "overall_accuracy": 0.994730486332199,
    "overall_f1": 0.6577119036591015,
    "overall_precision": 0.6567992599444958,
    "overall_recall": 0.6586270871985158,
    "total_flos": 9865065149155584.0,
    "train_loss": 0.0268963485956192,
    "train_runtime": 2990.584,
    "train_samples_per_second": 3.518,
    "train_steps_per_second": 0.107
}