{
    "epoch": 9.97338403041825,
    "eval_FAMILIAR_f1": 0.3013698630136986,
    "eval_FAMILIAR_number": 41,
    "eval_FAMILIAR_precision": 0.34375,
    "eval_FAMILIAR_recall": 0.2682926829268293,
    "eval_OTROS_f1": 0.7003891050583657,
    "eval_OTROS_number": 132,
    "eval_OTROS_precision": 0.72,
    "eval_OTROS_recall": 0.6818181818181818,
    "eval_PACIENTE_f1": 0.5802816901408451,
    "eval_PACIENTE_number": 326,
    "eval_PACIENTE_precision": 0.5364583333333334,
    "eval_PACIENTE_recall": 0.6319018404907976,
    "eval_SANITARIO_f1": 0.8697394789579158,
    "eval_SANITARIO_number": 239,
    "eval_SANITARIO_precision": 0.8346153846153846,
    "eval_SANITARIO_recall": 0.9079497907949791,
    "eval_loss": 0.01949235051870346,
    "eval_overall_accuracy": 0.9958479432522352,
    "eval_overall_f1": 0.6809616634178038,
    "eval_overall_precision": 0.6541822721598003,
    "eval_overall_recall": 0.7100271002710027,
    "eval_runtime": 17.6363,
    "eval_samples_per_second": 14.572,
    "eval_steps_per_second": 3.686
}