{
    "FAMILIAR_f1": 0.2268041237113402,
    "FAMILIAR_number": 51,
    "FAMILIAR_precision": 0.2391304347826087,
    "FAMILIAR_recall": 0.21568627450980393,
    "OTROS_f1": 0.5945945945945945,
    "OTROS_number": 146,
    "OTROS_precision": 0.5866666666666667,
    "OTROS_recall": 0.6027397260273972,
    "PACIENTE_f1": 0.5794871794871794,
    "PACIENTE_number": 590,
    "PACIENTE_precision": 0.5844827586206897,
    "PACIENTE_recall": 0.5745762711864407,
    "SANITARIO_f1": 0.912751677852349,
    "SANITARIO_number": 291,
    "SANITARIO_precision": 0.8918032786885246,
    "SANITARIO_recall": 0.9347079037800687,
    "overall_accuracy": 0.994730486332199,
    "overall_f1": 0.6577119036591015,
    "overall_precision": 0.6567992599444958,
    "overall_recall": 0.6586270871985158
}