{
    "epoch": 9.97338403041825,
    "total_flos": 9865065149155584.0,
    "train_loss": 0.0268963485956192,
    "train_runtime": 2990.584,
    "train_samples_per_second": 3.518,
    "train_steps_per_second": 0.107
}