{
    "epoch": 10.0,
    "eval_PROCEDIMIENTO_f1": 0.7567789646672144,
    "eval_PROCEDIMIENTO_number": 2330,
    "eval_PROCEDIMIENTO_precision": 0.7257683215130024,
    "eval_PROCEDIMIENTO_recall": 0.7905579399141631,
    "eval_loss": 0.17974238097667694,
    "eval_overall_accuracy": 0.9660391143815152,
    "eval_overall_f1": 0.7567789646672144,
    "eval_overall_precision": 0.7257683215130024,
    "eval_overall_recall": 0.7905579399141631,
    "eval_runtime": 3.7995,
    "eval_samples_per_second": 55.797,
    "eval_steps_per_second": 3.685
}