{
    "DIAGNOSTICO_f1": 0.6761282997445359,
    "DIAGNOSTICO_number": 3491,
    "DIAGNOSTICO_precision": 0.6700421940928271,
    "DIAGNOSTICO_recall": 0.6823259810942424,
    "PROCEDIMIENTO_f1": 0.5849981153411232,
    "PROCEDIMIENTO_number": 1241,
    "PROCEDIMIENTO_precision": 0.5495750708215298,
    "PROCEDIMIENTO_recall": 0.6253021756647864,
    "epoch": 9.704,
    "eval_DIAGNOSTICO_f1": 0.6638780997908574,
    "eval_DIAGNOSTICO_number": 3342,
    "eval_DIAGNOSTICO_precision": 0.6628878281622912,
    "eval_DIAGNOSTICO_recall": 0.6648713345302214,
    "eval_PROCEDIMIENTO_f1": 0.5913936044216345,
    "eval_PROCEDIMIENTO_number": 1205,
    "eval_PROCEDIMIENTO_precision": 0.5640060240963856,
    "eval_PROCEDIMIENTO_recall": 0.6215767634854772,
    "eval_loss": 0.17126663029193878,
    "eval_overall_accuracy": 0.9543547947074069,
    "eval_overall_f1": 0.6439796250135472,
    "eval_overall_precision": 0.6348290598290598,
    "eval_overall_recall": 0.6533978447327908,
    "eval_runtime": 9.1227,
    "eval_samples_per_second": 27.404,
    "eval_steps_per_second": 6.906,
    "overall_accuracy": 0.9559077663323394,
    "overall_f1": 0.6512011547582226,
    "overall_precision": 0.6357962552848803,
    "overall_recall": 0.6673710904480136,
    "total_flos": 2238419295076032.0,
    "train_loss": 0.09765624384726247,
    "train_runtime": 1018.2879,
    "train_samples_per_second": 4.91,
    "train_steps_per_second": 0.304
}