{
    "DIAGNOSTICO_f1": 0.6761282997445359,
    "DIAGNOSTICO_number": 3491,
    "DIAGNOSTICO_precision": 0.6700421940928271,
    "DIAGNOSTICO_recall": 0.6823259810942424,
    "PROCEDIMIENTO_f1": 0.5849981153411232,
    "PROCEDIMIENTO_number": 1241,
    "PROCEDIMIENTO_precision": 0.5495750708215298,
    "PROCEDIMIENTO_recall": 0.6253021756647864,
    "overall_accuracy": 0.9559077663323394,
    "overall_f1": 0.6512011547582226,
    "overall_precision": 0.6357962552848803,
    "overall_recall": 0.6673710904480136
}