{
    "ENFERMEDAD_f1": 0.7552581261950285,
    "ENFERMEDAD_number": 2550,
    "ENFERMEDAD_precision": 0.7369402985074627,
    "ENFERMEDAD_recall": 0.7745098039215687,
    "epoch": 10.0,
    "eval_ENFERMEDAD_f1": 0.7513227513227513,
    "eval_ENFERMEDAD_number": 1559,
    "eval_ENFERMEDAD_precision": 0.7297460701330108,
    "eval_ENFERMEDAD_recall": 0.7742142398973701,
    "eval_loss": 0.17945484817028046,
    "eval_overall_accuracy": 0.9707230733519034,
    "eval_overall_f1": 0.7513227513227513,
    "eval_overall_precision": 0.7297460701330108,
    "eval_overall_recall": 0.7742142398973701,
    "eval_runtime": 4.3623,
    "eval_samples_per_second": 34.386,
    "eval_steps_per_second": 8.711,
    "overall_accuracy": 0.9716578453133004,
    "overall_f1": 0.7552581261950285,
    "overall_precision": 0.7369402985074627,
    "overall_recall": 0.7745098039215687,
    "total_flos": 2782933889020992.0,
    "train_loss": 0.03148367476463318,
    "train_runtime": 873.9752,
    "train_samples_per_second": 6.865,
    "train_steps_per_second": 0.858
}