{
    "FARMACO_f1": 0.9132290184921764,
    "FARMACO_number": 1717,
    "FARMACO_precision": 0.89265850945495,
    "FARMACO_recall": 0.9347699475829936,
    "epoch": 10.0,
    "eval_FARMACO_f1": 0.9120245870149827,
    "eval_FARMACO_number": 2566,
    "eval_FARMACO_precision": 0.8992424242424243,
    "eval_FARMACO_recall": 0.9251753702260327,
    "eval_loss": 0.012382786720991135,
    "eval_overall_accuracy": 0.9980944885151509,
    "eval_overall_f1": 0.9120245870149827,
    "eval_overall_precision": 0.8992424242424243,
    "eval_overall_recall": 0.9251753702260327,
    "eval_runtime": 20.2009,
    "eval_samples_per_second": 14.702,
    "eval_steps_per_second": 3.713,
    "overall_accuracy": 0.9981730538587665,
    "overall_f1": 0.9132290184921764,
    "overall_precision": 0.89265850945495,
    "overall_recall": 0.9347699475829936,
    "total_flos": 4615462244332800.0,
    "train_loss": 0.0037803608179092407,
    "train_runtime": 1761.114,
    "train_samples_per_second": 5.678,
    "train_steps_per_second": 0.71
}