{
    "FARMACO_f1": 0.9132290184921764,
    "FARMACO_number": 1717,
    "FARMACO_precision": 0.89265850945495,
    "FARMACO_recall": 0.9347699475829936,
    "overall_accuracy": 0.9981730538587665,
    "overall_f1": 0.9132290184921764,
    "overall_precision": 0.89265850945495,
    "overall_recall": 0.9347699475829936
}