{
    "epoch": 10.0,
    "eval_CALLE_f1": 0.9234234234234234,
    "eval_CALLE_number": 438,
    "eval_CALLE_precision": 0.9111111111111111,
    "eval_CALLE_recall": 0.9360730593607306,
    "eval_CENTRO_SALUD_f1": 0.5,
    "eval_CENTRO_SALUD_number": 2,
    "eval_CENTRO_SALUD_precision": 0.5,
    "eval_CENTRO_SALUD_recall": 0.5,
    "eval_CORREO_ELECTRONICO_f1": 0.9704142011834319,
    "eval_CORREO_ELECTRONICO_number": 250,
    "eval_CORREO_ELECTRONICO_precision": 0.9571984435797666,
    "eval_CORREO_ELECTRONICO_recall": 0.984,
    "eval_EDAD_SUJETO_ASISTENCIA_f1": 0.9505703422053232,
    "eval_EDAD_SUJETO_ASISTENCIA_number": 526,
    "eval_EDAD_SUJETO_ASISTENCIA_precision": 0.9505703422053232,
    "eval_EDAD_SUJETO_ASISTENCIA_recall": 0.9505703422053232,
    "eval_FAMILIARES_SUJETO_ASISTENCIA_f1": 0.7149758454106281,
    "eval_FAMILIARES_SUJETO_ASISTENCIA_number": 103,
    "eval_FAMILIARES_SUJETO_ASISTENCIA_precision": 0.7115384615384616,
    "eval_FAMILIARES_SUJETO_ASISTENCIA_recall": 0.7184466019417476,
    "eval_FECHAS_f1": 0.9615133724722766,
    "eval_FECHAS_number": 762,
    "eval_FECHAS_precision": 0.9559014267185474,
    "eval_FECHAS_recall": 0.9671916010498688,
    "eval_HOSPITAL_f1": 0.8327868852459016,
    "eval_HOSPITAL_number": 151,
    "eval_HOSPITAL_precision": 0.8246753246753247,
    "eval_HOSPITAL_recall": 0.8410596026490066,
    "eval_ID_ASEGURAMIENTO_f1": 0.9869451697127937,
    "eval_ID_ASEGURAMIENTO_number": 192,
    "eval_ID_ASEGURAMIENTO_precision": 0.9895287958115183,
    "eval_ID_ASEGURAMIENTO_recall": 0.984375,
    "eval_ID_CONTACTO_ASISTENCIAL_f1": 0.9459459459459458,
    "eval_ID_CONTACTO_ASISTENCIAL_number": 36,
    "eval_ID_CONTACTO_ASISTENCIAL_precision": 0.9210526315789473,
    "eval_ID_CONTACTO_ASISTENCIAL_recall": 0.9722222222222222,
    "eval_ID_SUJETO_ASISTENCIA_f1": 0.9355322338830584,
    "eval_ID_SUJETO_ASISTENCIA_number": 325,
    "eval_ID_SUJETO_ASISTENCIA_precision": 0.9122807017543859,
    "eval_ID_SUJETO_ASISTENCIA_recall": 0.96,
    "eval_ID_TITULACION_PERSONAL_SANITARIO_f1": 0.962800875273523,
    "eval_ID_TITULACION_PERSONAL_SANITARIO_number": 227,
    "eval_ID_TITULACION_PERSONAL_SANITARIO_precision": 0.9565217391304348,
    "eval_ID_TITULACION_PERSONAL_SANITARIO_recall": 0.9691629955947136,
    "eval_INSTITUCION_f1": 0.6914893617021277,
    "eval_INSTITUCION_number": 86,
    "eval_INSTITUCION_precision": 0.6372549019607843,
    "eval_INSTITUCION_recall": 0.7558139534883721,
    "eval_NOMBRE_PERSONAL_SANITARIO_f1": 0.9556840077071291,
    "eval_NOMBRE_PERSONAL_SANITARIO_number": 518,
    "eval_NOMBRE_PERSONAL_SANITARIO_precision": 0.9538461538461539,
    "eval_NOMBRE_PERSONAL_SANITARIO_recall": 0.9575289575289575,
    "eval_NOMBRE_SUJETO_ASISTENCIA_f1": 0.9788092835519676,
    "eval_NOMBRE_SUJETO_ASISTENCIA_number": 487,
    "eval_NOMBRE_SUJETO_ASISTENCIA_precision": 0.9623015873015873,
    "eval_NOMBRE_SUJETO_ASISTENCIA_recall": 0.9958932238193019,
    "eval_NUMERO_FAX_f1": 0.6666666666666666,
    "eval_NUMERO_FAX_number": 7,
    "eval_NUMERO_FAX_precision": 0.625,
    "eval_NUMERO_FAX_recall": 0.7142857142857143,
    "eval_NUMERO_TELEFONO_f1": 0.8656716417910448,
    "eval_NUMERO_TELEFONO_number": 31,
    "eval_NUMERO_TELEFONO_precision": 0.8055555555555556,
    "eval_NUMERO_TELEFONO_recall": 0.9354838709677419,
    "eval_OTROS_SUJETO_ASISTENCIA_f1": 0.0,
    "eval_OTROS_SUJETO_ASISTENCIA_number": 7,
    "eval_OTROS_SUJETO_ASISTENCIA_precision": 0.0,
    "eval_OTROS_SUJETO_ASISTENCIA_recall": 0.0,
    "eval_PAIS_f1": 0.9702970297029704,
    "eval_PAIS_number": 352,
    "eval_PAIS_precision": 0.9661971830985916,
    "eval_PAIS_recall": 0.9744318181818182,
    "eval_PROFESION_f1": 0.8571428571428571,
    "eval_PROFESION_number": 4,
    "eval_PROFESION_precision": 1.0,
    "eval_PROFESION_recall": 0.75,
    "eval_SEXO_SUJETO_ASISTENCIA_f1": 0.9542483660130718,
    "eval_SEXO_SUJETO_ASISTENCIA_number": 455,
    "eval_SEXO_SUJETO_ASISTENCIA_precision": 0.9460043196544277,
    "eval_SEXO_SUJETO_ASISTENCIA_recall": 0.9626373626373627,
    "eval_TERRITORIO_f1": 0.9589718240237272,
    "eval_TERRITORIO_number": 999,
    "eval_TERRITORIO_precision": 0.947265625,
    "eval_TERRITORIO_recall": 0.970970970970971,
    "eval_loss": 0.045404624193906784,
    "eval_overall_accuracy": 0.9939606776720248,
    "eval_overall_f1": 0.9443521594684386,
    "eval_overall_precision": 0.934725419269977,
    "eval_overall_recall": 0.9541792547834844,
    "eval_runtime": 12.0965,
    "eval_samples_per_second": 46.46,
    "eval_steps_per_second": 1.488
}