{
    "CALLE_f1": 0.9485029940119761,
    "CALLE_number": 413,
    "CALLE_precision": 0.9383886255924171,
    "CALLE_recall": 0.9588377723970944,
    "CENTRO_SALUD_f1": 0.7272727272727272,
    "CENTRO_SALUD_number": 6,
    "CENTRO_SALUD_precision": 0.8,
    "CENTRO_SALUD_recall": 0.6666666666666666,
    "CORREO_ELECTRONICO_f1": 0.9591078066914498,
    "CORREO_ELECTRONICO_number": 265,
    "CORREO_ELECTRONICO_precision": 0.945054945054945,
    "CORREO_ELECTRONICO_recall": 0.9735849056603774,
    "EDAD_SUJETO_ASISTENCIA_f1": 0.9818529130850048,
    "EDAD_SUJETO_ASISTENCIA_number": 518,
    "EDAD_SUJETO_ASISTENCIA_precision": 0.9716446124763705,
    "EDAD_SUJETO_ASISTENCIA_recall": 0.9922779922779923,
    "FAMILIARES_SUJETO_ASISTENCIA_f1": 0.7368421052631577,
    "FAMILIARES_SUJETO_ASISTENCIA_number": 81,
    "FAMILIARES_SUJETO_ASISTENCIA_precision": 0.7,
    "FAMILIARES_SUJETO_ASISTENCIA_recall": 0.7777777777777778,
    "FECHAS_f1": 0.9934640522875817,
    "FECHAS_number": 611,
    "FECHAS_precision": 0.9918433931484503,
    "FECHAS_recall": 0.9950900163666121,
    "HOSPITAL_f1": 0.8923076923076924,
    "HOSPITAL_number": 131,
    "HOSPITAL_precision": 0.8992248062015504,
    "HOSPITAL_recall": 0.8854961832061069,
    "ID_ASEGURAMIENTO_f1": 0.9949494949494949,
    "ID_ASEGURAMIENTO_number": 199,
    "ID_ASEGURAMIENTO_precision": 1.0,
    "ID_ASEGURAMIENTO_recall": 0.9899497487437185,
    "ID_CONTACTO_ASISTENCIAL_f1": 1.0,
    "ID_CONTACTO_ASISTENCIAL_number": 44,
    "ID_CONTACTO_ASISTENCIAL_precision": 1.0,
    "ID_CONTACTO_ASISTENCIAL_recall": 1.0,
    "ID_SUJETO_ASISTENCIA_f1": 0.9796557120500782,
    "ID_SUJETO_ASISTENCIA_number": 316,
    "ID_SUJETO_ASISTENCIA_precision": 0.9690402476780186,
    "ID_SUJETO_ASISTENCIA_recall": 0.990506329113924,
    "ID_TITULACION_PERSONAL_SANITARIO_f1": 0.9978678038379531,
    "ID_TITULACION_PERSONAL_SANITARIO_number": 234,
    "ID_TITULACION_PERSONAL_SANITARIO_precision": 0.9957446808510638,
    "ID_TITULACION_PERSONAL_SANITARIO_recall": 1.0,
    "INSTITUCION_f1": 0.5673758865248227,
    "INSTITUCION_number": 67,
    "INSTITUCION_precision": 0.5405405405405406,
    "INSTITUCION_recall": 0.5970149253731343,
    "NOMBRE_PERSONAL_SANITARIO_f1": 0.998003992015968,
    "NOMBRE_PERSONAL_SANITARIO_number": 501,
    "NOMBRE_PERSONAL_SANITARIO_precision": 0.998003992015968,
    "NOMBRE_PERSONAL_SANITARIO_recall": 0.998003992015968,
    "NOMBRE_SUJETO_ASISTENCIA_f1": 0.999004975124378,
    "NOMBRE_SUJETO_ASISTENCIA_number": 502,
    "NOMBRE_SUJETO_ASISTENCIA_precision": 0.9980119284294234,
    "NOMBRE_SUJETO_ASISTENCIA_recall": 1.0,
    "NUMERO_FAX_f1": 1.0,
    "NUMERO_FAX_number": 10,
    "NUMERO_FAX_precision": 1.0,
    "NUMERO_FAX_recall": 1.0,
    "NUMERO_TELEFONO_f1": 0.9393939393939394,
    "NUMERO_TELEFONO_number": 32,
    "NUMERO_TELEFONO_precision": 0.9117647058823529,
    "NUMERO_TELEFONO_recall": 0.96875,
    "OTROS_SUJETO_ASISTENCIA_f1": 0.0,
    "OTROS_SUJETO_ASISTENCIA_number": 7,
    "OTROS_SUJETO_ASISTENCIA_precision": 0.0,
    "OTROS_SUJETO_ASISTENCIA_recall": 0.0,
    "PAIS_f1": 0.9904240766073871,
    "PAIS_number": 363,
    "PAIS_precision": 0.9836956521739131,
    "PAIS_recall": 0.9972451790633609,
    "PROFESION_f1": 0.7407407407407407,
    "PROFESION_number": 10,
    "PROFESION_precision": 0.5882352941176471,
    "PROFESION_recall": 1.0,
    "SEXO_SUJETO_ASISTENCIA_f1": 0.9881593110871905,
    "SEXO_SUJETO_ASISTENCIA_number": 461,
    "SEXO_SUJETO_ASISTENCIA_precision": 0.9807692307692307,
    "SEXO_SUJETO_ASISTENCIA_recall": 0.9956616052060737,
    "TERRITORIO_f1": 0.9753846153846153,
    "TERRITORIO_number": 974,
    "TERRITORIO_precision": 0.9743852459016393,
    "TERRITORIO_recall": 0.9763860369609856,
    "overall_accuracy": 0.9972775378369377,
    "overall_f1": 0.9710182541742365,
    "overall_precision": 0.9652562779497764,
    "overall_recall": 0.9768494342906876
}