{
    "NORMALIZABLES_f1": 0.9276248725790011,
    "NORMALIZABLES_number": 973,
    "NORMALIZABLES_precision": 0.9201213346814965,
    "NORMALIZABLES_recall": 0.935251798561151,
    "NO_NORMALIZABLES_f1": 0.0,
    "NO_NORMALIZABLES_number": 10,
    "NO_NORMALIZABLES_precision": 0.0,
    "NO_NORMALIZABLES_recall": 0.0,
    "PROTEINAS_f1": 0.8706015891032917,
    "PROTEINAS_number": 859,
    "PROTEINAS_precision": 0.8493909191583611,
    "PROTEINAS_recall": 0.8928987194412107,
    "UNCLEAR_f1": 0.7999999999999999,
    "UNCLEAR_number": 34,
    "UNCLEAR_precision": 0.7777777777777778,
    "UNCLEAR_recall": 0.8235294117647058,
    "epoch": 9.848,
    "eval_NORMALIZABLES_f1": 0.9096491228070175,
    "eval_NORMALIZABLES_number": 1121,
    "eval_NORMALIZABLES_precision": 0.8947368421052632,
    "eval_NORMALIZABLES_recall": 0.9250669045495094,
    "eval_NO_NORMALIZABLES_f1": 0.08695652173913043,
    "eval_NO_NORMALIZABLES_number": 16,
    "eval_NO_NORMALIZABLES_precision": 0.14285714285714285,
    "eval_NO_NORMALIZABLES_recall": 0.0625,
    "eval_PROTEINAS_f1": 0.9055851063829788,
    "eval_PROTEINAS_number": 745,
    "eval_PROTEINAS_precision": 0.8972332015810277,
    "eval_PROTEINAS_recall": 0.9140939597315436,
    "eval_UNCLEAR_f1": 0.76,
    "eval_UNCLEAR_number": 44,
    "eval_UNCLEAR_precision": 0.6785714285714286,
    "eval_UNCLEAR_recall": 0.8636363636363636,
    "eval_loss": 0.023444857448339462,
    "eval_overall_accuracy": 0.9953340683572216,
    "eval_overall_f1": 0.8994113130278986,
    "eval_overall_precision": 0.8869257950530035,
    "eval_overall_recall": 0.9122533748701973,
    "eval_runtime": 10.4198,
    "eval_samples_per_second": 23.993,
    "eval_steps_per_second": 6.046,
    "overall_accuracy": 0.9957070234796063,
    "overall_f1": 0.8943089430894309,
    "overall_precision": 0.8802271553949407,
    "overall_recall": 0.9088486140724946,
    "total_flos": 2312689863955968.0,
    "train_loss": 0.02126812052822882,
    "train_runtime": 1088.0633,
    "train_samples_per_second": 4.595,
    "train_steps_per_second": 0.57
}