{
    "epoch": 9.848,
    "eval_NORMALIZABLES_f1": 0.9096491228070175,
    "eval_NORMALIZABLES_number": 1121,
    "eval_NORMALIZABLES_precision": 0.8947368421052632,
    "eval_NORMALIZABLES_recall": 0.9250669045495094,
    "eval_NO_NORMALIZABLES_f1": 0.08695652173913043,
    "eval_NO_NORMALIZABLES_number": 16,
    "eval_NO_NORMALIZABLES_precision": 0.14285714285714285,
    "eval_NO_NORMALIZABLES_recall": 0.0625,
    "eval_PROTEINAS_f1": 0.9055851063829788,
    "eval_PROTEINAS_number": 745,
    "eval_PROTEINAS_precision": 0.8972332015810277,
    "eval_PROTEINAS_recall": 0.9140939597315436,
    "eval_UNCLEAR_f1": 0.76,
    "eval_UNCLEAR_number": 44,
    "eval_UNCLEAR_precision": 0.6785714285714286,
    "eval_UNCLEAR_recall": 0.8636363636363636,
    "eval_loss": 0.023444857448339462,
    "eval_overall_accuracy": 0.9953340683572216,
    "eval_overall_f1": 0.8994113130278986,
    "eval_overall_precision": 0.8869257950530035,
    "eval_overall_recall": 0.9122533748701973,
    "eval_runtime": 10.4198,
    "eval_samples_per_second": 23.993,
    "eval_steps_per_second": 6.046
}