{
    "NORMALIZABLES_f1": 0.9276248725790011,
    "NORMALIZABLES_number": 973,
    "NORMALIZABLES_precision": 0.9201213346814965,
    "NORMALIZABLES_recall": 0.935251798561151,
    "NO_NORMALIZABLES_f1": 0.0,
    "NO_NORMALIZABLES_number": 10,
    "NO_NORMALIZABLES_precision": 0.0,
    "NO_NORMALIZABLES_recall": 0.0,
    "PROTEINAS_f1": 0.8706015891032917,
    "PROTEINAS_number": 859,
    "PROTEINAS_precision": 0.8493909191583611,
    "PROTEINAS_recall": 0.8928987194412107,
    "UNCLEAR_f1": 0.7999999999999999,
    "UNCLEAR_number": 34,
    "UNCLEAR_precision": 0.7777777777777778,
    "UNCLEAR_recall": 0.8235294117647058,
    "overall_accuracy": 0.9957070234796063,
    "overall_f1": 0.8943089430894309,
    "overall_precision": 0.8802271553949407,
    "overall_recall": 0.9088486140724946
}