{
    "epoch": 9.97338403041825,
    "eval_FAMILIAR_f1": 0.5714285714285715,
    "eval_FAMILIAR_number": 41,
    "eval_FAMILIAR_precision": 0.6111111111111112,
    "eval_FAMILIAR_recall": 0.5365853658536586,
    "eval_OTROS_f1": 0.7649402390438247,
    "eval_OTROS_number": 132,
    "eval_OTROS_precision": 0.8067226890756303,
    "eval_OTROS_recall": 0.7272727272727273,
    "eval_PACIENTE_f1": 0.627906976744186,
    "eval_PACIENTE_number": 326,
    "eval_PACIENTE_precision": 0.5966850828729282,
    "eval_PACIENTE_recall": 0.6625766871165644,
    "eval_SANITARIO_f1": 0.8739837398373984,
    "eval_SANITARIO_number": 239,
    "eval_SANITARIO_precision": 0.849802371541502,
    "eval_SANITARIO_recall": 0.899581589958159,
    "eval_loss": 0.017432142049074173,
    "eval_overall_accuracy": 0.9960855879688999,
    "eval_overall_f1": 0.7281167108753315,
    "eval_overall_precision": 0.712987012987013,
    "eval_overall_recall": 0.7439024390243902,
    "eval_runtime": 15.346,
    "eval_samples_per_second": 16.747,
    "eval_steps_per_second": 4.236
}