{
    "FARMACO_f1": 0.9068157614483492,
    "FARMACO_number": 1834,
    "FARMACO_precision": 0.8860561914672217,
    "FARMACO_recall": 0.9285714285714286,
    "epoch": 10.0,
    "eval_FARMACO_f1": 0.9035877749889267,
    "eval_FARMACO_number": 3321,
    "eval_FARMACO_precision": 0.8864426419466975,
    "eval_FARMACO_recall": 0.9214092140921409,
    "eval_loss": 0.015625549480319023,
    "eval_overall_accuracy": 0.998026258502085,
    "eval_overall_f1": 0.9035877749889267,
    "eval_overall_precision": 0.8864426419466975,
    "eval_overall_recall": 0.9214092140921409,
    "eval_runtime": 30.879,
    "eval_samples_per_second": 42.326,
    "eval_steps_per_second": 5.311,
    "overall_accuracy": 0.9979447874091186,
    "overall_f1": 0.9068157614483492,
    "overall_precision": 0.8860561914672217,
    "overall_recall": 0.9285714285714286,
    "total_flos": 1.6092921499535616e+16,
    "train_loss": 0.005430969192479063,
    "train_runtime": 2561.4135,
    "train_samples_per_second": 6.77,
    "train_steps_per_second": 0.847
}