{
    "NORMALIZABLES_f1": 0.9244897959183672,
    "NORMALIZABLES_number": 973,
    "NORMALIZABLES_precision": 0.9179331306990881,
    "NORMALIZABLES_recall": 0.9311408016443987,
    "NO_NORMALIZABLES_f1": 0.0,
    "NO_NORMALIZABLES_number": 10,
    "NO_NORMALIZABLES_precision": 0.0,
    "NO_NORMALIZABLES_recall": 0.0,
    "PROTEINAS_f1": 0.8759954493742891,
    "PROTEINAS_number": 859,
    "PROTEINAS_precision": 0.8565072302558399,
    "PROTEINAS_recall": 0.8963911525029103,
    "UNCLEAR_f1": 0.7714285714285715,
    "UNCLEAR_number": 34,
    "UNCLEAR_precision": 0.75,
    "UNCLEAR_recall": 0.7941176470588235,
    "epoch": 9.848,
    "eval_NORMALIZABLES_f1": 0.9165562913907285,
    "eval_NORMALIZABLES_number": 1121,
    "eval_NORMALIZABLES_precision": 0.9073426573426573,
    "eval_NORMALIZABLES_recall": 0.9259589652096343,
    "eval_NO_NORMALIZABLES_f1": 0.0,
    "eval_NO_NORMALIZABLES_number": 16,
    "eval_NO_NORMALIZABLES_precision": 0.0,
    "eval_NO_NORMALIZABLES_recall": 0.0,
    "eval_PROTEINAS_f1": 0.8828229027962715,
    "eval_PROTEINAS_number": 745,
    "eval_PROTEINAS_precision": 0.8758256274768824,
    "eval_PROTEINAS_recall": 0.8899328859060402,
    "eval_UNCLEAR_f1": 0.7446808510638298,
    "eval_UNCLEAR_number": 44,
    "eval_UNCLEAR_precision": 0.7,
    "eval_UNCLEAR_recall": 0.7954545454545454,
    "eval_loss": 0.022527892142534256,
    "eval_overall_accuracy": 0.9951664829106946,
    "eval_overall_f1": 0.8943843379701185,
    "eval_overall_precision": 0.8875255623721882,
    "eval_overall_recall": 0.90134994807892,
    "eval_runtime": 8.7427,
    "eval_samples_per_second": 28.595,
    "eval_steps_per_second": 7.206,
    "overall_accuracy": 0.9958090348028631,
    "overall_f1": 0.8953732912723448,
    "overall_precision": 0.883298755186722,
    "overall_recall": 0.9077825159914712,
    "total_flos": 2312689863955968.0,
    "train_loss": 0.02257635470840239,
    "train_runtime": 985.0788,
    "train_samples_per_second": 5.076,
    "train_steps_per_second": 0.629
}