{
    "SINTOMA_f1": 0.6977700458643049,
    "SINTOMA_number": 3081,
    "SINTOMA_precision": 0.6804441702652684,
    "SINTOMA_recall": 0.7160012982797793,
    "epoch": 9.87248322147651,
    "eval_SINTOMA_f1": 0.679510544129133,
    "eval_SINTOMA_number": 1827,
    "eval_SINTOMA_precision": 0.6479642502482622,
    "eval_SINTOMA_recall": 0.7142857142857143,
    "eval_loss": 0.3354552984237671,
    "eval_overall_accuracy": 0.946276308688613,
    "eval_overall_f1": 0.679510544129133,
    "eval_overall_precision": 0.6479642502482622,
    "eval_overall_recall": 0.7142857142857143,
    "eval_runtime": 4.4351,
    "eval_samples_per_second": 33.596,
    "eval_steps_per_second": 8.568,
    "overall_accuracy": 0.9448352398838996,
    "overall_f1": 0.6977700458643049,
    "overall_precision": 0.6804441702652684,
    "overall_recall": 0.7160012982797793,
    "total_flos": 2700586367156160.0,
    "train_loss": 0.05380135532971975,
    "train_runtime": 795.1276,
    "train_samples_per_second": 7.483,
    "train_steps_per_second": 0.931
}