{
    "epoch": 9.87248322147651,
    "eval_SINTOMA_f1": 0.679510544129133,
    "eval_SINTOMA_number": 1827,
    "eval_SINTOMA_precision": 0.6479642502482622,
    "eval_SINTOMA_recall": 0.7142857142857143,
    "eval_loss": 0.3354552984237671,
    "eval_overall_accuracy": 0.946276308688613,
    "eval_overall_f1": 0.679510544129133,
    "eval_overall_precision": 0.6479642502482622,
    "eval_overall_recall": 0.7142857142857143,
    "eval_runtime": 4.4351,
    "eval_samples_per_second": 33.596,
    "eval_steps_per_second": 8.568
}