{
    "epoch": 9.87248322147651,
    "total_flos": 2700586367156160.0,
    "train_loss": 0.05380135532971975,
    "train_runtime": 795.1276,
    "train_samples_per_second": 7.483,
    "train_steps_per_second": 0.931
}