{
    "epoch": 10.0,
    "eval_NORMALIZABLES_f1": 0.9041095890410958,
    "eval_NORMALIZABLES_number": 1122,
    "eval_NORMALIZABLES_precision": 0.8965819456617002,
    "eval_NORMALIZABLES_recall": 0.9117647058823529,
    "eval_NO_NORMALIZABLES_f1": 0.05555555555555556,
    "eval_NO_NORMALIZABLES_number": 16,
    "eval_NO_NORMALIZABLES_precision": 0.05,
    "eval_NO_NORMALIZABLES_recall": 0.0625,
    "eval_PROTEINAS_f1": 0.8730769230769232,
    "eval_PROTEINAS_number": 757,
    "eval_PROTEINAS_precision": 0.8480697384806973,
    "eval_PROTEINAS_recall": 0.8996036988110965,
    "eval_UNCLEAR_f1": 0.8453608247422681,
    "eval_UNCLEAR_number": 44,
    "eval_UNCLEAR_precision": 0.7735849056603774,
    "eval_UNCLEAR_recall": 0.9318181818181818,
    "eval_loss": 0.036826521158218384,
    "eval_overall_accuracy": 0.9947747834921864,
    "eval_overall_f1": 0.8827098078867543,
    "eval_overall_precision": 0.8656420426375806,
    "eval_overall_recall": 0.9004641567818463,
    "eval_runtime": 16.6456,
    "eval_samples_per_second": 227.507,
    "eval_steps_per_second": 14.238
}