{
    "ACTIVIDAD_f1": 0.5333333333333333,
    "ACTIVIDAD_number": 28,
    "ACTIVIDAD_precision": 0.5,
    "ACTIVIDAD_recall": 0.5714285714285714,
    "PROFESION_f1": 0.8480113636363635,
    "PROFESION_number": 695,
    "PROFESION_precision": 0.8373071528751753,
    "PROFESION_recall": 0.8589928057553957,
    "SITUACION_LABORAL_f1": 0.64,
    "SITUACION_LABORAL_number": 356,
    "SITUACION_LABORAL_precision": 0.6511627906976745,
    "SITUACION_LABORAL_recall": 0.6292134831460674,
    "epoch": 10.0,
    "eval_ACTIVIDAD_f1": 0.39285714285714285,
    "eval_ACTIVIDAD_number": 21,
    "eval_ACTIVIDAD_precision": 0.3142857142857143,
    "eval_ACTIVIDAD_recall": 0.5238095238095238,
    "eval_PROFESION_f1": 0.8364565587734242,
    "eval_PROFESION_number": 574,
    "eval_PROFESION_precision": 0.8183333333333334,
    "eval_PROFESION_recall": 0.8554006968641115,
    "eval_SITUACION_LABORAL_f1": 0.6728110599078342,
    "eval_SITUACION_LABORAL_number": 196,
    "eval_SITUACION_LABORAL_precision": 0.6134453781512605,
    "eval_SITUACION_LABORAL_recall": 0.7448979591836735,
    "eval_loss": 0.017660129815340042,
    "eval_overall_accuracy": 0.9971515588965372,
    "eval_overall_f1": 0.7788461538461539,
    "eval_overall_precision": 0.7422680412371134,
    "eval_overall_recall": 0.8192161820480405,
    "eval_runtime": 9.4593,
    "eval_samples_per_second": 68.61,
    "eval_steps_per_second": 8.669,
    "overall_accuracy": 0.9964007339679751,
    "overall_f1": 0.772140221402214,
    "overall_precision": 0.768595041322314,
    "overall_recall": 0.7757182576459685,
    "total_flos": 6895933124720640.0,
    "train_loss": 0.006164307187904011,
    "train_runtime": 1125.743,
    "train_samples_per_second": 23.442,
    "train_steps_per_second": 2.931
}