{
    "FARMACO_f1": 0.9053591790193843,
    "FARMACO_number": 1717,
    "FARMACO_precision": 0.8866554997208264,
    "FARMACO_recall": 0.9248689574839837,
    "epoch": 10.0,
    "eval_FARMACO_f1": 0.9086353122590595,
    "eval_FARMACO_number": 2566,
    "eval_FARMACO_precision": 0.898932112890923,
    "eval_FARMACO_recall": 0.9185502727981294,
    "eval_loss": 0.01074878592044115,
    "eval_overall_accuracy": 0.9981980489219362,
    "eval_overall_f1": 0.9086353122590595,
    "eval_overall_precision": 0.898932112890923,
    "eval_overall_recall": 0.9185502727981294,
    "eval_runtime": 20.1202,
    "eval_samples_per_second": 14.761,
    "eval_steps_per_second": 3.728,
    "overall_accuracy": 0.9981533386126381,
    "overall_f1": 0.9053591790193843,
    "overall_precision": 0.8866554997208264,
    "overall_recall": 0.9248689574839837,
    "total_flos": 4615462244332800.0,
    "train_loss": 0.003217553295195103,
    "train_runtime": 1788.8763,
    "train_samples_per_second": 5.59,
    "train_steps_per_second": 0.699
}