{
    "ENFERMEDAD_f1": 0.7080892434251529,
    "ENFERMEDAD_number": 7840,
    "ENFERMEDAD_precision": 0.6922983183036803,
    "ENFERMEDAD_recall": 0.7246173469387756,
    "epoch": 10.0,
    "eval_ENFERMEDAD_f1": 0.697907949790795,
    "eval_ENFERMEDAD_number": 12859,
    "eval_ENFERMEDAD_precision": 0.683046683046683,
    "eval_ENFERMEDAD_recall": 0.7134302822925578,
    "eval_loss": 0.32030078768730164,
    "eval_overall_accuracy": 0.9563680576384118,
    "eval_overall_f1": 0.697907949790795,
    "eval_overall_precision": 0.683046683046683,
    "eval_overall_recall": 0.7134302822925578,
    "eval_runtime": 31.4314,
    "eval_samples_per_second": 41.583,
    "eval_steps_per_second": 5.218,
    "overall_accuracy": 0.9588133336423879,
    "overall_f1": 0.7080892434251529,
    "overall_precision": 0.6922983183036803,
    "overall_recall": 0.7246173469387756,
    "total_flos": 1.6092921499535616e+16,
    "train_loss": 0.03268119273235172,
    "train_runtime": 2105.4602,
    "train_samples_per_second": 8.236,
    "train_steps_per_second": 1.031
}