{
    "epoch": 10.0,
    "eval_NORMALIZABLES_f1": 0.9029275808936826,
    "eval_NORMALIZABLES_number": 1284,
    "eval_NORMALIZABLES_precision": 0.8932926829268293,
    "eval_NORMALIZABLES_recall": 0.9127725856697819,
    "eval_NO_NORMALIZABLES_f1": 0.04761904761904762,
    "eval_NO_NORMALIZABLES_number": 19,
    "eval_NO_NORMALIZABLES_precision": 0.043478260869565216,
    "eval_NO_NORMALIZABLES_recall": 0.05263157894736842,
    "eval_PROTEINAS_f1": 0.869164265129683,
    "eval_PROTEINAS_number": 850,
    "eval_PROTEINAS_precision": 0.8519774011299435,
    "eval_PROTEINAS_recall": 0.8870588235294118,
    "eval_UNCLEAR_f1": 0.6415094339622641,
    "eval_UNCLEAR_number": 45,
    "eval_UNCLEAR_precision": 0.5573770491803278,
    "eval_UNCLEAR_recall": 0.7555555555555555,
    "eval_loss": 0.03167969733476639,
    "eval_overall_accuracy": 0.9935766447127401,
    "eval_overall_f1": 0.875641884349185,
    "eval_overall_precision": 0.8597106532222709,
    "eval_overall_recall": 0.892174704276615,
    "eval_runtime": 4.3296,
    "eval_samples_per_second": 79.223,
    "eval_steps_per_second": 9.932
}