{
    "NORMALIZABLES_f1": 0.9226856561546287,
    "NORMALIZABLES_number": 973,
    "NORMALIZABLES_precision": 0.9133937562940584,
    "NORMALIZABLES_recall": 0.9321685508735869,
    "NO_NORMALIZABLES_f1": 0.0,
    "NO_NORMALIZABLES_number": 10,
    "NO_NORMALIZABLES_precision": 0.0,
    "NO_NORMALIZABLES_recall": 0.0,
    "PROTEINAS_f1": 0.8637128435221537,
    "PROTEINAS_number": 862,
    "PROTEINAS_precision": 0.8360477741585234,
    "PROTEINAS_recall": 0.8932714617169374,
    "UNCLEAR_f1": 0.6133333333333334,
    "UNCLEAR_number": 34,
    "UNCLEAR_precision": 0.5609756097560976,
    "UNCLEAR_recall": 0.6764705882352942,
    "overall_accuracy": 0.9950078138565723,
    "overall_f1": 0.8838055627761893,
    "overall_precision": 0.8638211382113821,
    "overall_recall": 0.9047365620010644
}