{
    "ACTIVIDAD_f1": 0.375,
    "ACTIVIDAD_number": 28,
    "ACTIVIDAD_precision": 0.45,
    "ACTIVIDAD_recall": 0.32142857142857145,
    "PROFESION_f1": 0.8267433501078361,
    "PROFESION_number": 695,
    "PROFESION_precision": 0.8261494252873564,
    "PROFESION_recall": 0.8273381294964028,
    "SITUACION_LABORAL_f1": 0.61731843575419,
    "SITUACION_LABORAL_number": 356,
    "SITUACION_LABORAL_precision": 0.6138888888888889,
    "SITUACION_LABORAL_recall": 0.6207865168539326,
    "overall_accuracy": 0.9959812116744821,
    "overall_f1": 0.7470997679814385,
    "overall_precision": 0.7481412639405205,
    "overall_recall": 0.7460611677479148
}