{
    "ENFERMEDAD_f1": 0.7608818541548897,
    "ENFERMEDAD_number": 2550,
    "ENFERMEDAD_precision": 0.7323177366702938,
    "ENFERMEDAD_recall": 0.7917647058823529,
    "epoch": 10.0,
    "eval_ENFERMEDAD_f1": 0.745721271393643,
    "eval_ENFERMEDAD_number": 1559,
    "eval_ENFERMEDAD_precision": 0.7122008172796264,
    "eval_ENFERMEDAD_recall": 0.7825529185375241,
    "eval_loss": 0.16627033054828644,
    "eval_overall_accuracy": 0.9703023444753947,
    "eval_overall_f1": 0.745721271393643,
    "eval_overall_precision": 0.7122008172796264,
    "eval_overall_recall": 0.7825529185375241,
    "eval_runtime": 3.5161,
    "eval_samples_per_second": 42.661,
    "eval_steps_per_second": 10.807,
    "overall_accuracy": 0.97139320471231,
    "overall_f1": 0.7608818541548897,
    "overall_precision": 0.7323177366702938,
    "overall_recall": 0.7917647058823529,
    "total_flos": 2782933889020992.0,
    "train_loss": 0.034783294598261516,
    "train_runtime": 736.6958,
    "train_samples_per_second": 8.144,
    "train_steps_per_second": 1.018
}