{
    "PROCEDIMIENTO_f1": 0.7601944369430192,
    "PROCEDIMIENTO_number": 3542,
    "PROCEDIMIENTO_precision": 0.7285196687370601,
    "PROCEDIMIENTO_recall": 0.7947487295313382,
    "epoch": 9.746666666666666,
    "eval_PROCEDIMIENTO_f1": 0.7653644048435002,
    "eval_PROCEDIMIENTO_number": 2084,
    "eval_PROCEDIMIENTO_precision": 0.7304840819886611,
    "eval_PROCEDIMIENTO_recall": 0.803742802303263,
    "eval_loss": 0.15216335654258728,
    "eval_overall_accuracy": 0.9681273740740202,
    "eval_overall_f1": 0.7653644048435002,
    "eval_overall_precision": 0.7304840819886611,
    "eval_overall_recall": 0.803742802303263,
    "eval_runtime": 6.4926,
    "eval_samples_per_second": 23.103,
    "eval_steps_per_second": 5.853,
    "overall_accuracy": 0.9650589038757043,
    "overall_f1": 0.7601944369430192,
    "overall_precision": 0.7285196687370601,
    "overall_recall": 0.7947487295313382,
    "total_flos": 2712594530204496.0,
    "train_loss": 0.0609406548577386,
    "train_runtime": 1155.8781,
    "train_samples_per_second": 5.182,
    "train_steps_per_second": 0.32
}