{
    "epoch": 9.746666666666666,
    "total_flos": 2712594530204496.0,
    "train_loss": 0.0609406548577386,
    "train_runtime": 1155.8781,
    "train_samples_per_second": 5.182,
    "train_steps_per_second": 0.32
}