{
    "FAMILIAR_f1": 0.32558139534883723,
    "FAMILIAR_number": 51,
    "FAMILIAR_precision": 0.4,
    "FAMILIAR_recall": 0.27450980392156865,
    "OTROS_f1": 0.6484641638225256,
    "OTROS_number": 146,
    "OTROS_precision": 0.6462585034013606,
    "OTROS_recall": 0.6506849315068494,
    "PACIENTE_f1": 0.5962325962325963,
    "PACIENTE_number": 590,
    "PACIENTE_precision": 0.5768621236133122,
    "PACIENTE_recall": 0.6169491525423729,
    "SANITARIO_f1": 0.9168081494057725,
    "SANITARIO_number": 291,
    "SANITARIO_precision": 0.9060402684563759,
    "SANITARIO_recall": 0.9278350515463918,
    "epoch": 9.97338403041825,
    "eval_FAMILIAR_f1": 0.410958904109589,
    "eval_FAMILIAR_number": 41,
    "eval_FAMILIAR_precision": 0.46875,
    "eval_FAMILIAR_recall": 0.36585365853658536,
    "eval_OTROS_f1": 0.7360000000000001,
    "eval_OTROS_number": 132,
    "eval_OTROS_precision": 0.7796610169491526,
    "eval_OTROS_recall": 0.696969696969697,
    "eval_PACIENTE_f1": 0.599721059972106,
    "eval_PACIENTE_number": 326,
    "eval_PACIENTE_precision": 0.5498721227621484,
    "eval_PACIENTE_recall": 0.6595092024539877,
    "eval_SANITARIO_f1": 0.8674698795180722,
    "eval_SANITARIO_number": 239,
    "eval_SANITARIO_precision": 0.833976833976834,
    "eval_SANITARIO_recall": 0.9037656903765691,
    "eval_loss": 0.017957717180252075,
    "eval_overall_accuracy": 0.9960811041063213,
    "eval_overall_f1": 0.6996098829648895,
    "eval_overall_precision": 0.6725,
    "eval_overall_recall": 0.7289972899728997,
    "eval_runtime": 17.6894,
    "eval_samples_per_second": 14.529,
    "eval_steps_per_second": 3.675,
    "overall_accuracy": 0.9952597901604379,
    "overall_f1": 0.6788487894015531,
    "overall_precision": 0.6687668766876688,
    "overall_recall": 0.6892393320964749,
    "total_flos": 9865065149155584.0,
    "train_loss": 0.030711951851844787,
    "train_runtime": 2974.7015,
    "train_samples_per_second": 3.536,
    "train_steps_per_second": 0.108
}