{
    "ACTIVIDAD_f1": 0.20408163265306123,
    "ACTIVIDAD_number": 28,
    "ACTIVIDAD_precision": 0.23809523809523808,
    "ACTIVIDAD_recall": 0.17857142857142858,
    "PROFESION_f1": 0.8307254623044097,
    "PROFESION_number": 696,
    "PROFESION_precision": 0.8225352112676056,
    "PROFESION_recall": 0.8390804597701149,
    "SITUACION_LABORAL_f1": 0.6085714285714287,
    "SITUACION_LABORAL_number": 358,
    "SITUACION_LABORAL_precision": 0.6228070175438597,
    "SITUACION_LABORAL_recall": 0.5949720670391061,
    "overall_accuracy": 0.9960510547946307,
    "overall_f1": 0.7443155452436195,
    "overall_precision": 0.7474370922646785,
    "overall_recall": 0.7412199630314233
}