{
    "MORFOLOGIA_NEOPLASIA_f1": 0.8338532483385326,
    "MORFOLOGIA_NEOPLASIA_number": 3562,
    "MORFOLOGIA_NEOPLASIA_precision": 0.8066124376803988,
    "MORFOLOGIA_NEOPLASIA_recall": 0.8629983155530601,
    "overall_accuracy": 0.9911260330578512,
    "overall_f1": 0.8338532483385326,
    "overall_precision": 0.8066124376803988,
    "overall_recall": 0.8629983155530601
}