{
    "ENFERMEDAD_f1": 0.7312189054726369,
    "ENFERMEDAD_number": 7784,
    "ENFERMEDAD_precision": 0.7086547733847638,
    "ENFERMEDAD_recall": 0.7552672147995889,
    "epoch": 10.0,
    "eval_ENFERMEDAD_f1": 0.7265306122448979,
    "eval_ENFERMEDAD_number": 10184,
    "eval_ENFERMEDAD_precision": 0.7109294239263227,
    "eval_ENFERMEDAD_recall": 0.7428318931657502,
    "eval_loss": 0.19728435575962067,
    "eval_overall_accuracy": 0.9661356149149128,
    "eval_overall_f1": 0.7265306122448979,
    "eval_overall_precision": 0.7109294239263227,
    "eval_overall_recall": 0.7428318931657502,
    "eval_runtime": 14.3274,
    "eval_samples_per_second": 18.007,
    "eval_steps_per_second": 4.537,
    "overall_accuracy": 0.9677951454492283,
    "overall_f1": 0.7312189054726369,
    "overall_precision": 0.7086547733847638,
    "overall_recall": 0.7552672147995889,
    "total_flos": 4615462244332800.0,
    "train_loss": 0.028456514573097228,
    "train_runtime": 1130.7365,
    "train_samples_per_second": 8.844,
    "train_steps_per_second": 1.105
}