{
    "ENFERMEDAD_f1": 0.7663053812511884,
    "ENFERMEDAD_number": 2550,
    "ENFERMEDAD_precision": 0.7438169066076042,
    "ENFERMEDAD_recall": 0.7901960784313725,
    "epoch": 10.0,
    "eval_ENFERMEDAD_f1": 0.753811405985319,
    "eval_ENFERMEDAD_number": 1708,
    "eval_ENFERMEDAD_precision": 0.727917121046892,
    "eval_ENFERMEDAD_recall": 0.781615925058548,
    "eval_loss": 0.18280866742134094,
    "eval_overall_accuracy": 0.9701374481327801,
    "eval_overall_f1": 0.753811405985319,
    "eval_overall_precision": 0.727917121046892,
    "eval_overall_recall": 0.781615925058548,
    "eval_runtime": 3.3676,
    "eval_samples_per_second": 63.547,
    "eval_steps_per_second": 8.018,
    "overall_accuracy": 0.9722639576575038,
    "overall_f1": 0.7663053812511884,
    "overall_precision": 0.7438169066076042,
    "overall_recall": 0.7901960784313725,
    "total_flos": 2199730302982080.0,
    "train_loss": 0.02770404353175523,
    "train_runtime": 538.487,
    "train_samples_per_second": 15.692,
    "train_steps_per_second": 1.968
}