{
    "NORMALIZABLES_f1": 0.935467217346412,
    "NORMALIZABLES_number": 961,
    "NORMALIZABLES_precision": 0.9282786885245902,
    "NORMALIZABLES_recall": 0.9427679500520292,
    "NO_NORMALIZABLES_f1": 0.0,
    "NO_NORMALIZABLES_number": 10,
    "NO_NORMALIZABLES_precision": 0.0,
    "NO_NORMALIZABLES_recall": 0.0,
    "PROTEINAS_f1": 0.8616279069767443,
    "PROTEINAS_number": 835,
    "PROTEINAS_precision": 0.8372881355932204,
    "PROTEINAS_recall": 0.8874251497005988,
    "UNCLEAR_f1": 0.8285714285714286,
    "UNCLEAR_number": 34,
    "UNCLEAR_precision": 0.8055555555555556,
    "UNCLEAR_recall": 0.8529411764705882,
    "epoch": 10.0,
    "eval_NORMALIZABLES_f1": 0.9212066636650157,
    "eval_NORMALIZABLES_number": 1104,
    "eval_NORMALIZABLES_precision": 0.9158460161145927,
    "eval_NORMALIZABLES_recall": 0.9266304347826086,
    "eval_NO_NORMALIZABLES_f1": 0.18181818181818182,
    "eval_NO_NORMALIZABLES_number": 16,
    "eval_NO_NORMALIZABLES_precision": 0.3333333333333333,
    "eval_NO_NORMALIZABLES_recall": 0.125,
    "eval_PROTEINAS_f1": 0.8866532528504358,
    "eval_PROTEINAS_number": 736,
    "eval_PROTEINAS_precision": 0.8754966887417218,
    "eval_PROTEINAS_recall": 0.8980978260869565,
    "eval_UNCLEAR_f1": 0.8723404255319149,
    "eval_UNCLEAR_number": 44,
    "eval_UNCLEAR_precision": 0.82,
    "eval_UNCLEAR_recall": 0.9318181818181818,
    "eval_loss": 0.04451990872621536,
    "eval_overall_accuracy": 0.9949448570384173,
    "eval_overall_f1": 0.9022988505747126,
    "eval_overall_precision": 0.895746887966805,
    "eval_overall_recall": 0.9089473684210526,
    "eval_runtime": 7.3494,
    "eval_samples_per_second": 515.281,
    "eval_steps_per_second": 64.495,
    "overall_accuracy": 0.9953909521639308,
    "overall_f1": 0.8969761841048969,
    "overall_precision": 0.8835002635740643,
    "overall_recall": 0.9108695652173913,
    "total_flos": 2732201968425696.0,
    "train_loss": 0.007740218950034418,
    "train_runtime": 821.4581,
    "train_samples_per_second": 98.958,
    "train_steps_per_second": 12.38
}