{
    "NORMALIZABLES_f1": 0.935467217346412,
    "NORMALIZABLES_number": 961,
    "NORMALIZABLES_precision": 0.9282786885245902,
    "NORMALIZABLES_recall": 0.9427679500520292,
    "NO_NORMALIZABLES_f1": 0.0,
    "NO_NORMALIZABLES_number": 10,
    "NO_NORMALIZABLES_precision": 0.0,
    "NO_NORMALIZABLES_recall": 0.0,
    "PROTEINAS_f1": 0.8616279069767443,
    "PROTEINAS_number": 835,
    "PROTEINAS_precision": 0.8372881355932204,
    "PROTEINAS_recall": 0.8874251497005988,
    "UNCLEAR_f1": 0.8285714285714286,
    "UNCLEAR_number": 34,
    "UNCLEAR_precision": 0.8055555555555556,
    "UNCLEAR_recall": 0.8529411764705882,
    "overall_accuracy": 0.9953909521639308,
    "overall_f1": 0.8969761841048969,
    "overall_precision": 0.8835002635740643,
    "overall_recall": 0.9108695652173913
}