{
    "ACTIVIDAD_f1": 0.2978723404255319,
    "ACTIVIDAD_number": 28,
    "ACTIVIDAD_precision": 0.3684210526315789,
    "ACTIVIDAD_recall": 0.25,
    "PROFESION_f1": 0.8470926058865758,
    "PROFESION_number": 695,
    "PROFESION_precision": 0.8452722063037249,
    "PROFESION_recall": 0.8489208633093526,
    "SITUACION_LABORAL_f1": 0.6465517241379312,
    "SITUACION_LABORAL_number": 356,
    "SITUACION_LABORAL_precision": 0.6617647058823529,
    "SITUACION_LABORAL_recall": 0.6320224719101124,
    "epoch": 9.923694779116467,
    "eval_ACTIVIDAD_f1": 0.1212121212121212,
    "eval_ACTIVIDAD_number": 18,
    "eval_ACTIVIDAD_precision": 0.13333333333333333,
    "eval_ACTIVIDAD_recall": 0.1111111111111111,
    "eval_PROFESION_f1": 0.8313492063492064,
    "eval_PROFESION_number": 492,
    "eval_PROFESION_precision": 0.812015503875969,
    "eval_PROFESION_recall": 0.8516260162601627,
    "eval_SITUACION_LABORAL_f1": 0.6684350132625996,
    "eval_SITUACION_LABORAL_number": 175,
    "eval_SITUACION_LABORAL_precision": 0.6237623762376238,
    "eval_SITUACION_LABORAL_recall": 0.72,
    "eval_loss": 0.015428666025400162,
    "eval_overall_accuracy": 0.9970765380372022,
    "eval_overall_f1": 0.771509167842031,
    "eval_overall_precision": 0.7462482946793997,
    "eval_overall_recall": 0.7985401459854015,
    "eval_runtime": 10.4457,
    "eval_samples_per_second": 23.933,
    "eval_steps_per_second": 6.031,
    "overall_accuracy": 0.9961419632075028,
    "overall_f1": 0.7696629213483147,
    "overall_precision": 0.7776726584673604,
    "overall_recall": 0.7618164967562558,
    "total_flos": 1.003105633827144e+16,
    "train_loss": 0.011257289301964544,
    "train_runtime": 1785.0878,
    "train_samples_per_second": 5.563,
    "train_steps_per_second": 0.695
}