{
    "ACTIVIDAD_f1": 0.2978723404255319,
    "ACTIVIDAD_number": 28,
    "ACTIVIDAD_precision": 0.3684210526315789,
    "ACTIVIDAD_recall": 0.25,
    "PROFESION_f1": 0.8470926058865758,
    "PROFESION_number": 695,
    "PROFESION_precision": 0.8452722063037249,
    "PROFESION_recall": 0.8489208633093526,
    "SITUACION_LABORAL_f1": 0.6465517241379312,
    "SITUACION_LABORAL_number": 356,
    "SITUACION_LABORAL_precision": 0.6617647058823529,
    "SITUACION_LABORAL_recall": 0.6320224719101124,
    "overall_accuracy": 0.9961419632075028,
    "overall_f1": 0.7696629213483147,
    "overall_precision": 0.7776726584673604,
    "overall_recall": 0.7618164967562558
}