{
    "epoch": 9.923694779116467,
    "total_flos": 1.003105633827144e+16,
    "train_loss": 0.011257289301964544,
    "train_runtime": 1785.0878,
    "train_samples_per_second": 5.563,
    "train_steps_per_second": 0.695
}