{
    "FARMACO_f1": 0.9025291275930661,
    "FARMACO_number": 1717,
    "FARMACO_precision": 0.881243063263041,
    "FARMACO_recall": 0.9248689574839837,
    "epoch": 10.0,
    "eval_FARMACO_f1": 0.8944390243902438,
    "eval_FARMACO_number": 2509,
    "eval_FARMACO_precision": 0.8761467889908257,
    "eval_FARMACO_recall": 0.913511359107214,
    "eval_loss": 0.008102583698928356,
    "eval_overall_accuracy": 0.998027572025096,
    "eval_overall_f1": 0.8944390243902438,
    "eval_overall_precision": 0.8761467889908257,
    "eval_overall_recall": 0.913511359107214,
    "eval_runtime": 16.4215,
    "eval_samples_per_second": 15.711,
    "eval_steps_per_second": 3.958,
    "overall_accuracy": 0.9981369092408644,
    "overall_f1": 0.9025291275930661,
    "overall_precision": 0.881243063263041,
    "overall_recall": 0.9248689574839837,
    "total_flos": 4615462244332800.0,
    "train_loss": 0.004734302711486817,
    "train_runtime": 1370.8976,
    "train_samples_per_second": 7.294,
    "train_steps_per_second": 0.912
}