{
    "FARMACO_f1": 0.9025291275930661,
    "FARMACO_number": 1717,
    "FARMACO_precision": 0.881243063263041,
    "FARMACO_recall": 0.9248689574839837,
    "overall_accuracy": 0.9981369092408644,
    "overall_f1": 0.9025291275930661,
    "overall_precision": 0.881243063263041,
    "overall_recall": 0.9248689574839837
}