{
    "epoch": 9.923694779116467,
    "eval_ACTIVIDAD_f1": 0.27027027027027023,
    "eval_ACTIVIDAD_number": 18,
    "eval_ACTIVIDAD_precision": 0.2631578947368421,
    "eval_ACTIVIDAD_recall": 0.2777777777777778,
    "eval_PROFESION_f1": 0.8357915437561455,
    "eval_PROFESION_number": 492,
    "eval_PROFESION_precision": 0.8095238095238095,
    "eval_PROFESION_recall": 0.8638211382113821,
    "eval_SITUACION_LABORAL_f1": 0.6478149100257069,
    "eval_SITUACION_LABORAL_number": 175,
    "eval_SITUACION_LABORAL_precision": 0.5887850467289719,
    "eval_SITUACION_LABORAL_recall": 0.72,
    "eval_loss": 0.016273673623800278,
    "eval_overall_accuracy": 0.9969391653752205,
    "eval_overall_f1": 0.7706167706167706,
    "eval_overall_precision": 0.7335092348284961,
    "eval_overall_recall": 0.8116788321167884,
    "eval_runtime": 12.3143,
    "eval_samples_per_second": 20.302,
    "eval_steps_per_second": 5.116
}