{
    "ACTIVIDAD_f1": 0.2545454545454545,
    "ACTIVIDAD_number": 28,
    "ACTIVIDAD_precision": 0.25925925925925924,
    "ACTIVIDAD_recall": 0.25,
    "PROFESION_f1": 0.8471926083866382,
    "PROFESION_number": 695,
    "PROFESION_precision": 0.8370786516853933,
    "PROFESION_recall": 0.8575539568345324,
    "SITUACION_LABORAL_f1": 0.6454293628808865,
    "SITUACION_LABORAL_number": 356,
    "SITUACION_LABORAL_precision": 0.6366120218579235,
    "SITUACION_LABORAL_recall": 0.6544943820224719,
    "overall_accuracy": 0.9961890124366796,
    "overall_f1": 0.7655677655677655,
    "overall_precision": 0.7565610859728507,
    "overall_recall": 0.7747914735866543
}