{
    "epoch": 9.923694779116467,
    "total_flos": 1.003105633827144e+16,
    "train_loss": 0.010418508309991128,
    "train_runtime": 2123.728,
    "train_samples_per_second": 4.676,
    "train_steps_per_second": 0.584
}