{
    "DIAGNOSTICO_f1": 0.6899128268991283,
    "DIAGNOSTICO_number": 3491,
    "DIAGNOSTICO_precision": 0.6672912205567452,
    "DIAGNOSTICO_recall": 0.7141220280721856,
    "PROCEDIMIENTO_f1": 0.5759323337178008,
    "PROCEDIMIENTO_number": 1241,
    "PROCEDIMIENTO_precision": 0.5507352941176471,
    "PROCEDIMIENTO_recall": 0.6035455278001611,
    "epoch": 9.704,
    "eval_DIAGNOSTICO_f1": 0.6716482253197298,
    "eval_DIAGNOSTICO_number": 3342,
    "eval_DIAGNOSTICO_precision": 0.6461155653856787,
    "eval_DIAGNOSTICO_recall": 0.699281867145422,
    "eval_PROCEDIMIENTO_f1": 0.5883777239709443,
    "eval_PROCEDIMIENTO_number": 1205,
    "eval_PROCEDIMIENTO_precision": 0.572663000785546,
    "eval_PROCEDIMIENTO_recall": 0.6049792531120332,
    "eval_loss": 0.23008514940738678,
    "eval_overall_accuracy": 0.9540734551902879,
    "eval_overall_f1": 0.6497827699480768,
    "eval_overall_precision": 0.6269938650306749,
    "eval_overall_recall": 0.6742907411480097,
    "eval_runtime": 6.134,
    "eval_samples_per_second": 40.757,
    "eval_steps_per_second": 10.271,
    "overall_accuracy": 0.9544168473841149,
    "overall_f1": 0.6597476597476597,
    "overall_precision": 0.6361852433281004,
    "overall_recall": 0.6851225697379544,
    "total_flos": 2238419295076032.0,
    "train_loss": 0.07584066698628088,
    "train_runtime": 666.3234,
    "train_samples_per_second": 7.504,
    "train_steps_per_second": 0.465
}