{
    "DIAGNOSTICO_f1": 0.6899128268991283,
    "DIAGNOSTICO_number": 3491,
    "DIAGNOSTICO_precision": 0.6672912205567452,
    "DIAGNOSTICO_recall": 0.7141220280721856,
    "PROCEDIMIENTO_f1": 0.5759323337178008,
    "PROCEDIMIENTO_number": 1241,
    "PROCEDIMIENTO_precision": 0.5507352941176471,
    "PROCEDIMIENTO_recall": 0.6035455278001611,
    "overall_accuracy": 0.9544168473841149,
    "overall_f1": 0.6597476597476597,
    "overall_precision": 0.6361852433281004,
    "overall_recall": 0.6851225697379544
}