{
    "MORFOLOGIA_NEOPLASIA_f1": 0.8089382520163957,
    "MORFOLOGIA_NEOPLASIA_number": 3562,
    "MORFOLOGIA_NEOPLASIA_precision": 0.7645588602849288,
    "MORFOLOGIA_NEOPLASIA_recall": 0.8587871982032566,
    "epoch": 10.0,
    "eval_MORFOLOGIA_NEOPLASIA_f1": 0.8118850086822302,
    "eval_MORFOLOGIA_NEOPLASIA_number": 7365,
    "eval_MORFOLOGIA_NEOPLASIA_precision": 0.7712609970674487,
    "eval_MORFOLOGIA_NEOPLASIA_recall": 0.8570264765784114,
    "eval_loss": 0.04361520707607269,
    "eval_overall_accuracy": 0.9901642630927947,
    "eval_overall_f1": 0.8118850086822302,
    "eval_overall_precision": 0.7712609970674487,
    "eval_overall_recall": 0.8570264765784114,
    "eval_runtime": 19.5045,
    "eval_samples_per_second": 69.522,
    "eval_steps_per_second": 8.716,
    "overall_accuracy": 0.9901652892561984,
    "overall_f1": 0.8089382520163957,
    "overall_precision": 0.7645588602849288,
    "overall_recall": 0.8587871982032566,
    "total_flos": 3848695139276496.0,
    "train_loss": 0.020732115410469674,
    "train_runtime": 939.166,
    "train_samples_per_second": 15.684,
    "train_steps_per_second": 1.97
}