{
    "MORFOLOGIA_NEOPLASIA_f1": 0.8089382520163957,
    "MORFOLOGIA_NEOPLASIA_number": 3562,
    "MORFOLOGIA_NEOPLASIA_precision": 0.7645588602849288,
    "MORFOLOGIA_NEOPLASIA_recall": 0.8587871982032566,
    "overall_accuracy": 0.9901652892561984,
    "overall_f1": 0.8089382520163957,
    "overall_precision": 0.7645588602849288,
    "overall_recall": 0.8587871982032566
}