{
    "epoch": 9.706827309236948,
    "eval_FAMILIAR_f1": 0.4155844155844156,
    "eval_FAMILIAR_number": 41,
    "eval_FAMILIAR_precision": 0.4444444444444444,
    "eval_FAMILIAR_recall": 0.3902439024390244,
    "eval_OTROS_f1": 0.73109243697479,
    "eval_OTROS_number": 129,
    "eval_OTROS_precision": 0.7981651376146789,
    "eval_OTROS_recall": 0.6744186046511628,
    "eval_PACIENTE_f1": 0.5702127659574469,
    "eval_PACIENTE_number": 326,
    "eval_PACIENTE_precision": 0.5303430079155673,
    "eval_PACIENTE_recall": 0.6165644171779141,
    "eval_SANITARIO_f1": 0.8651911468812877,
    "eval_SANITARIO_number": 237,
    "eval_SANITARIO_precision": 0.8269230769230769,
    "eval_SANITARIO_recall": 0.9071729957805907,
    "eval_loss": 0.018252238631248474,
    "eval_overall_accuracy": 0.9959931491413891,
    "eval_overall_f1": 0.6842452208305867,
    "eval_overall_precision": 0.6619897959183674,
    "eval_overall_recall": 0.7080491132332879,
    "eval_runtime": 11.9849,
    "eval_samples_per_second": 20.693,
    "eval_steps_per_second": 5.173
}