{
    "FAMILIAR_f1": 0.29787234042553196,
    "FAMILIAR_number": 51,
    "FAMILIAR_precision": 0.32558139534883723,
    "FAMILIAR_recall": 0.27450980392156865,
    "OTROS_f1": 0.6551724137931034,
    "OTROS_number": 146,
    "OTROS_precision": 0.6597222222222222,
    "OTROS_recall": 0.6506849315068494,
    "PACIENTE_f1": 0.5770212765957446,
    "PACIENTE_number": 590,
    "PACIENTE_precision": 0.5794871794871795,
    "PACIENTE_recall": 0.5745762711864407,
    "SANITARIO_f1": 0.8841059602649007,
    "SANITARIO_number": 291,
    "SANITARIO_precision": 0.853035143769968,
    "SANITARIO_recall": 0.9175257731958762,
    "overall_accuracy": 0.9950245440145539,
    "overall_f1": 0.6611188164586222,
    "overall_precision": 0.6589861751152074,
    "overall_recall": 0.6632653061224489
}