{
    "CALLE_f1": 0.95,
    "CALLE_number": 415,
    "CALLE_precision": 0.9388235294117647,
    "CALLE_recall": 0.9614457831325302,
    "CENTRO_SALUD_f1": 0.0,
    "CENTRO_SALUD_number": 6,
    "CENTRO_SALUD_precision": 0.0,
    "CENTRO_SALUD_recall": 0.0,
    "CORREO_ELECTRONICO_f1": 0.9941291585127201,
    "CORREO_ELECTRONICO_number": 255,
    "CORREO_ELECTRONICO_precision": 0.9921875,
    "CORREO_ELECTRONICO_recall": 0.996078431372549,
    "EDAD_SUJETO_ASISTENCIA_f1": 0.9827586206896551,
    "EDAD_SUJETO_ASISTENCIA_number": 518,
    "EDAD_SUJETO_ASISTENCIA_precision": 0.9752851711026616,
    "EDAD_SUJETO_ASISTENCIA_recall": 0.9903474903474904,
    "FAMILIARES_SUJETO_ASISTENCIA_f1": 0.7045454545454545,
    "FAMILIARES_SUJETO_ASISTENCIA_number": 81,
    "FAMILIARES_SUJETO_ASISTENCIA_precision": 0.6526315789473685,
    "FAMILIARES_SUJETO_ASISTENCIA_recall": 0.7654320987654321,
    "FECHAS_f1": 0.9934640522875817,
    "FECHAS_number": 611,
    "FECHAS_precision": 0.9918433931484503,
    "FECHAS_recall": 0.9950900163666121,
    "HOSPITAL_f1": 0.924812030075188,
    "HOSPITAL_number": 131,
    "HOSPITAL_precision": 0.9111111111111111,
    "HOSPITAL_recall": 0.9389312977099237,
    "ID_ASEGURAMIENTO_f1": 0.9974683544303797,
    "ID_ASEGURAMIENTO_number": 198,
    "ID_ASEGURAMIENTO_precision": 1.0,
    "ID_ASEGURAMIENTO_recall": 0.9949494949494949,
    "ID_CONTACTO_ASISTENCIAL_f1": 0.9870129870129869,
    "ID_CONTACTO_ASISTENCIAL_number": 39,
    "ID_CONTACTO_ASISTENCIAL_precision": 1.0,
    "ID_CONTACTO_ASISTENCIAL_recall": 0.9743589743589743,
    "ID_SUJETO_ASISTENCIA_f1": 0.9842381786339754,
    "ID_SUJETO_ASISTENCIA_number": 283,
    "ID_SUJETO_ASISTENCIA_precision": 0.9756944444444444,
    "ID_SUJETO_ASISTENCIA_recall": 0.9929328621908127,
    "ID_TITULACION_PERSONAL_SANITARIO_f1": 0.9957446808510638,
    "ID_TITULACION_PERSONAL_SANITARIO_number": 234,
    "ID_TITULACION_PERSONAL_SANITARIO_precision": 0.9915254237288136,
    "ID_TITULACION_PERSONAL_SANITARIO_recall": 1.0,
    "INSTITUCION_f1": 0.48226950354609927,
    "INSTITUCION_number": 68,
    "INSTITUCION_precision": 0.4657534246575342,
    "INSTITUCION_recall": 0.5,
    "NOMBRE_PERSONAL_SANITARIO_f1": 0.996023856858847,
    "NOMBRE_PERSONAL_SANITARIO_number": 502,
    "NOMBRE_PERSONAL_SANITARIO_precision": 0.9940476190476191,
    "NOMBRE_PERSONAL_SANITARIO_recall": 0.99800796812749,
    "NOMBRE_SUJETO_ASISTENCIA_f1": 0.9990029910269193,
    "NOMBRE_SUJETO_ASISTENCIA_number": 502,
    "NOMBRE_SUJETO_ASISTENCIA_precision": 1.0,
    "NOMBRE_SUJETO_ASISTENCIA_recall": 0.99800796812749,
    "NUMERO_FAX_f1": 0.0,
    "NUMERO_FAX_number": 7,
    "NUMERO_FAX_precision": 0.0,
    "NUMERO_FAX_recall": 0.0,
    "NUMERO_TELEFONO_f1": 0.8813559322033898,
    "NUMERO_TELEFONO_number": 26,
    "NUMERO_TELEFONO_precision": 0.7878787878787878,
    "NUMERO_TELEFONO_recall": 1.0,
    "OTROS_SUJETO_ASISTENCIA_f1": 0.0,
    "OTROS_SUJETO_ASISTENCIA_number": 7,
    "OTROS_SUJETO_ASISTENCIA_precision": 0.0,
    "OTROS_SUJETO_ASISTENCIA_recall": 0.0,
    "PAIS_f1": 0.979591836734694,
    "PAIS_number": 363,
    "PAIS_precision": 0.967741935483871,
    "PAIS_recall": 0.9917355371900827,
    "PROFESION_f1": 0.5833333333333334,
    "PROFESION_number": 9,
    "PROFESION_precision": 0.4666666666666667,
    "PROFESION_recall": 0.7777777777777778,
    "SEXO_SUJETO_ASISTENCIA_f1": 0.9817400644468314,
    "SEXO_SUJETO_ASISTENCIA_number": 461,
    "SEXO_SUJETO_ASISTENCIA_precision": 0.9723404255319149,
    "SEXO_SUJETO_ASISTENCIA_recall": 0.9913232104121475,
    "TERRITORIO_f1": 0.9770114942528736,
    "TERRITORIO_number": 956,
    "TERRITORIO_precision": 0.975991649269311,
    "TERRITORIO_recall": 0.9780334728033473,
    "epoch": 10.0,
    "eval_CALLE_f1": 0.9032258064516129,
    "eval_CALLE_number": 443,
    "eval_CALLE_precision": 0.8903508771929824,
    "eval_CALLE_recall": 0.9164785553047404,
    "eval_CENTRO_SALUD_f1": 0.0,
    "eval_CENTRO_SALUD_number": 2,
    "eval_CENTRO_SALUD_precision": 0.0,
    "eval_CENTRO_SALUD_recall": 0.0,
    "eval_CORREO_ELECTRONICO_f1": 0.9646569646569646,
    "eval_CORREO_ELECTRONICO_number": 238,
    "eval_CORREO_ELECTRONICO_precision": 0.9547325102880658,
    "eval_CORREO_ELECTRONICO_recall": 0.9747899159663865,
    "eval_EDAD_SUJETO_ASISTENCIA_f1": 0.9565217391304348,
    "eval_EDAD_SUJETO_ASISTENCIA_number": 529,
    "eval_EDAD_SUJETO_ASISTENCIA_precision": 0.9782608695652174,
    "eval_EDAD_SUJETO_ASISTENCIA_recall": 0.9357277882797732,
    "eval_FAMILIARES_SUJETO_ASISTENCIA_f1": 0.6839378238341969,
    "eval_FAMILIARES_SUJETO_ASISTENCIA_number": 101,
    "eval_FAMILIARES_SUJETO_ASISTENCIA_precision": 0.717391304347826,
    "eval_FAMILIARES_SUJETO_ASISTENCIA_recall": 0.6534653465346535,
    "eval_FECHAS_f1": 0.9649238914626075,
    "eval_FECHAS_number": 761,
    "eval_FECHAS_precision": 0.972,
    "eval_FECHAS_recall": 0.9579500657030223,
    "eval_HOSPITAL_f1": 0.8859060402684564,
    "eval_HOSPITAL_number": 149,
    "eval_HOSPITAL_precision": 0.8859060402684564,
    "eval_HOSPITAL_recall": 0.8859060402684564,
    "eval_ID_ASEGURAMIENTO_f1": 0.9792746113989637,
    "eval_ID_ASEGURAMIENTO_number": 194,
    "eval_ID_ASEGURAMIENTO_precision": 0.984375,
    "eval_ID_ASEGURAMIENTO_recall": 0.9742268041237113,
    "eval_ID_CONTACTO_ASISTENCIAL_f1": 0.923076923076923,
    "eval_ID_CONTACTO_ASISTENCIAL_number": 33,
    "eval_ID_CONTACTO_ASISTENCIAL_precision": 0.9375,
    "eval_ID_CONTACTO_ASISTENCIAL_recall": 0.9090909090909091,
    "eval_ID_SUJETO_ASISTENCIA_f1": 0.9397590361445782,
    "eval_ID_SUJETO_ASISTENCIA_number": 293,
    "eval_ID_SUJETO_ASISTENCIA_precision": 0.9479166666666666,
    "eval_ID_SUJETO_ASISTENCIA_recall": 0.931740614334471,
    "eval_ID_TITULACION_PERSONAL_SANITARIO_f1": 0.9647577092511013,
    "eval_ID_TITULACION_PERSONAL_SANITARIO_number": 230,
    "eval_ID_TITULACION_PERSONAL_SANITARIO_precision": 0.9776785714285714,
    "eval_ID_TITULACION_PERSONAL_SANITARIO_recall": 0.9521739130434783,
    "eval_INSTITUCION_f1": 0.6744186046511628,
    "eval_INSTITUCION_number": 81,
    "eval_INSTITUCION_precision": 0.6373626373626373,
    "eval_INSTITUCION_recall": 0.7160493827160493,
    "eval_NOMBRE_PERSONAL_SANITARIO_f1": 0.9571150097465887,
    "eval_NOMBRE_PERSONAL_SANITARIO_number": 515,
    "eval_NOMBRE_PERSONAL_SANITARIO_precision": 0.9608610567514677,
    "eval_NOMBRE_PERSONAL_SANITARIO_recall": 0.9533980582524272,
    "eval_NOMBRE_SUJETO_ASISTENCIA_f1": 0.9798387096774194,
    "eval_NOMBRE_SUJETO_ASISTENCIA_number": 503,
    "eval_NOMBRE_SUJETO_ASISTENCIA_precision": 0.9938650306748467,
    "eval_NOMBRE_SUJETO_ASISTENCIA_recall": 0.9662027833001988,
    "eval_NUMERO_FAX_f1": 0.0,
    "eval_NUMERO_FAX_number": 6,
    "eval_NUMERO_FAX_precision": 0.0,
    "eval_NUMERO_FAX_recall": 0.0,
    "eval_NUMERO_TELEFONO_f1": 0.8,
    "eval_NUMERO_TELEFONO_number": 25,
    "eval_NUMERO_TELEFONO_precision": 0.7333333333333333,
    "eval_NUMERO_TELEFONO_recall": 0.88,
    "eval_OTROS_SUJETO_ASISTENCIA_f1": 0.0,
    "eval_OTROS_SUJETO_ASISTENCIA_number": 6,
    "eval_OTROS_SUJETO_ASISTENCIA_precision": 0.0,
    "eval_OTROS_SUJETO_ASISTENCIA_recall": 0.0,
    "eval_PAIS_f1": 0.9725036179450073,
    "eval_PAIS_number": 350,
    "eval_PAIS_precision": 0.9853372434017595,
    "eval_PAIS_recall": 0.96,
    "eval_PROFESION_f1": 0.30769230769230765,
    "eval_PROFESION_number": 4,
    "eval_PROFESION_precision": 0.2222222222222222,
    "eval_PROFESION_recall": 0.5,
    "eval_SEXO_SUJETO_ASISTENCIA_f1": 0.955386289445049,
    "eval_SEXO_SUJETO_ASISTENCIA_number": 462,
    "eval_SEXO_SUJETO_ASISTENCIA_precision": 0.9606126914660832,
    "eval_SEXO_SUJETO_ASISTENCIA_recall": 0.9502164502164502,
    "eval_TERRITORIO_f1": 0.9592668024439918,
    "eval_TERRITORIO_number": 988,
    "eval_TERRITORIO_precision": 0.9651639344262295,
    "eval_TERRITORIO_recall": 0.9534412955465587,
    "eval_loss": 0.04925423488020897,
    "eval_overall_accuracy": 0.9918745962532299,