{
    "CALLE_f1": 0.95,
    "CALLE_number": 415,
    "CALLE_precision": 0.9388235294117647,
    "CALLE_recall": 0.9614457831325302,
    "CENTRO_SALUD_f1": 0.0,
    "CENTRO_SALUD_number": 6,
    "CENTRO_SALUD_precision": 0.0,
    "CENTRO_SALUD_recall": 0.0,
    "CORREO_ELECTRONICO_f1": 0.9941291585127201,
    "CORREO_ELECTRONICO_number": 255,
    "CORREO_ELECTRONICO_precision": 0.9921875,
    "CORREO_ELECTRONICO_recall": 0.996078431372549,
    "EDAD_SUJETO_ASISTENCIA_f1": 0.9827586206896551,
    "EDAD_SUJETO_ASISTENCIA_number": 518,
    "EDAD_SUJETO_ASISTENCIA_precision": 0.9752851711026616,
    "EDAD_SUJETO_ASISTENCIA_recall": 0.9903474903474904,
    "FAMILIARES_SUJETO_ASISTENCIA_f1": 0.7045454545454545,
    "FAMILIARES_SUJETO_ASISTENCIA_number": 81,
    "FAMILIARES_SUJETO_ASISTENCIA_precision": 0.6526315789473685,
    "FAMILIARES_SUJETO_ASISTENCIA_recall": 0.7654320987654321,
    "FECHAS_f1": 0.9934640522875817,
    "FECHAS_number": 611,
    "FECHAS_precision": 0.9918433931484503,
    "FECHAS_recall": 0.9950900163666121,
    "HOSPITAL_f1": 0.924812030075188,
    "HOSPITAL_number": 131,
    "HOSPITAL_precision": 0.9111111111111111,
    "HOSPITAL_recall": 0.9389312977099237,
    "ID_ASEGURAMIENTO_f1": 0.9974683544303797,
    "ID_ASEGURAMIENTO_number": 198,
    "ID_ASEGURAMIENTO_precision": 1.0,
    "ID_ASEGURAMIENTO_recall": 0.9949494949494949,
    "ID_CONTACTO_ASISTENCIAL_f1": 0.9870129870129869,
    "ID_CONTACTO_ASISTENCIAL_number": 39,
    "ID_CONTACTO_ASISTENCIAL_precision": 1.0,
    "ID_CONTACTO_ASISTENCIAL_recall": 0.9743589743589743,
    "ID_SUJETO_ASISTENCIA_f1": 0.9842381786339754,
    "ID_SUJETO_ASISTENCIA_number": 283,
    "ID_SUJETO_ASISTENCIA_precision": 0.9756944444444444,
    "ID_SUJETO_ASISTENCIA_recall": 0.9929328621908127,
    "ID_TITULACION_PERSONAL_SANITARIO_f1": 0.9957446808510638,
    "ID_TITULACION_PERSONAL_SANITARIO_number": 234,
    "ID_TITULACION_PERSONAL_SANITARIO_precision": 0.9915254237288136,
    "ID_TITULACION_PERSONAL_SANITARIO_recall": 1.0,
    "INSTITUCION_f1": 0.48226950354609927,
    "INSTITUCION_number": 68,
    "INSTITUCION_precision": 0.4657534246575342,
    "INSTITUCION_recall": 0.5,
    "NOMBRE_PERSONAL_SANITARIO_f1": 0.996023856858847,
    "NOMBRE_PERSONAL_SANITARIO_number": 502,
    "NOMBRE_PERSONAL_SANITARIO_precision": 0.9940476190476191,
    "NOMBRE_PERSONAL_SANITARIO_recall": 0.99800796812749,
    "NOMBRE_SUJETO_ASISTENCIA_f1": 0.9990029910269193,
    "NOMBRE_SUJETO_ASISTENCIA_number": 502,
    "NOMBRE_SUJETO_ASISTENCIA_precision": 1.0,
    "NOMBRE_SUJETO_ASISTENCIA_recall": 0.99800796812749,
    "NUMERO_FAX_f1": 0.0,
    "NUMERO_FAX_number": 7,
    "NUMERO_FAX_precision": 0.0,
    "NUMERO_FAX_recall": 0.0,
    "NUMERO_TELEFONO_f1": 0.8813559322033898,
    "NUMERO_TELEFONO_number": 26,
    "NUMERO_TELEFONO_precision": 0.7878787878787878,
    "NUMERO_TELEFONO_recall": 1.0,
    "OTROS_SUJETO_ASISTENCIA_f1": 0.0,
    "OTROS_SUJETO_ASISTENCIA_number": 7,
    "OTROS_SUJETO_ASISTENCIA_precision": 0.0,
    "OTROS_SUJETO_ASISTENCIA_recall": 0.0,
    "PAIS_f1": 0.979591836734694,
    "PAIS_number": 363,
    "PAIS_precision": 0.967741935483871,
    "PAIS_recall": 0.9917355371900827,
    "PROFESION_f1": 0.5833333333333334,
    "PROFESION_number": 9,
    "PROFESION_precision": 0.4666666666666667,
    "PROFESION_recall": 0.7777777777777778,
    "SEXO_SUJETO_ASISTENCIA_f1": 0.9817400644468314,
    "SEXO_SUJETO_ASISTENCIA_number": 461,
    "SEXO_SUJETO_ASISTENCIA_precision": 0.9723404255319149,
    "SEXO_SUJETO_ASISTENCIA_recall": 0.9913232104121475,
    "TERRITORIO_f1": 0.9770114942528736,
    "TERRITORIO_number": 956,
    "TERRITORIO_precision": 0.975991649269311,
    "TERRITORIO_recall": 0.9780334728033473,
    "overall_accuracy": 0.996433191414541,
    "overall_f1": 0.9693251533742331,
    "overall_precision": 0.9637504356918787,
    "overall_recall": 0.9749647390691114
}