{
    "DIAGNOSTICO_f1": 0.6787219578518016,
    "DIAGNOSTICO_number": 3491,
    "DIAGNOSTICO_precision": 0.6459627329192547,
    "DIAGNOSTICO_recall": 0.7149813806932112,
    "PROCEDIMIENTO_f1": 0.5756207674943566,
    "PROCEDIMIENTO_number": 1241,
    "PROCEDIMIENTO_precision": 0.5398729710656316,
    "PROCEDIMIENTO_recall": 0.6164383561643836,
    "epoch": 9.704,
    "eval_DIAGNOSTICO_f1": 0.6649477152270449,
    "eval_DIAGNOSTICO_number": 3342,
    "eval_DIAGNOSTICO_precision": 0.6378125858752405,
    "eval_DIAGNOSTICO_recall": 0.694494314781568,
    "eval_PROCEDIMIENTO_f1": 0.5970854667191807,
    "eval_PROCEDIMIENTO_number": 1205,
    "eval_PROCEDIMIENTO_precision": 0.568215892053973,
    "eval_PROCEDIMIENTO_recall": 0.629045643153527,
    "eval_loss": 0.21213772892951965,
    "eval_overall_accuracy": 0.9537921156731687,
    "eval_overall_f1": 0.6468487394957982,
    "eval_overall_precision": 0.6191433742207922,
    "eval_overall_recall": 0.6771497690785133,
    "eval_runtime": 5.8947,
    "eval_samples_per_second": 42.411,
    "eval_steps_per_second": 10.688,
    "overall_accuracy": 0.9537984548658173,
    "overall_f1": 0.6513532407869769,
    "overall_precision": 0.6174966862336678,
    "overall_recall": 0.6891377852916315,
    "total_flos": 2238419295076032.0,
    "train_loss": 0.07254678664668913,
    "train_runtime": 657.7575,
    "train_samples_per_second": 7.602,
    "train_steps_per_second": 0.471
}