{
    "DIAGNOSTICO_f1": 0.6787219578518016,
    "DIAGNOSTICO_number": 3491,
    "DIAGNOSTICO_precision": 0.6459627329192547,
    "DIAGNOSTICO_recall": 0.7149813806932112,
    "PROCEDIMIENTO_f1": 0.5756207674943566,
    "PROCEDIMIENTO_number": 1241,
    "PROCEDIMIENTO_precision": 0.5398729710656316,
    "PROCEDIMIENTO_recall": 0.6164383561643836,
    "overall_accuracy": 0.9537984548658173,
    "overall_f1": 0.6513532407869769,
    "overall_precision": 0.6174966862336678,
    "overall_recall": 0.6891377852916315
}