{
    "PROCEDIMIENTO_f1": 0.7309546769527483,
    "PROCEDIMIENTO_number": 3533,
    "PROCEDIMIENTO_precision": 0.7120236178207193,
    "PROCEDIMIENTO_recall": 0.7509198981035947,
    "epoch": 10.0,
    "eval_PROCEDIMIENTO_f1": 0.7382024672018798,
    "eval_PROCEDIMIENTO_number": 2459,
    "eval_PROCEDIMIENTO_precision": 0.7118580060422961,
    "eval_PROCEDIMIENTO_recall": 0.766571777145181,
    "eval_loss": 0.16792650520801544,
    "eval_overall_accuracy": 0.9641311177825874,
    "eval_overall_f1": 0.7382024672018798,
    "eval_overall_precision": 0.7118580060422961,
    "eval_overall_recall": 0.766571777145181,
    "eval_runtime": 4.2007,
    "eval_samples_per_second": 66.179,
    "eval_steps_per_second": 8.332,
    "overall_accuracy": 0.9634290469241809,
    "overall_f1": 0.7309546769527483,
    "overall_precision": 0.7120236178207193,
    "overall_recall": 0.7509198981035947,
    "total_flos": 3030046638943104.0,
    "train_loss": 0.04661927798698688,
    "train_runtime": 886.6209,
    "train_samples_per_second": 13.083,
    "train_steps_per_second": 1.635
}