{
    "ENFERMEDAD_f1": 0.7571672678944371,
    "ENFERMEDAD_number": 2550,
    "ENFERMEDAD_precision": 0.7338976812661023,
    "ENFERMEDAD_recall": 0.7819607843137255,
    "epoch": 10.0,
    "eval_ENFERMEDAD_f1": 0.7476175837688287,
    "eval_ENFERMEDAD_number": 1559,
    "eval_ENFERMEDAD_precision": 0.717827626918536,
    "eval_ENFERMEDAD_recall": 0.7799871712636305,
    "eval_loss": 0.17316754162311554,
    "eval_overall_accuracy": 0.9710712627669452,
    "eval_overall_f1": 0.7476175837688287,
    "eval_overall_precision": 0.717827626918536,
    "eval_overall_recall": 0.7799871712636305,
    "eval_runtime": 3.569,
    "eval_samples_per_second": 42.029,
    "eval_steps_per_second": 10.647,
    "overall_accuracy": 0.971751750042684,
    "overall_f1": 0.7571672678944371,
    "overall_precision": 0.7338976812661023,
    "overall_recall": 0.7819607843137255,
    "total_flos": 2782933889020992.0,
    "train_loss": 0.03371332581837972,
    "train_runtime": 728.3782,
    "train_samples_per_second": 8.237,
    "train_steps_per_second": 1.03
}