{
    "epoch": 10.0,
    "eval_ENFERMEDAD_f1": 0.7476175837688287,
    "eval_ENFERMEDAD_number": 1559,
    "eval_ENFERMEDAD_precision": 0.717827626918536,
    "eval_ENFERMEDAD_recall": 0.7799871712636305,
    "eval_loss": 0.17316754162311554,
    "eval_overall_accuracy": 0.9710712627669452,
    "eval_overall_f1": 0.7476175837688287,
    "eval_overall_precision": 0.717827626918536,
    "eval_overall_recall": 0.7799871712636305,
    "eval_runtime": 3.569,
    "eval_samples_per_second": 42.029,
    "eval_steps_per_second": 10.647
}