{
    "SINTOMA_f1": 0.6957764369641155,
    "SINTOMA_number": 3081,
    "SINTOMA_precision": 0.6810693192415294,
    "SINTOMA_recall": 0.7111327491074326,
    "epoch": 9.87248322147651,
    "eval_SINTOMA_f1": 0.6644277964350297,
    "eval_SINTOMA_number": 1827,
    "eval_SINTOMA_precision": 0.6291585127201565,
    "eval_SINTOMA_recall": 0.7038861521620142,
    "eval_loss": 0.32290270924568176,
    "eval_overall_accuracy": 0.9448596869940636,
    "eval_overall_f1": 0.6644277964350297,
    "eval_overall_precision": 0.6291585127201565,
    "eval_overall_recall": 0.7038861521620142,
    "eval_runtime": 5.4769,
    "eval_samples_per_second": 27.205,
    "eval_steps_per_second": 6.938,
    "overall_accuracy": 0.9442376643332764,
    "overall_f1": 0.6957764369641155,
    "overall_precision": 0.6810693192415294,
    "overall_recall": 0.7111327491074326,
    "total_flos": 2700586367156160.0,
    "train_loss": 0.05332246406658276,
    "train_runtime": 1031.9567,
    "train_samples_per_second": 5.766,
    "train_steps_per_second": 0.717
}