{
    "SINTOMA_f1": 0.6957764369641155,
    "SINTOMA_number": 3081,
    "SINTOMA_precision": 0.6810693192415294,
    "SINTOMA_recall": 0.7111327491074326,
    "overall_accuracy": 0.9442376643332764,
    "overall_f1": 0.6957764369641155,
    "overall_precision": 0.6810693192415294,
    "overall_recall": 0.7111327491074326
}