{
    "SINTOMA_f1": 0.6793039154754507,
    "SINTOMA_number": 3124,
    "SINTOMA_precision": 0.660024154589372,
    "SINTOMA_recall": 0.6997439180537772,
    "epoch": 10.0,
    "eval_SINTOMA_f1": 0.6432432432432432,
    "eval_SINTOMA_number": 2091,
    "eval_SINTOMA_precision": 0.6079182630906769,
    "eval_SINTOMA_recall": 0.6829268292682927,
    "eval_loss": 0.3983825743198395,
    "eval_overall_accuracy": 0.9394618630609374,
    "eval_overall_f1": 0.6432432432432432,
    "eval_overall_precision": 0.6079182630906769,
    "eval_overall_recall": 0.6829268292682927,
    "eval_runtime": 6.4528,
    "eval_samples_per_second": 42.153,
    "eval_steps_per_second": 5.269,
    "overall_accuracy": 0.9393632943651147,
    "overall_f1": 0.6793039154754507,
    "overall_precision": 0.660024154589372,
    "overall_recall": 0.6997439180537772,
    "total_flos": 9548417225183616.0,
    "train_loss": 0.057714457105296525,
    "train_runtime": 1723.2838,
    "train_samples_per_second": 5.971,
    "train_steps_per_second": 0.749
}