{
    "FAMILIAR_f1": 0.6363636363636364,
    "FAMILIAR_number": 51,
    "FAMILIAR_precision": 0.5932203389830508,
    "FAMILIAR_recall": 0.6862745098039216,
    "OTROS_f1": 0.7445255474452555,
    "OTROS_number": 148,
    "OTROS_precision": 0.8095238095238095,
    "OTROS_recall": 0.6891891891891891,
    "PACIENTE_f1": 0.6976351351351351,
    "PACIENTE_number": 590,
    "PACIENTE_precision": 0.6952861952861953,
    "PACIENTE_recall": 0.7,
    "SANITARIO_f1": 0.9240710823909533,
    "SANITARIO_number": 302,
    "SANITARIO_precision": 0.9022082018927445,
    "SANITARIO_recall": 0.9470198675496688,
    "epoch": 10.0,
    "eval_FAMILIAR_f1": 0.8034188034188033,
    "eval_FAMILIAR_number": 57,
    "eval_FAMILIAR_precision": 0.7833333333333333,
    "eval_FAMILIAR_recall": 0.8245614035087719,
    "eval_OTROS_f1": 0.8095238095238095,
    "eval_OTROS_number": 160,
    "eval_OTROS_precision": 0.8880597014925373,
    "eval_OTROS_recall": 0.74375,
    "eval_PACIENTE_f1": 0.6889185580774366,
    "eval_PACIENTE_number": 351,
    "eval_PACIENTE_precision": 0.6482412060301508,
    "eval_PACIENTE_recall": 0.7350427350427351,
    "eval_SANITARIO_f1": 0.8829113924050633,
    "eval_SANITARIO_number": 306,
    "eval_SANITARIO_precision": 0.8558282208588958,
    "eval_SANITARIO_recall": 0.9117647058823529,
    "eval_loss": 0.018419764935970306,
    "eval_overall_accuracy": 0.997260355825105,
    "eval_overall_f1": 0.7845982142857143,
    "eval_overall_precision": 0.7657952069716776,
    "eval_overall_recall": 0.8043478260869565,
    "eval_runtime": 18.0914,
    "eval_samples_per_second": 42.064,
    "eval_steps_per_second": 5.306,
    "overall_accuracy": 0.9965562784327153,
    "overall_f1": 0.7645176040237769,
    "overall_precision": 0.7627737226277372,
    "overall_recall": 0.766269477543538,
    "total_flos": 2.968217991794688e+16,
    "train_loss": 0.00607919186167419,
    "train_runtime": 3144.9163,
    "train_samples_per_second": 10.162,
    "train_steps_per_second": 1.272
}