{
    "epoch": 10.0,
    "eval_FAMILIAR_f1": 0.8034188034188033,
    "eval_FAMILIAR_number": 57,
    "eval_FAMILIAR_precision": 0.7833333333333333,
    "eval_FAMILIAR_recall": 0.8245614035087719,
    "eval_OTROS_f1": 0.8095238095238095,
    "eval_OTROS_number": 160,
    "eval_OTROS_precision": 0.8880597014925373,
    "eval_OTROS_recall": 0.74375,
    "eval_PACIENTE_f1": 0.6889185580774366,
    "eval_PACIENTE_number": 351,
    "eval_PACIENTE_precision": 0.6482412060301508,
    "eval_PACIENTE_recall": 0.7350427350427351,
    "eval_SANITARIO_f1": 0.8829113924050633,
    "eval_SANITARIO_number": 306,
    "eval_SANITARIO_precision": 0.8558282208588958,
    "eval_SANITARIO_recall": 0.9117647058823529,
    "eval_loss": 0.018419764935970306,
    "eval_overall_accuracy": 0.997260355825105,
    "eval_overall_f1": 0.7845982142857143,
    "eval_overall_precision": 0.7657952069716776,
    "eval_overall_recall": 0.8043478260869565,
    "eval_runtime": 18.0914,
    "eval_samples_per_second": 42.064,
    "eval_steps_per_second": 5.306
}