{
    "DIAGNOSTICO_f1": 0.6767141887304821,
    "DIAGNOSTICO_number": 3491,
    "DIAGNOSTICO_precision": 0.6432627774909654,
    "DIAGNOSTICO_recall": 0.7138355771985104,
    "PROCEDIMIENTO_f1": 0.5843045843045843,
    "PROCEDIMIENTO_number": 1241,
    "PROCEDIMIENTO_precision": 0.5641410352588146,
    "PROCEDIMIENTO_recall": 0.6059629331184528,
    "epoch": 9.704,
    "eval_DIAGNOSTICO_f1": 0.6645750142612664,
    "eval_DIAGNOSTICO_number": 3342,
    "eval_DIAGNOSTICO_precision": 0.6348773841961853,
    "eval_DIAGNOSTICO_recall": 0.6971873129862358,
    "eval_PROCEDIMIENTO_f1": 0.593939393939394,
    "eval_PROCEDIMIENTO_number": 1205,
    "eval_PROCEDIMIENTO_precision": 0.5787401574803149,
    "eval_PROCEDIMIENTO_recall": 0.6099585062240664,
    "eval_loss": 0.23004747927188873,
    "eval_overall_accuracy": 0.9535875051152639,
    "eval_overall_f1": 0.64614735954464,
    "eval_overall_precision": 0.6204453441295547,
    "eval_overall_recall": 0.6740708159225863,
    "eval_runtime": 7.2343,
    "eval_samples_per_second": 34.558,
    "eval_steps_per_second": 8.709,
    "overall_accuracy": 0.9538662239089184,
    "overall_f1": 0.6527819700171044,
    "overall_precision": 0.6230074899174188,
    "overall_recall": 0.6855452240067624,
    "total_flos": 2238419295076032.0,
    "train_loss": 0.07214247180569557,
    "train_runtime": 796.7522,
    "train_samples_per_second": 6.275,
    "train_steps_per_second": 0.389
}