{
    "epoch": 9.704,
    "eval_DIAGNOSTICO_f1": 0.6645750142612664,
    "eval_DIAGNOSTICO_number": 3342,
    "eval_DIAGNOSTICO_precision": 0.6348773841961853,
    "eval_DIAGNOSTICO_recall": 0.6971873129862358,
    "eval_PROCEDIMIENTO_f1": 0.593939393939394,
    "eval_PROCEDIMIENTO_number": 1205,
    "eval_PROCEDIMIENTO_precision": 0.5787401574803149,
    "eval_PROCEDIMIENTO_recall": 0.6099585062240664,
    "eval_loss": 0.23004747927188873,
    "eval_overall_accuracy": 0.9535875051152639,
    "eval_overall_f1": 0.64614735954464,
    "eval_overall_precision": 0.6204453441295547,
    "eval_overall_recall": 0.6740708159225863,
    "eval_runtime": 7.2343,
    "eval_samples_per_second": 34.558,
    "eval_steps_per_second": 8.709
}