{
    "DIAGNOSTICO_f1": 0.6767141887304821,
    "DIAGNOSTICO_number": 3491,
    "DIAGNOSTICO_precision": 0.6432627774909654,
    "DIAGNOSTICO_recall": 0.7138355771985104,
    "PROCEDIMIENTO_f1": 0.5843045843045843,
    "PROCEDIMIENTO_number": 1241,
    "PROCEDIMIENTO_precision": 0.5641410352588146,
    "PROCEDIMIENTO_recall": 0.6059629331184528,
    "overall_accuracy": 0.9538662239089184,
    "overall_f1": 0.6527819700171044,
    "overall_precision": 0.6230074899174188,
    "overall_recall": 0.6855452240067624
}