{
    "DIAGNOSTICO_f1": 0.6549520766773163,
    "DIAGNOSTICO_number": 3547,
    "DIAGNOSTICO_precision": 0.6204287515762925,
    "DIAGNOSTICO_recall": 0.6935438398646744,
    "PROCEDIMIENTO_f1": 0.5789286981199007,
    "PROCEDIMIENTO_number": 1336,
    "PROCEDIMIENTO_precision": 0.550236008091706,
    "PROCEDIMIENTO_recall": 0.6107784431137725,
    "epoch": 10.0,
    "eval_DIAGNOSTICO_f1": 0.629542353962545,
    "eval_DIAGNOSTICO_number": 3819,
    "eval_DIAGNOSTICO_precision": 0.5980207351555137,
    "eval_DIAGNOSTICO_recall": 0.6645718774548312,
    "eval_PROCEDIMIENTO_f1": 0.5820374484290701,
    "eval_PROCEDIMIENTO_number": 1535,
    "eval_PROCEDIMIENTO_precision": 0.567450495049505,
    "eval_PROCEDIMIENTO_recall": 0.5973941368078176,
    "eval_loss": 0.3427322208881378,
    "eval_overall_accuracy": 0.9399248484289633,
    "eval_overall_f1": 0.6161940431603352,
    "eval_overall_precision": 0.5895904436860068,
    "eval_overall_recall": 0.6453119163242436,
    "eval_runtime": 9.8976,
    "eval_samples_per_second": 44.556,
    "eval_steps_per_second": 2.829,
    "overall_accuracy": 0.9414524887178567,
    "overall_f1": 0.6342077243248476,
    "overall_precision": 0.6013215859030837,
    "overall_recall": 0.6708990374769609,
    "total_flos": 7929758243205216.0,
    "train_loss": 0.07317507471199389,
    "train_runtime": 1711.4327,
    "train_samples_per_second": 4.99,
    "train_steps_per_second": 0.316
}