{
    "epoch": 10.0,
    "eval_DIAGNOSTICO_f1": 0.629542353962545,
    "eval_DIAGNOSTICO_number": 3819,
    "eval_DIAGNOSTICO_precision": 0.5980207351555137,
    "eval_DIAGNOSTICO_recall": 0.6645718774548312,
    "eval_PROCEDIMIENTO_f1": 0.5820374484290701,
    "eval_PROCEDIMIENTO_number": 1535,
    "eval_PROCEDIMIENTO_precision": 0.567450495049505,
    "eval_PROCEDIMIENTO_recall": 0.5973941368078176,
    "eval_loss": 0.3427322208881378,
    "eval_overall_accuracy": 0.9399248484289633,
    "eval_overall_f1": 0.6161940431603352,
    "eval_overall_precision": 0.5895904436860068,
    "eval_overall_recall": 0.6453119163242436,
    "eval_runtime": 9.8976,
    "eval_samples_per_second": 44.556,
    "eval_steps_per_second": 2.829
}