{
    "DIAGNOSTICO_f1": 0.6549520766773163,
    "DIAGNOSTICO_number": 3547,
    "DIAGNOSTICO_precision": 0.6204287515762925,
    "DIAGNOSTICO_recall": 0.6935438398646744,
    "PROCEDIMIENTO_f1": 0.5789286981199007,
    "PROCEDIMIENTO_number": 1336,
    "PROCEDIMIENTO_precision": 0.550236008091706,
    "PROCEDIMIENTO_recall": 0.6107784431137725,
    "overall_accuracy": 0.9414524887178567,
    "overall_f1": 0.6342077243248476,
    "overall_precision": 0.6013215859030837,
    "overall_recall": 0.6708990374769609
}