{
    "ACTIVIDAD_f1": 0.5161290322580646,
    "ACTIVIDAD_number": 28,
    "ACTIVIDAD_precision": 0.47058823529411764,
    "ACTIVIDAD_recall": 0.5714285714285714,
    "PROFESION_f1": 0.8538681948424067,
    "PROFESION_number": 695,
    "PROFESION_precision": 0.8502139800285307,
    "PROFESION_recall": 0.8575539568345324,
    "SITUACION_LABORAL_f1": 0.6472303206997084,
    "SITUACION_LABORAL_number": 356,
    "SITUACION_LABORAL_precision": 0.6727272727272727,
    "SITUACION_LABORAL_recall": 0.6235955056179775,
    "epoch": 10.0,
    "eval_ACTIVIDAD_f1": 0.4210526315789474,
    "eval_ACTIVIDAD_number": 21,
    "eval_ACTIVIDAD_precision": 0.3333333333333333,
    "eval_ACTIVIDAD_recall": 0.5714285714285714,
    "eval_PROFESION_f1": 0.8413793103448275,
    "eval_PROFESION_number": 574,
    "eval_PROFESION_precision": 0.8327645051194539,
    "eval_PROFESION_recall": 0.8501742160278746,
    "eval_SITUACION_LABORAL_f1": 0.6973365617433414,
    "eval_SITUACION_LABORAL_number": 196,
    "eval_SITUACION_LABORAL_precision": 0.663594470046083,
    "eval_SITUACION_LABORAL_recall": 0.7346938775510204,
    "eval_loss": 0.016545917838811874,
    "eval_overall_accuracy": 0.9972607080611939,
    "eval_overall_f1": 0.7901840490797546,
    "eval_overall_precision": 0.767580452920143,
    "eval_overall_recall": 0.8141592920353983,
    "eval_runtime": 9.2609,
    "eval_samples_per_second": 70.08,
    "eval_steps_per_second": 8.854,
    "overall_accuracy": 0.9963144770478177,
    "overall_f1": 0.7779850746268656,
    "overall_precision": 0.7830985915492957,
    "overall_recall": 0.772937905468026,
    "total_flos": 6895933124720640.0,
    "train_loss": 0.0054401530077060065,
    "train_runtime": 1161.0544,
    "train_samples_per_second": 22.729,
    "train_steps_per_second": 2.842
}