{
    "ACTIVIDAD_f1": 0.5161290322580646,
    "ACTIVIDAD_number": 28,
    "ACTIVIDAD_precision": 0.47058823529411764,
    "ACTIVIDAD_recall": 0.5714285714285714,
    "PROFESION_f1": 0.8538681948424067,
    "PROFESION_number": 695,
    "PROFESION_precision": 0.8502139800285307,
    "PROFESION_recall": 0.8575539568345324,
    "SITUACION_LABORAL_f1": 0.6472303206997084,
    "SITUACION_LABORAL_number": 356,
    "SITUACION_LABORAL_precision": 0.6727272727272727,
    "SITUACION_LABORAL_recall": 0.6235955056179775,
    "overall_accuracy": 0.9963144770478177,
    "overall_f1": 0.7779850746268656,
    "overall_precision": 0.7830985915492957,
    "overall_recall": 0.772937905468026
}