{
    "DIAGNOSTICO_f1": 0.6916712630998346,
    "DIAGNOSTICO_number": 3491,
    "DIAGNOSTICO_precision": 0.6668439244881681,
    "DIAGNOSTICO_recall": 0.7184187911773131,
    "PROCEDIMIENTO_f1": 0.5833979829325058,
    "PROCEDIMIENTO_number": 1241,
    "PROCEDIMIENTO_precision": 0.56245325355273,
    "PROCEDIMIENTO_recall": 0.6059629331184528,
    "epoch": 9.704,
    "eval_DIAGNOSTICO_f1": 0.6702296692185469,
    "eval_DIAGNOSTICO_number": 3342,
    "eval_DIAGNOSTICO_precision": 0.64786372521642,
    "eval_DIAGNOSTICO_recall": 0.6941950927588271,
    "eval_PROCEDIMIENTO_f1": 0.6058894715611134,
    "eval_PROCEDIMIENTO_number": 1205,
    "eval_PROCEDIMIENTO_precision": 0.5894819466248038,
    "eval_PROCEDIMIENTO_recall": 0.6232365145228216,
    "eval_loss": 0.22734789550304413,
    "eval_overall_accuracy": 0.9543036420679307,
    "eval_overall_f1": 0.6532652627100617,
    "eval_overall_precision": 0.6325437693099897,
    "eval_overall_recall": 0.6753903672751265,
    "eval_runtime": 7.1874,
    "eval_samples_per_second": 34.783,
    "eval_steps_per_second": 8.765,
    "overall_accuracy": 0.9546286256438059,
    "overall_f1": 0.6632756866734486,
    "overall_precision": 0.639466457434288,
    "overall_recall": 0.6889264581572274,
    "total_flos": 2238419295076032.0,
    "train_loss": 0.07111727191555885,
    "train_runtime": 791.3185,
    "train_samples_per_second": 6.319,
    "train_steps_per_second": 0.392
}