{
    "epoch": 9.704,
    "eval_DIAGNOSTICO_f1": 0.6702296692185469,
    "eval_DIAGNOSTICO_number": 3342,
    "eval_DIAGNOSTICO_precision": 0.64786372521642,
    "eval_DIAGNOSTICO_recall": 0.6941950927588271,
    "eval_PROCEDIMIENTO_f1": 0.6058894715611134,
    "eval_PROCEDIMIENTO_number": 1205,
    "eval_PROCEDIMIENTO_precision": 0.5894819466248038,
    "eval_PROCEDIMIENTO_recall": 0.6232365145228216,
    "eval_loss": 0.22734789550304413,
    "eval_overall_accuracy": 0.9543036420679307,
    "eval_overall_f1": 0.6532652627100617,
    "eval_overall_precision": 0.6325437693099897,
    "eval_overall_recall": 0.6753903672751265,
    "eval_runtime": 7.1874,
    "eval_samples_per_second": 34.783,
    "eval_steps_per_second": 8.765
}