{
    "DIAGNOSTICO_f1": 0.6916712630998346,
    "DIAGNOSTICO_number": 3491,
    "DIAGNOSTICO_precision": 0.6668439244881681,
    "DIAGNOSTICO_recall": 0.7184187911773131,
    "PROCEDIMIENTO_f1": 0.5833979829325058,
    "PROCEDIMIENTO_number": 1241,
    "PROCEDIMIENTO_precision": 0.56245325355273,
    "PROCEDIMIENTO_recall": 0.6059629331184528,
    "overall_accuracy": 0.9546286256438059,
    "overall_f1": 0.6632756866734486,
    "overall_precision": 0.639466457434288,
    "overall_recall": 0.6889264581572274
}