{
    "CALLE_f1": 0.9283196239717979,
    "CALLE_number": 413,
    "CALLE_precision": 0.9018264840182648,
    "CALLE_recall": 0.9564164648910412,
    "CENTRO_SALUD_f1": 0.7272727272727272,
    "CENTRO_SALUD_number": 6,
    "CENTRO_SALUD_precision": 0.8,
    "CENTRO_SALUD_recall": 0.6666666666666666,
    "CORREO_ELECTRONICO_f1": 0.9880000000000001,
    "CORREO_ELECTRONICO_number": 249,
    "CORREO_ELECTRONICO_precision": 0.9840637450199203,
    "CORREO_ELECTRONICO_recall": 0.9919678714859438,
    "EDAD_SUJETO_ASISTENCIA_f1": 0.9780324737344794,
    "EDAD_SUJETO_ASISTENCIA_number": 518,
    "EDAD_SUJETO_ASISTENCIA_precision": 0.9678638941398866,
    "EDAD_SUJETO_ASISTENCIA_recall": 0.9884169884169884,
    "FAMILIARES_SUJETO_ASISTENCIA_f1": 0.7272727272727273,
    "FAMILIARES_SUJETO_ASISTENCIA_number": 81,
    "FAMILIARES_SUJETO_ASISTENCIA_precision": 0.6736842105263158,
    "FAMILIARES_SUJETO_ASISTENCIA_recall": 0.7901234567901234,
    "FECHAS_f1": 0.9820846905537459,
    "FECHAS_number": 611,
    "FECHAS_precision": 0.9773095623987034,
    "FECHAS_recall": 0.9869067103109657,
    "HOSPITAL_f1": 0.9104477611940298,
    "HOSPITAL_number": 130,
    "HOSPITAL_precision": 0.8840579710144928,
    "HOSPITAL_recall": 0.9384615384615385,
    "ID_ASEGURAMIENTO_f1": 0.9924433249370276,
    "ID_ASEGURAMIENTO_number": 198,
    "ID_ASEGURAMIENTO_precision": 0.9899497487437185,
    "ID_ASEGURAMIENTO_recall": 0.9949494949494949,
    "ID_CONTACTO_ASISTENCIAL_f1": 1.0,
    "ID_CONTACTO_ASISTENCIAL_number": 39,
    "ID_CONTACTO_ASISTENCIAL_precision": 1.0,
    "ID_CONTACTO_ASISTENCIAL_recall": 1.0,
    "ID_SUJETO_ASISTENCIA_f1": 0.9822695035460993,
    "ID_SUJETO_ASISTENCIA_number": 283,
    "ID_SUJETO_ASISTENCIA_precision": 0.9857651245551602,
    "ID_SUJETO_ASISTENCIA_recall": 0.9787985865724381,
    "ID_TITULACION_PERSONAL_SANITARIO_f1": 0.9936305732484078,
    "ID_TITULACION_PERSONAL_SANITARIO_number": 234,
    "ID_TITULACION_PERSONAL_SANITARIO_precision": 0.9873417721518988,
    "ID_TITULACION_PERSONAL_SANITARIO_recall": 1.0,
    "INSTITUCION_f1": 0.4740740740740741,
    "INSTITUCION_number": 67,
    "INSTITUCION_precision": 0.47058823529411764,
    "INSTITUCION_recall": 0.47761194029850745,
    "NOMBRE_PERSONAL_SANITARIO_f1": 0.991044776119403,
    "NOMBRE_PERSONAL_SANITARIO_number": 501,
    "NOMBRE_PERSONAL_SANITARIO_precision": 0.9880952380952381,
    "NOMBRE_PERSONAL_SANITARIO_recall": 0.9940119760479041,
    "NOMBRE_SUJETO_ASISTENCIA_f1": 0.999004975124378,
    "NOMBRE_SUJETO_ASISTENCIA_number": 502,
    "NOMBRE_SUJETO_ASISTENCIA_precision": 0.9980119284294234,
    "NOMBRE_SUJETO_ASISTENCIA_recall": 1.0,
    "NUMERO_FAX_f1": 0.8571428571428571,
    "NUMERO_FAX_number": 7,
    "NUMERO_FAX_precision": 0.8571428571428571,
    "NUMERO_FAX_recall": 0.8571428571428571,
    "NUMERO_TELEFONO_f1": 0.9019607843137256,
    "NUMERO_TELEFONO_number": 26,
    "NUMERO_TELEFONO_precision": 0.92,
    "NUMERO_TELEFONO_recall": 0.8846153846153846,
    "OTROS_SUJETO_ASISTENCIA_f1": 0.0,
    "OTROS_SUJETO_ASISTENCIA_number": 7,
    "OTROS_SUJETO_ASISTENCIA_precision": 0.0,
    "OTROS_SUJETO_ASISTENCIA_recall": 0.0,
    "PAIS_f1": 0.9862637362637363,
    "PAIS_number": 363,
    "PAIS_precision": 0.9835616438356164,
    "PAIS_recall": 0.9889807162534435,
    "PROFESION_f1": 0.46153846153846156,
    "PROFESION_number": 9,
    "PROFESION_precision": 0.35294117647058826,
    "PROFESION_recall": 0.6666666666666666,
    "SEXO_SUJETO_ASISTENCIA_f1": 0.9818181818181819,
    "SEXO_SUJETO_ASISTENCIA_number": 461,
    "SEXO_SUJETO_ASISTENCIA_precision": 0.9683544303797469,
    "SEXO_SUJETO_ASISTENCIA_recall": 0.9956616052060737,
    "TERRITORIO_f1": 0.9613375130616509,
    "TERRITORIO_number": 956,
    "TERRITORIO_precision": 0.9603340292275574,
    "TERRITORIO_recall": 0.9623430962343096,
    "epoch": 10.0,
    "eval_CALLE_f1": 0.8990011098779134,
    "eval_CALLE_number": 446,
    "eval_CALLE_precision": 0.8901098901098901,
    "eval_CALLE_recall": 0.9080717488789237,
    "eval_CENTRO_SALUD_f1": 0.5,
    "eval_CENTRO_SALUD_number": 2,
    "eval_CENTRO_SALUD_precision": 0.5,
    "eval_CENTRO_SALUD_recall": 0.5,
    "eval_CORREO_ELECTRONICO_f1": 0.9733059548254619,
    "eval_CORREO_ELECTRONICO_number": 240,
    "eval_CORREO_ELECTRONICO_precision": 0.9595141700404858,
    "eval_CORREO_ELECTRONICO_recall": 0.9875,
    "eval_EDAD_SUJETO_ASISTENCIA_f1": 0.9487666034155596,
    "eval_EDAD_SUJETO_ASISTENCIA_number": 531,
    "eval_EDAD_SUJETO_ASISTENCIA_precision": 0.9560229445506692,
    "eval_EDAD_SUJETO_ASISTENCIA_recall": 0.9416195856873822,
    "eval_FAMILIARES_SUJETO_ASISTENCIA_f1": 0.7211538461538461,
    "eval_FAMILIARES_SUJETO_ASISTENCIA_number": 102,
    "eval_FAMILIARES_SUJETO_ASISTENCIA_precision": 0.7075471698113207,
    "eval_FAMILIARES_SUJETO_ASISTENCIA_recall": 0.7352941176470589,
    "eval_FECHAS_f1": 0.9560655737704918,
    "eval_FECHAS_number": 762,
    "eval_FECHAS_precision": 0.9554390563564875,
    "eval_FECHAS_recall": 0.9566929133858267,
    "eval_HOSPITAL_f1": 0.869281045751634,
    "eval_HOSPITAL_number": 151,
    "eval_HOSPITAL_precision": 0.8580645161290322,
    "eval_HOSPITAL_recall": 0.8807947019867549,
    "eval_ID_ASEGURAMIENTO_f1": 0.987012987012987,
    "eval_ID_ASEGURAMIENTO_number": 194,
    "eval_ID_ASEGURAMIENTO_precision": 0.9947643979057592,
    "eval_ID_ASEGURAMIENTO_recall": 0.979381443298969,
    "eval_ID_CONTACTO_ASISTENCIAL_f1": 0.9393939393939394,
    "eval_ID_CONTACTO_ASISTENCIAL_number": 33,
    "eval_ID_CONTACTO_ASISTENCIAL_precision": 0.9393939393939394,
    "eval_ID_CONTACTO_ASISTENCIAL_recall": 0.9393939393939394,
    "eval_ID_SUJETO_ASISTENCIA_f1": 0.9381443298969072,
    "eval_ID_SUJETO_ASISTENCIA_number": 293,
    "eval_ID_SUJETO_ASISTENCIA_precision": 0.9446366782006921,
    "eval_ID_SUJETO_ASISTENCIA_recall": 0.931740614334471,
    "eval_ID_TITULACION_PERSONAL_SANITARIO_f1": 0.9668874172185431,
    "eval_ID_TITULACION_PERSONAL_SANITARIO_number": 229,
    "eval_ID_TITULACION_PERSONAL_SANITARIO_precision": 0.9776785714285714,
    "eval_ID_TITULACION_PERSONAL_SANITARIO_recall": 0.9563318777292577,
    "eval_INSTITUCION_f1": 0.7039106145251396,
    "eval_INSTITUCION_number": 81,
    "eval_INSTITUCION_precision": 0.6428571428571429,
    "eval_INSTITUCION_recall": 0.7777777777777778,
    "eval_NOMBRE_PERSONAL_SANITARIO_f1": 0.9608404966571156,
    "eval_NOMBRE_PERSONAL_SANITARIO_number": 526,
    "eval_NOMBRE_PERSONAL_SANITARIO_precision": 0.9654510556621881,
    "eval_NOMBRE_PERSONAL_SANITARIO_recall": 0.9562737642585551,
    "eval_NOMBRE_SUJETO_ASISTENCIA_f1": 0.9778225806451614,
    "eval_NOMBRE_SUJETO_ASISTENCIA_number": 503,
    "eval_NOMBRE_SUJETO_ASISTENCIA_precision": 0.9918200408997955,
    "eval_NOMBRE_SUJETO_ASISTENCIA_recall": 0.9642147117296223,
    "eval_NUMERO_FAX_f1": 0.9090909090909091,
    "eval_NUMERO_FAX_number": 6,
    "eval_NUMERO_FAX_precision": 1.0,
    "eval_NUMERO_FAX_recall": 0.8333333333333334,
    "eval_NUMERO_TELEFONO_f1": 0.88,
    "eval_NUMERO_TELEFONO_number": 25,
    "eval_NUMERO_TELEFONO_precision": 0.88,
    "eval_NUMERO_TELEFONO_recall": 0.88,
    "eval_OTROS_SUJETO_ASISTENCIA_f1": 0.0,
    "eval_OTROS_SUJETO_ASISTENCIA_number": 6,
    "eval_OTROS_SUJETO_ASISTENCIA_precision": 0.0,
    "eval_OTROS_SUJETO_ASISTENCIA_recall": 0.0,
    "eval_PAIS_f1": 0.9785407725321889,
    "eval_PAIS_number": 353,
    "eval_PAIS_precision": 0.9884393063583815,
    "eval_PAIS_recall": 0.9688385269121813,
    "eval_PROFESION_f1": 0.6666666666666665,
    "eval_PROFESION_number": 4,
    "eval_PROFESION_precision": 0.6,
    "eval_PROFESION_recall": 0.75,
    "eval_SEXO_SUJETO_ASISTENCIA_f1": 0.9640130861504908,
    "eval_SEXO_SUJETO_ASISTENCIA_number": 462,
    "eval_SEXO_SUJETO_ASISTENCIA_precision": 0.9714285714285714,
    "eval_SEXO_SUJETO_ASISTENCIA_recall": 0.9567099567099567,
    "eval_TERRITORIO_f1": 0.9562624254473161,
    "eval_TERRITORIO_number": 1006,
    "eval_TERRITORIO_precision": 0.9562624254473161,