{
    "epoch": 10.0,
    "eval_CALLE_f1": 0.8990011098779134,
    "eval_CALLE_number": 446,
    "eval_CALLE_precision": 0.8901098901098901,
    "eval_CALLE_recall": 0.9080717488789237,
    "eval_CENTRO_SALUD_f1": 0.5,
    "eval_CENTRO_SALUD_number": 2,
    "eval_CENTRO_SALUD_precision": 0.5,
    "eval_CENTRO_SALUD_recall": 0.5,
    "eval_CORREO_ELECTRONICO_f1": 0.9733059548254619,
    "eval_CORREO_ELECTRONICO_number": 240,
    "eval_CORREO_ELECTRONICO_precision": 0.9595141700404858,
    "eval_CORREO_ELECTRONICO_recall": 0.9875,
    "eval_EDAD_SUJETO_ASISTENCIA_f1": 0.9487666034155596,
    "eval_EDAD_SUJETO_ASISTENCIA_number": 531,
    "eval_EDAD_SUJETO_ASISTENCIA_precision": 0.9560229445506692,
    "eval_EDAD_SUJETO_ASISTENCIA_recall": 0.9416195856873822,
    "eval_FAMILIARES_SUJETO_ASISTENCIA_f1": 0.7211538461538461,
    "eval_FAMILIARES_SUJETO_ASISTENCIA_number": 102,
    "eval_FAMILIARES_SUJETO_ASISTENCIA_precision": 0.7075471698113207,
    "eval_FAMILIARES_SUJETO_ASISTENCIA_recall": 0.7352941176470589,
    "eval_FECHAS_f1": 0.9560655737704918,
    "eval_FECHAS_number": 762,
    "eval_FECHAS_precision": 0.9554390563564875,
    "eval_FECHAS_recall": 0.9566929133858267,
    "eval_HOSPITAL_f1": 0.869281045751634,
    "eval_HOSPITAL_number": 151,
    "eval_HOSPITAL_precision": 0.8580645161290322,
    "eval_HOSPITAL_recall": 0.8807947019867549,
    "eval_ID_ASEGURAMIENTO_f1": 0.987012987012987,
    "eval_ID_ASEGURAMIENTO_number": 194,
    "eval_ID_ASEGURAMIENTO_precision": 0.9947643979057592,
    "eval_ID_ASEGURAMIENTO_recall": 0.979381443298969,
    "eval_ID_CONTACTO_ASISTENCIAL_f1": 0.9393939393939394,
    "eval_ID_CONTACTO_ASISTENCIAL_number": 33,
    "eval_ID_CONTACTO_ASISTENCIAL_precision": 0.9393939393939394,
    "eval_ID_CONTACTO_ASISTENCIAL_recall": 0.9393939393939394,
    "eval_ID_SUJETO_ASISTENCIA_f1": 0.9381443298969072,
    "eval_ID_SUJETO_ASISTENCIA_number": 293,
    "eval_ID_SUJETO_ASISTENCIA_precision": 0.9446366782006921,
    "eval_ID_SUJETO_ASISTENCIA_recall": 0.931740614334471,
    "eval_ID_TITULACION_PERSONAL_SANITARIO_f1": 0.9668874172185431,
    "eval_ID_TITULACION_PERSONAL_SANITARIO_number": 229,
    "eval_ID_TITULACION_PERSONAL_SANITARIO_precision": 0.9776785714285714,
    "eval_ID_TITULACION_PERSONAL_SANITARIO_recall": 0.9563318777292577,
    "eval_INSTITUCION_f1": 0.7039106145251396,
    "eval_INSTITUCION_number": 81,
    "eval_INSTITUCION_precision": 0.6428571428571429,
    "eval_INSTITUCION_recall": 0.7777777777777778,
    "eval_NOMBRE_PERSONAL_SANITARIO_f1": 0.9608404966571156,
    "eval_NOMBRE_PERSONAL_SANITARIO_number": 526,
    "eval_NOMBRE_PERSONAL_SANITARIO_precision": 0.9654510556621881,
    "eval_NOMBRE_PERSONAL_SANITARIO_recall": 0.9562737642585551,
    "eval_NOMBRE_SUJETO_ASISTENCIA_f1": 0.9778225806451614,
    "eval_NOMBRE_SUJETO_ASISTENCIA_number": 503,
    "eval_NOMBRE_SUJETO_ASISTENCIA_precision": 0.9918200408997955,
    "eval_NOMBRE_SUJETO_ASISTENCIA_recall": 0.9642147117296223,
    "eval_NUMERO_FAX_f1": 0.9090909090909091,
    "eval_NUMERO_FAX_number": 6,
    "eval_NUMERO_FAX_precision": 1.0,
    "eval_NUMERO_FAX_recall": 0.8333333333333334,
    "eval_NUMERO_TELEFONO_f1": 0.88,
    "eval_NUMERO_TELEFONO_number": 25,
    "eval_NUMERO_TELEFONO_precision": 0.88,
    "eval_NUMERO_TELEFONO_recall": 0.88,
    "eval_OTROS_SUJETO_ASISTENCIA_f1": 0.0,
    "eval_OTROS_SUJETO_ASISTENCIA_number": 6,
    "eval_OTROS_SUJETO_ASISTENCIA_precision": 0.0,
    "eval_OTROS_SUJETO_ASISTENCIA_recall": 0.0,
    "eval_PAIS_f1": 0.9785407725321889,
    "eval_PAIS_number": 353,
    "eval_PAIS_precision": 0.9884393063583815,
    "eval_PAIS_recall": 0.9688385269121813,
    "eval_PROFESION_f1": 0.6666666666666665,
    "eval_PROFESION_number": 4,
    "eval_PROFESION_precision": 0.6,
    "eval_PROFESION_recall": 0.75,
    "eval_SEXO_SUJETO_ASISTENCIA_f1": 0.9640130861504908,
    "eval_SEXO_SUJETO_ASISTENCIA_number": 462,
    "eval_SEXO_SUJETO_ASISTENCIA_precision": 0.9714285714285714,
    "eval_SEXO_SUJETO_ASISTENCIA_recall": 0.9567099567099567,
    "eval_TERRITORIO_f1": 0.9562624254473161,
    "eval_TERRITORIO_number": 1006,
    "eval_TERRITORIO_precision": 0.9562624254473161,
    "eval_TERRITORIO_recall": 0.9562624254473161,
    "eval_loss": 0.048386335372924805,
    "eval_overall_accuracy": 0.9921745293071064,
    "eval_overall_f1": 0.9447759939480541,
    "eval_overall_precision": 0.9458094917536183,
    "eval_overall_recall": 0.943744752308984,
    "eval_runtime": 7.5913,
    "eval_samples_per_second": 64.548,
    "eval_steps_per_second": 8.167
}