{
    "CALLE_f1": 0.9627851140456183,
    "CALLE_number": 413,
    "CALLE_precision": 0.9547619047619048,
    "CALLE_recall": 0.9709443099273608,
    "CENTRO_SALUD_f1": 0.15384615384615383,
    "CENTRO_SALUD_number": 6,
    "CENTRO_SALUD_precision": 0.14285714285714285,
    "CENTRO_SALUD_recall": 0.16666666666666666,
    "CORREO_ELECTRONICO_f1": 0.9898580121703855,
    "CORREO_ELECTRONICO_number": 246,
    "CORREO_ELECTRONICO_precision": 0.9878542510121457,
    "CORREO_ELECTRONICO_recall": 0.991869918699187,
    "EDAD_SUJETO_ASISTENCIA_f1": 0.9857006673021926,
    "EDAD_SUJETO_ASISTENCIA_number": 518,
    "EDAD_SUJETO_ASISTENCIA_precision": 0.9736346516007532,
    "EDAD_SUJETO_ASISTENCIA_recall": 0.9980694980694981,
    "FAMILIARES_SUJETO_ASISTENCIA_f1": 0.7294117647058822,
    "FAMILIARES_SUJETO_ASISTENCIA_number": 80,
    "FAMILIARES_SUJETO_ASISTENCIA_precision": 0.6888888888888889,
    "FAMILIARES_SUJETO_ASISTENCIA_recall": 0.775,
    "FECHAS_f1": 0.9902120717781403,
    "FECHAS_number": 611,
    "FECHAS_precision": 0.9869918699186991,
    "FECHAS_recall": 0.9934533551554828,
    "HOSPITAL_f1": 0.9042145593869731,
    "HOSPITAL_number": 130,
    "HOSPITAL_precision": 0.9007633587786259,
    "HOSPITAL_recall": 0.9076923076923077,
    "ID_ASEGURAMIENTO_f1": 0.9924433249370276,
    "ID_ASEGURAMIENTO_number": 198,
    "ID_ASEGURAMIENTO_precision": 0.9899497487437185,
    "ID_ASEGURAMIENTO_recall": 0.9949494949494949,
    "ID_CONTACTO_ASISTENCIAL_f1": 0.9870129870129869,
    "ID_CONTACTO_ASISTENCIAL_number": 39,
    "ID_CONTACTO_ASISTENCIAL_precision": 1.0,
    "ID_CONTACTO_ASISTENCIAL_recall": 0.9743589743589743,
    "ID_SUJETO_ASISTENCIA_f1": 0.9755244755244755,
    "ID_SUJETO_ASISTENCIA_number": 283,
    "ID_SUJETO_ASISTENCIA_precision": 0.9653979238754326,
    "ID_SUJETO_ASISTENCIA_recall": 0.9858657243816255,
    "ID_TITULACION_PERSONAL_SANITARIO_f1": 0.9978678038379531,
    "ID_TITULACION_PERSONAL_SANITARIO_number": 234,
    "ID_TITULACION_PERSONAL_SANITARIO_precision": 0.9957446808510638,
    "ID_TITULACION_PERSONAL_SANITARIO_recall": 1.0,
    "INSTITUCION_f1": 0.4444444444444445,
    "INSTITUCION_number": 67,
    "INSTITUCION_precision": 0.4155844155844156,
    "INSTITUCION_recall": 0.47761194029850745,
    "NOMBRE_PERSONAL_SANITARIO_f1": 0.998003992015968,
    "NOMBRE_PERSONAL_SANITARIO_number": 501,
    "NOMBRE_PERSONAL_SANITARIO_precision": 0.998003992015968,
    "NOMBRE_PERSONAL_SANITARIO_recall": 0.998003992015968,
    "NOMBRE_SUJETO_ASISTENCIA_f1": 0.999004975124378,
    "NOMBRE_SUJETO_ASISTENCIA_number": 502,
    "NOMBRE_SUJETO_ASISTENCIA_precision": 0.9980119284294234,
    "NOMBRE_SUJETO_ASISTENCIA_recall": 1.0,
    "NUMERO_FAX_f1": 0.8571428571428571,
    "NUMERO_FAX_number": 7,
    "NUMERO_FAX_precision": 0.8571428571428571,
    "NUMERO_FAX_recall": 0.8571428571428571,
    "NUMERO_TELEFONO_f1": 0.9811320754716981,
    "NUMERO_TELEFONO_number": 26,
    "NUMERO_TELEFONO_precision": 0.9629629629629629,
    "NUMERO_TELEFONO_recall": 1.0,
    "OTROS_SUJETO_ASISTENCIA_f1": 0.0,
    "OTROS_SUJETO_ASISTENCIA_number": 7,
    "OTROS_SUJETO_ASISTENCIA_precision": 0.0,
    "OTROS_SUJETO_ASISTENCIA_recall": 0.0,
    "PAIS_f1": 0.9863013698630138,
    "PAIS_number": 363,
    "PAIS_precision": 0.9809264305177112,
    "PAIS_recall": 0.9917355371900827,
    "PROFESION_f1": 0.6666666666666666,
    "PROFESION_number": 9,
    "PROFESION_precision": 0.5,
    "PROFESION_recall": 1.0,
    "SEXO_SUJETO_ASISTENCIA_f1": 0.9816612729234089,
    "SEXO_SUJETO_ASISTENCIA_number": 461,
    "SEXO_SUJETO_ASISTENCIA_precision": 0.9763948497854077,
    "SEXO_SUJETO_ASISTENCIA_recall": 0.9869848156182213,
    "TERRITORIO_f1": 0.9746987951807229,
    "TERRITORIO_number": 829,
    "TERRITORIO_precision": 0.97352587244284,
    "TERRITORIO_recall": 0.9758745476477684,
    "epoch": 10.0,
    "eval_CALLE_f1": 0.9281641961231469,
    "eval_CALLE_number": 435,
    "eval_CALLE_precision": 0.920814479638009,
    "eval_CALLE_recall": 0.9356321839080459,
    "eval_CENTRO_SALUD_f1": 0.0,
    "eval_CENTRO_SALUD_number": 2,
    "eval_CENTRO_SALUD_precision": 0.0,
    "eval_CENTRO_SALUD_recall": 0.0,
    "eval_CORREO_ELECTRONICO_f1": 0.9751037344398341,
    "eval_CORREO_ELECTRONICO_number": 239,
    "eval_CORREO_ELECTRONICO_precision": 0.9670781893004116,
    "eval_CORREO_ELECTRONICO_recall": 0.9832635983263598,
    "eval_EDAD_SUJETO_ASISTENCIA_f1": 0.9507575757575758,
    "eval_EDAD_SUJETO_ASISTENCIA_number": 527,
    "eval_EDAD_SUJETO_ASISTENCIA_precision": 0.9489603024574669,
    "eval_EDAD_SUJETO_ASISTENCIA_recall": 0.952561669829222,
    "eval_FAMILIARES_SUJETO_ASISTENCIA_f1": 0.8275862068965516,
    "eval_FAMILIARES_SUJETO_ASISTENCIA_number": 101,
    "eval_FAMILIARES_SUJETO_ASISTENCIA_precision": 0.8235294117647058,
    "eval_FAMILIARES_SUJETO_ASISTENCIA_recall": 0.8316831683168316,
    "eval_FECHAS_f1": 0.9634941329856583,
    "eval_FECHAS_number": 762,
    "eval_FECHAS_precision": 0.9572538860103627,
    "eval_FECHAS_recall": 0.9698162729658792,
    "eval_HOSPITAL_f1": 0.8618421052631579,
    "eval_HOSPITAL_number": 149,
    "eval_HOSPITAL_precision": 0.8451612903225807,
    "eval_HOSPITAL_recall": 0.8791946308724832,
    "eval_ID_ASEGURAMIENTO_f1": 0.9817232375979111,
    "eval_ID_ASEGURAMIENTO_number": 192,
    "eval_ID_ASEGURAMIENTO_precision": 0.9842931937172775,
    "eval_ID_ASEGURAMIENTO_recall": 0.9791666666666666,
    "eval_ID_CONTACTO_ASISTENCIAL_f1": 0.9538461538461539,
    "eval_ID_CONTACTO_ASISTENCIAL_number": 32,
    "eval_ID_CONTACTO_ASISTENCIAL_precision": 0.9393939393939394,
    "eval_ID_CONTACTO_ASISTENCIAL_recall": 0.96875,
    "eval_ID_SUJETO_ASISTENCIA_f1": 0.9301533219761499,
    "eval_ID_SUJETO_ASISTENCIA_number": 285,
    "eval_ID_SUJETO_ASISTENCIA_precision": 0.9039735099337748,
    "eval_ID_SUJETO_ASISTENCIA_recall": 0.9578947368421052,
    "eval_ID_TITULACION_PERSONAL_SANITARIO_f1": 0.9605263157894737,
    "eval_ID_TITULACION_PERSONAL_SANITARIO_number": 226,
    "eval_ID_TITULACION_PERSONAL_SANITARIO_precision": 0.9521739130434783,
    "eval_ID_TITULACION_PERSONAL_SANITARIO_recall": 0.9690265486725663,
    "eval_INSTITUCION_f1": 0.6666666666666667,
    "eval_INSTITUCION_number": 85,
    "eval_INSTITUCION_precision": 0.651685393258427,
    "eval_INSTITUCION_recall": 0.6823529411764706,
    "eval_NOMBRE_PERSONAL_SANITARIO_f1": 0.9539347408829176,
    "eval_NOMBRE_PERSONAL_SANITARIO_number": 520,
    "eval_NOMBRE_PERSONAL_SANITARIO_precision": 0.9521072796934866,
    "eval_NOMBRE_PERSONAL_SANITARIO_recall": 0.9557692307692308,
    "eval_NOMBRE_SUJETO_ASISTENCIA_f1": 0.9808660624370594,
    "eval_NOMBRE_SUJETO_ASISTENCIA_number": 488,
    "eval_NOMBRE_SUJETO_ASISTENCIA_precision": 0.9643564356435643,
    "eval_NOMBRE_SUJETO_ASISTENCIA_recall": 0.9979508196721312,
    "eval_NUMERO_FAX_f1": 0.8333333333333334,
    "eval_NUMERO_FAX_number": 6,
    "eval_NUMERO_FAX_precision": 0.8333333333333334,
    "eval_NUMERO_FAX_recall": 0.8333333333333334,
    "eval_NUMERO_TELEFONO_f1": 0.8846153846153846,
    "eval_NUMERO_TELEFONO_number": 25,
    "eval_NUMERO_TELEFONO_precision": 0.8518518518518519,
    "eval_NUMERO_TELEFONO_recall": 0.92,
    "eval_OTROS_SUJETO_ASISTENCIA_f1": 0.0,
    "eval_OTROS_SUJETO_ASISTENCIA_number": 7,
    "eval_OTROS_SUJETO_ASISTENCIA_precision": 0.0,
    "eval_OTROS_SUJETO_ASISTENCIA_recall": 0.0,
    "eval_PAIS_f1": 0.964336661911555,
    "eval_PAIS_number": 351,
    "eval_PAIS_precision": 0.9657142857142857,
    "eval_PAIS_recall": 0.9629629629629629,
    "eval_PROFESION_f1": 0.36363636363636365,
    "eval_PROFESION_number": 4,
    "eval_PROFESION_precision": 0.2857142857142857,
    "eval_PROFESION_recall": 0.5,
    "eval_SEXO_SUJETO_ASISTENCIA_f1": 0.9501084598698483,
    "eval_SEXO_SUJETO_ASISTENCIA_number": 456,
    "eval_SEXO_SUJETO_ASISTENCIA_precision": 0.9399141630901288,
    "eval_SEXO_SUJETO_ASISTENCIA_recall": 0.9605263157894737,
    "eval_TERRITORIO_f1": 0.9576659038901603,
    "eval_TERRITORIO_number": 863,