{
    "epoch": 10.0,
    "eval_CALLE_f1": 0.9281641961231469,
    "eval_CALLE_number": 435,
    "eval_CALLE_precision": 0.920814479638009,
    "eval_CALLE_recall": 0.9356321839080459,
    "eval_CENTRO_SALUD_f1": 0.0,
    "eval_CENTRO_SALUD_number": 2,
    "eval_CENTRO_SALUD_precision": 0.0,
    "eval_CENTRO_SALUD_recall": 0.0,
    "eval_CORREO_ELECTRONICO_f1": 0.9751037344398341,
    "eval_CORREO_ELECTRONICO_number": 239,
    "eval_CORREO_ELECTRONICO_precision": 0.9670781893004116,
    "eval_CORREO_ELECTRONICO_recall": 0.9832635983263598,
    "eval_EDAD_SUJETO_ASISTENCIA_f1": 0.9507575757575758,
    "eval_EDAD_SUJETO_ASISTENCIA_number": 527,
    "eval_EDAD_SUJETO_ASISTENCIA_precision": 0.9489603024574669,
    "eval_EDAD_SUJETO_ASISTENCIA_recall": 0.952561669829222,
    "eval_FAMILIARES_SUJETO_ASISTENCIA_f1": 0.8275862068965516,
    "eval_FAMILIARES_SUJETO_ASISTENCIA_number": 101,
    "eval_FAMILIARES_SUJETO_ASISTENCIA_precision": 0.8235294117647058,
    "eval_FAMILIARES_SUJETO_ASISTENCIA_recall": 0.8316831683168316,
    "eval_FECHAS_f1": 0.9634941329856583,
    "eval_FECHAS_number": 762,
    "eval_FECHAS_precision": 0.9572538860103627,
    "eval_FECHAS_recall": 0.9698162729658792,
    "eval_HOSPITAL_f1": 0.8618421052631579,
    "eval_HOSPITAL_number": 149,
    "eval_HOSPITAL_precision": 0.8451612903225807,
    "eval_HOSPITAL_recall": 0.8791946308724832,
    "eval_ID_ASEGURAMIENTO_f1": 0.9817232375979111,
    "eval_ID_ASEGURAMIENTO_number": 192,
    "eval_ID_ASEGURAMIENTO_precision": 0.9842931937172775,
    "eval_ID_ASEGURAMIENTO_recall": 0.9791666666666666,
    "eval_ID_CONTACTO_ASISTENCIAL_f1": 0.9538461538461539,
    "eval_ID_CONTACTO_ASISTENCIAL_number": 32,
    "eval_ID_CONTACTO_ASISTENCIAL_precision": 0.9393939393939394,
    "eval_ID_CONTACTO_ASISTENCIAL_recall": 0.96875,
    "eval_ID_SUJETO_ASISTENCIA_f1": 0.9301533219761499,
    "eval_ID_SUJETO_ASISTENCIA_number": 285,
    "eval_ID_SUJETO_ASISTENCIA_precision": 0.9039735099337748,
    "eval_ID_SUJETO_ASISTENCIA_recall": 0.9578947368421052,
    "eval_ID_TITULACION_PERSONAL_SANITARIO_f1": 0.9605263157894737,
    "eval_ID_TITULACION_PERSONAL_SANITARIO_number": 226,
    "eval_ID_TITULACION_PERSONAL_SANITARIO_precision": 0.9521739130434783,
    "eval_ID_TITULACION_PERSONAL_SANITARIO_recall": 0.9690265486725663,
    "eval_INSTITUCION_f1": 0.6666666666666667,
    "eval_INSTITUCION_number": 85,
    "eval_INSTITUCION_precision": 0.651685393258427,
    "eval_INSTITUCION_recall": 0.6823529411764706,
    "eval_NOMBRE_PERSONAL_SANITARIO_f1": 0.9539347408829176,
    "eval_NOMBRE_PERSONAL_SANITARIO_number": 520,
    "eval_NOMBRE_PERSONAL_SANITARIO_precision": 0.9521072796934866,
    "eval_NOMBRE_PERSONAL_SANITARIO_recall": 0.9557692307692308,
    "eval_NOMBRE_SUJETO_ASISTENCIA_f1": 0.9808660624370594,
    "eval_NOMBRE_SUJETO_ASISTENCIA_number": 488,
    "eval_NOMBRE_SUJETO_ASISTENCIA_precision": 0.9643564356435643,
    "eval_NOMBRE_SUJETO_ASISTENCIA_recall": 0.9979508196721312,
    "eval_NUMERO_FAX_f1": 0.8333333333333334,
    "eval_NUMERO_FAX_number": 6,
    "eval_NUMERO_FAX_precision": 0.8333333333333334,
    "eval_NUMERO_FAX_recall": 0.8333333333333334,
    "eval_NUMERO_TELEFONO_f1": 0.8846153846153846,
    "eval_NUMERO_TELEFONO_number": 25,
    "eval_NUMERO_TELEFONO_precision": 0.8518518518518519,
    "eval_NUMERO_TELEFONO_recall": 0.92,
    "eval_OTROS_SUJETO_ASISTENCIA_f1": 0.0,
    "eval_OTROS_SUJETO_ASISTENCIA_number": 7,
    "eval_OTROS_SUJETO_ASISTENCIA_precision": 0.0,
    "eval_OTROS_SUJETO_ASISTENCIA_recall": 0.0,
    "eval_PAIS_f1": 0.964336661911555,
    "eval_PAIS_number": 351,
    "eval_PAIS_precision": 0.9657142857142857,
    "eval_PAIS_recall": 0.9629629629629629,
    "eval_PROFESION_f1": 0.36363636363636365,
    "eval_PROFESION_number": 4,
    "eval_PROFESION_precision": 0.2857142857142857,
    "eval_PROFESION_recall": 0.5,
    "eval_SEXO_SUJETO_ASISTENCIA_f1": 0.9501084598698483,
    "eval_SEXO_SUJETO_ASISTENCIA_number": 456,
    "eval_SEXO_SUJETO_ASISTENCIA_precision": 0.9399141630901288,
    "eval_SEXO_SUJETO_ASISTENCIA_recall": 0.9605263157894737,
    "eval_TERRITORIO_f1": 0.9576659038901603,
    "eval_TERRITORIO_number": 863,
    "eval_TERRITORIO_precision": 0.9457627118644067,
    "eval_TERRITORIO_recall": 0.9698725376593279,
    "eval_loss": 0.03873968496918678,
    "eval_overall_accuracy": 0.9946842000098022,
    "eval_overall_f1": 0.9459366391184573,
    "eval_overall_precision": 0.937382699198089,
    "eval_overall_recall": 0.9546481320590791,
    "eval_runtime": 8.8652,
    "eval_samples_per_second": 68.808,
    "eval_steps_per_second": 8.686
}