{
    "CALLE_f1": 0.9627851140456183,
    "CALLE_number": 413,
    "CALLE_precision": 0.9547619047619048,
    "CALLE_recall": 0.9709443099273608,
    "CENTRO_SALUD_f1": 0.15384615384615383,
    "CENTRO_SALUD_number": 6,
    "CENTRO_SALUD_precision": 0.14285714285714285,
    "CENTRO_SALUD_recall": 0.16666666666666666,
    "CORREO_ELECTRONICO_f1": 0.9898580121703855,
    "CORREO_ELECTRONICO_number": 246,
    "CORREO_ELECTRONICO_precision": 0.9878542510121457,
    "CORREO_ELECTRONICO_recall": 0.991869918699187,
    "EDAD_SUJETO_ASISTENCIA_f1": 0.9857006673021926,
    "EDAD_SUJETO_ASISTENCIA_number": 518,
    "EDAD_SUJETO_ASISTENCIA_precision": 0.9736346516007532,
    "EDAD_SUJETO_ASISTENCIA_recall": 0.9980694980694981,
    "FAMILIARES_SUJETO_ASISTENCIA_f1": 0.7294117647058822,
    "FAMILIARES_SUJETO_ASISTENCIA_number": 80,
    "FAMILIARES_SUJETO_ASISTENCIA_precision": 0.6888888888888889,
    "FAMILIARES_SUJETO_ASISTENCIA_recall": 0.775,
    "FECHAS_f1": 0.9902120717781403,
    "FECHAS_number": 611,
    "FECHAS_precision": 0.9869918699186991,
    "FECHAS_recall": 0.9934533551554828,
    "HOSPITAL_f1": 0.9042145593869731,
    "HOSPITAL_number": 130,
    "HOSPITAL_precision": 0.9007633587786259,
    "HOSPITAL_recall": 0.9076923076923077,
    "ID_ASEGURAMIENTO_f1": 0.9924433249370276,
    "ID_ASEGURAMIENTO_number": 198,
    "ID_ASEGURAMIENTO_precision": 0.9899497487437185,
    "ID_ASEGURAMIENTO_recall": 0.9949494949494949,
    "ID_CONTACTO_ASISTENCIAL_f1": 0.9870129870129869,
    "ID_CONTACTO_ASISTENCIAL_number": 39,
    "ID_CONTACTO_ASISTENCIAL_precision": 1.0,
    "ID_CONTACTO_ASISTENCIAL_recall": 0.9743589743589743,
    "ID_SUJETO_ASISTENCIA_f1": 0.9755244755244755,
    "ID_SUJETO_ASISTENCIA_number": 283,
    "ID_SUJETO_ASISTENCIA_precision": 0.9653979238754326,
    "ID_SUJETO_ASISTENCIA_recall": 0.9858657243816255,
    "ID_TITULACION_PERSONAL_SANITARIO_f1": 0.9978678038379531,
    "ID_TITULACION_PERSONAL_SANITARIO_number": 234,
    "ID_TITULACION_PERSONAL_SANITARIO_precision": 0.9957446808510638,
    "ID_TITULACION_PERSONAL_SANITARIO_recall": 1.0,
    "INSTITUCION_f1": 0.4444444444444445,
    "INSTITUCION_number": 67,
    "INSTITUCION_precision": 0.4155844155844156,
    "INSTITUCION_recall": 0.47761194029850745,
    "NOMBRE_PERSONAL_SANITARIO_f1": 0.998003992015968,
    "NOMBRE_PERSONAL_SANITARIO_number": 501,
    "NOMBRE_PERSONAL_SANITARIO_precision": 0.998003992015968,
    "NOMBRE_PERSONAL_SANITARIO_recall": 0.998003992015968,
    "NOMBRE_SUJETO_ASISTENCIA_f1": 0.999004975124378,
    "NOMBRE_SUJETO_ASISTENCIA_number": 502,
    "NOMBRE_SUJETO_ASISTENCIA_precision": 0.9980119284294234,
    "NOMBRE_SUJETO_ASISTENCIA_recall": 1.0,
    "NUMERO_FAX_f1": 0.8571428571428571,
    "NUMERO_FAX_number": 7,
    "NUMERO_FAX_precision": 0.8571428571428571,
    "NUMERO_FAX_recall": 0.8571428571428571,
    "NUMERO_TELEFONO_f1": 0.9811320754716981,
    "NUMERO_TELEFONO_number": 26,
    "NUMERO_TELEFONO_precision": 0.9629629629629629,
    "NUMERO_TELEFONO_recall": 1.0,
    "OTROS_SUJETO_ASISTENCIA_f1": 0.0,
    "OTROS_SUJETO_ASISTENCIA_number": 7,
    "OTROS_SUJETO_ASISTENCIA_precision": 0.0,
    "OTROS_SUJETO_ASISTENCIA_recall": 0.0,
    "PAIS_f1": 0.9863013698630138,
    "PAIS_number": 363,
    "PAIS_precision": 0.9809264305177112,
    "PAIS_recall": 0.9917355371900827,
    "PROFESION_f1": 0.6666666666666666,
    "PROFESION_number": 9,
    "PROFESION_precision": 0.5,
    "PROFESION_recall": 1.0,
    "SEXO_SUJETO_ASISTENCIA_f1": 0.9816612729234089,
    "SEXO_SUJETO_ASISTENCIA_number": 461,
    "SEXO_SUJETO_ASISTENCIA_precision": 0.9763948497854077,
    "SEXO_SUJETO_ASISTENCIA_recall": 0.9869848156182213,
    "TERRITORIO_f1": 0.9746987951807229,
    "TERRITORIO_number": 829,
    "TERRITORIO_precision": 0.97352587244284,
    "TERRITORIO_recall": 0.9758745476477684,
    "overall_accuracy": 0.9975476406860836,
    "overall_f1": 0.9698984634738071,
    "overall_precision": 0.9639221289515985,
    "overall_recall": 0.9759493670886076
}