{
    "DIAGNOSTICO_f1": 0.6917874396135266,
    "DIAGNOSTICO_number": 3491,
    "DIAGNOSTICO_precision": 0.6675546084176878,
    "DIAGNOSTICO_recall": 0.7178458894299627,
    "PROCEDIMIENTO_f1": 0.5876010781671159,
    "PROCEDIMIENTO_number": 1241,
    "PROCEDIMIENTO_precision": 0.5626843657817109,
    "PROCEDIMIENTO_recall": 0.6148267526188558,
    "epoch": 9.704,
    "eval_DIAGNOSTICO_f1": 0.662326388888889,
    "eval_DIAGNOSTICO_number": 3342,
    "eval_DIAGNOSTICO_precision": 0.6411764705882353,
    "eval_DIAGNOSTICO_recall": 0.6849192100538599,
    "eval_PROCEDIMIENTO_f1": 0.595219123505976,
    "eval_PROCEDIMIENTO_number": 1205,
    "eval_PROCEDIMIENTO_precision": 0.5724137931034483,
    "eval_PROCEDIMIENTO_recall": 0.6199170124481328,
    "eval_loss": 0.22641827166080475,
    "eval_overall_accuracy": 0.9537750647933433,
    "eval_overall_f1": 0.6444491615368286,
    "eval_overall_precision": 0.6227692307692307,
    "eval_overall_recall": 0.667692984385309,
    "eval_runtime": 11.134,
    "eval_samples_per_second": 22.454,
    "eval_steps_per_second": 5.658,
    "overall_accuracy": 0.9549335863377609,
    "overall_f1": 0.6642958748221907,
    "overall_precision": 0.6397260273972603,
    "overall_recall": 0.6908284023668639,
    "total_flos": 2238419295076032.0,
    "train_loss": 0.07304590902020855,
    "train_runtime": 1059.9687,
    "train_samples_per_second": 4.717,
    "train_steps_per_second": 0.292
}