{
    "DIAGNOSTICO_f1": 0.6917874396135266,
    "DIAGNOSTICO_number": 3491,
    "DIAGNOSTICO_precision": 0.6675546084176878,
    "DIAGNOSTICO_recall": 0.7178458894299627,
    "PROCEDIMIENTO_f1": 0.5876010781671159,
    "PROCEDIMIENTO_number": 1241,
    "PROCEDIMIENTO_precision": 0.5626843657817109,
    "PROCEDIMIENTO_recall": 0.6148267526188558,
    "overall_accuracy": 0.9549335863377609,
    "overall_f1": 0.6642958748221907,
    "overall_precision": 0.6397260273972603,
    "overall_recall": 0.6908284023668639
}