{
    "NORMALIZABLES_f1": 0.9340153452685424,
    "NORMALIZABLES_number": 973,
    "NORMALIZABLES_precision": 0.929735234215886,
    "NORMALIZABLES_recall": 0.9383350462487153,
    "NO_NORMALIZABLES_f1": 0.0909090909090909,
    "NO_NORMALIZABLES_number": 10,
    "NO_NORMALIZABLES_precision": 0.08333333333333333,
    "NO_NORMALIZABLES_recall": 0.1,
    "PROTEINAS_f1": 0.8763532763532764,
    "PROTEINAS_number": 859,
    "PROTEINAS_precision": 0.8582589285714286,
    "PROTEINAS_recall": 0.8952270081490105,
    "UNCLEAR_f1": 0.7777777777777778,
    "UNCLEAR_number": 34,
    "UNCLEAR_precision": 0.7368421052631579,
    "UNCLEAR_recall": 0.8235294117647058,
    "epoch": 10.0,
    "eval_NORMALIZABLES_f1": 0.9230164964650432,
    "eval_NORMALIZABLES_number": 1275,
    "eval_NORMALIZABLES_precision": 0.9244689221085759,
    "eval_NORMALIZABLES_recall": 0.9215686274509803,
    "eval_NO_NORMALIZABLES_f1": 0.18181818181818182,
    "eval_NO_NORMALIZABLES_number": 19,
    "eval_NO_NORMALIZABLES_precision": 0.21428571428571427,
    "eval_NO_NORMALIZABLES_recall": 0.15789473684210525,
    "eval_PROTEINAS_f1": 0.9031884057971015,
    "eval_PROTEINAS_number": 847,
    "eval_PROTEINAS_precision": 0.8872437357630979,
    "eval_PROTEINAS_recall": 0.9197166469893743,
    "eval_UNCLEAR_f1": 0.7422680412371134,
    "eval_UNCLEAR_number": 45,
    "eval_UNCLEAR_precision": 0.6923076923076923,
    "eval_UNCLEAR_recall": 0.8,
    "eval_loss": 0.025295941159129143,
    "eval_overall_accuracy": 0.9953668076193801,
    "eval_overall_f1": 0.9057032492615315,
    "eval_overall_precision": 0.8997742663656885,
    "eval_overall_recall": 0.9117108874656907,
    "eval_runtime": 4.6491,
    "eval_samples_per_second": 75.068,
    "eval_steps_per_second": 9.464,
    "overall_accuracy": 0.9958430385772821,
    "overall_f1": 0.8995793901156677,
    "overall_precision": 0.8874481327800829,
    "overall_recall": 0.912046908315565,
    "total_flos": 1854793589888160.0,
    "train_loss": 0.015543604493141175,
    "train_runtime": 487.5199,
    "train_samples_per_second": 14.646,
    "train_steps_per_second": 1.846
}