{
    "epoch": 10.0,
    "eval_NORMALIZABLES_f1": 0.9230164964650432,
    "eval_NORMALIZABLES_number": 1275,
    "eval_NORMALIZABLES_precision": 0.9244689221085759,
    "eval_NORMALIZABLES_recall": 0.9215686274509803,
    "eval_NO_NORMALIZABLES_f1": 0.18181818181818182,
    "eval_NO_NORMALIZABLES_number": 19,
    "eval_NO_NORMALIZABLES_precision": 0.21428571428571427,
    "eval_NO_NORMALIZABLES_recall": 0.15789473684210525,
    "eval_PROTEINAS_f1": 0.9031884057971015,
    "eval_PROTEINAS_number": 847,
    "eval_PROTEINAS_precision": 0.8872437357630979,
    "eval_PROTEINAS_recall": 0.9197166469893743,
    "eval_UNCLEAR_f1": 0.7422680412371134,
    "eval_UNCLEAR_number": 45,
    "eval_UNCLEAR_precision": 0.6923076923076923,
    "eval_UNCLEAR_recall": 0.8,
    "eval_loss": 0.025295941159129143,
    "eval_overall_accuracy": 0.9953668076193801,
    "eval_overall_f1": 0.9057032492615315,
    "eval_overall_precision": 0.8997742663656885,
    "eval_overall_recall": 0.9117108874656907,
    "eval_runtime": 4.6491,
    "eval_samples_per_second": 75.068,
    "eval_steps_per_second": 9.464
}