{
    "NORMALIZABLES_f1": 0.9340153452685424,
    "NORMALIZABLES_number": 973,
    "NORMALIZABLES_precision": 0.929735234215886,
    "NORMALIZABLES_recall": 0.9383350462487153,
    "NO_NORMALIZABLES_f1": 0.0909090909090909,
    "NO_NORMALIZABLES_number": 10,
    "NO_NORMALIZABLES_precision": 0.08333333333333333,
    "NO_NORMALIZABLES_recall": 0.1,
    "PROTEINAS_f1": 0.8763532763532764,
    "PROTEINAS_number": 859,
    "PROTEINAS_precision": 0.8582589285714286,
    "PROTEINAS_recall": 0.8952270081490105,
    "UNCLEAR_f1": 0.7777777777777778,
    "UNCLEAR_number": 34,
    "UNCLEAR_precision": 0.7368421052631579,
    "UNCLEAR_recall": 0.8235294117647058,
    "overall_accuracy": 0.9958430385772821,
    "overall_f1": 0.8995793901156677,
    "overall_precision": 0.8874481327800829,
    "overall_recall": 0.912046908315565
}