{
    "DIAGNOSTICO_f1": 0.6822987259419897,
    "DIAGNOSTICO_number": 3491,
    "DIAGNOSTICO_precision": 0.6475430923591459,
    "DIAGNOSTICO_recall": 0.7209968490403895,
    "PROCEDIMIENTO_f1": 0.588597842835131,
    "PROCEDIMIENTO_number": 1241,
    "PROCEDIMIENTO_precision": 0.5638376383763838,
    "PROCEDIMIENTO_recall": 0.6156325543916197,
    "overall_accuracy": 0.952959812957441,
    "overall_f1": 0.6579105674754362,
    "overall_precision": 0.6259061426936284,
    "overall_recall": 0.6933643279797126
}