{
    "FAMILIAR_f1": 0.4883720930232558,
    "FAMILIAR_number": 51,
    "FAMILIAR_precision": 0.6,
    "FAMILIAR_recall": 0.4117647058823529,
    "OTROS_f1": 0.6643109540636042,
    "OTROS_number": 146,
    "OTROS_precision": 0.6861313868613139,
    "OTROS_recall": 0.6438356164383562,
    "PACIENTE_f1": 0.608303249097473,
    "PACIENTE_number": 592,
    "PACIENTE_precision": 0.6531007751937985,
    "PACIENTE_recall": 0.5692567567567568,
    "SANITARIO_f1": 0.8999999999999999,
    "SANITARIO_number": 292,
    "SANITARIO_precision": 0.8766233766233766,
    "SANITARIO_recall": 0.9246575342465754,
    "epoch": 10.0,
    "eval_FAMILIAR_f1": 0.628099173553719,
    "eval_FAMILIAR_number": 59,
    "eval_FAMILIAR_precision": 0.6129032258064516,
    "eval_FAMILIAR_recall": 0.6440677966101694,
    "eval_OTROS_f1": 0.7713310580204777,
    "eval_OTROS_number": 159,
    "eval_OTROS_precision": 0.8432835820895522,
    "eval_OTROS_recall": 0.710691823899371,
    "eval_PACIENTE_f1": 0.6191780821917807,
    "eval_PACIENTE_number": 358,
    "eval_PACIENTE_precision": 0.6075268817204301,
    "eval_PACIENTE_recall": 0.6312849162011173,
    "eval_SANITARIO_f1": 0.9016100178890877,
    "eval_SANITARIO_number": 270,
    "eval_SANITARIO_precision": 0.8719723183391004,
    "eval_SANITARIO_recall": 0.9333333333333333,
    "eval_loss": 0.015295514836907387,
    "eval_overall_accuracy": 0.9966601959555508,
    "eval_overall_f1": 0.738696418085731,
    "eval_overall_precision": 0.733955659276546,
    "eval_overall_recall": 0.7434988179669031,
    "eval_runtime": 9.3726,
    "eval_samples_per_second": 64.87,
    "eval_steps_per_second": 8.109,
    "overall_accuracy": 0.995504154032991,
    "overall_f1": 0.6952335098700048,
    "overall_precision": 0.7248995983935743,
    "overall_recall": 0.667900092506938,
    "total_flos": 6783415449005376.0,
    "train_loss": 0.01612758378799145,
    "train_runtime": 1449.4871,
    "train_samples_per_second": 17.91,
    "train_steps_per_second": 2.242
}