{
    "epoch": 10.0,
    "eval_FAMILIAR_f1": 0.628099173553719,
    "eval_FAMILIAR_number": 59,
    "eval_FAMILIAR_precision": 0.6129032258064516,
    "eval_FAMILIAR_recall": 0.6440677966101694,
    "eval_OTROS_f1": 0.7713310580204777,
    "eval_OTROS_number": 159,
    "eval_OTROS_precision": 0.8432835820895522,
    "eval_OTROS_recall": 0.710691823899371,
    "eval_PACIENTE_f1": 0.6191780821917807,
    "eval_PACIENTE_number": 358,
    "eval_PACIENTE_precision": 0.6075268817204301,
    "eval_PACIENTE_recall": 0.6312849162011173,
    "eval_SANITARIO_f1": 0.9016100178890877,
    "eval_SANITARIO_number": 270,
    "eval_SANITARIO_precision": 0.8719723183391004,
    "eval_SANITARIO_recall": 0.9333333333333333,
    "eval_loss": 0.015295514836907387,
    "eval_overall_accuracy": 0.9966601959555508,
    "eval_overall_f1": 0.738696418085731,
    "eval_overall_precision": 0.733955659276546,
    "eval_overall_recall": 0.7434988179669031,
    "eval_runtime": 9.3726,
    "eval_samples_per_second": 64.87,
    "eval_steps_per_second": 8.109
}