{
    "CALLE_f1": 0.9265402843601895,
    "CALLE_number": 415,
    "CALLE_precision": 0.9114219114219114,
    "CALLE_recall": 0.9421686746987952,
    "CENTRO_SALUD_f1": 0.0,
    "CENTRO_SALUD_number": 6,
    "CENTRO_SALUD_precision": 0.0,
    "CENTRO_SALUD_recall": 0.0,
    "CORREO_ELECTRONICO_f1": 0.9688715953307393,
    "CORREO_ELECTRONICO_number": 255,
    "CORREO_ELECTRONICO_precision": 0.9613899613899614,
    "CORREO_ELECTRONICO_recall": 0.9764705882352941,
    "EDAD_SUJETO_ASISTENCIA_f1": 0.9827586206896551,
    "EDAD_SUJETO_ASISTENCIA_number": 518,
    "EDAD_SUJETO_ASISTENCIA_precision": 0.9752851711026616,
    "EDAD_SUJETO_ASISTENCIA_recall": 0.9903474903474904,
    "FAMILIARES_SUJETO_ASISTENCIA_f1": 0.7159090909090908,
    "FAMILIARES_SUJETO_ASISTENCIA_number": 81,
    "FAMILIARES_SUJETO_ASISTENCIA_precision": 0.6631578947368421,
    "FAMILIARES_SUJETO_ASISTENCIA_recall": 0.7777777777777778,
    "FECHAS_f1": 0.9934640522875817,
    "FECHAS_number": 611,
    "FECHAS_precision": 0.9918433931484503,
    "FECHAS_recall": 0.9950900163666121,
    "HOSPITAL_f1": 0.855072463768116,
    "HOSPITAL_number": 131,
    "HOSPITAL_precision": 0.8137931034482758,
    "HOSPITAL_recall": 0.9007633587786259,
    "ID_ASEGURAMIENTO_f1": 0.9974683544303797,
    "ID_ASEGURAMIENTO_number": 198,
    "ID_ASEGURAMIENTO_precision": 1.0,
    "ID_ASEGURAMIENTO_recall": 0.9949494949494949,
    "ID_CONTACTO_ASISTENCIAL_f1": 1.0,
    "ID_CONTACTO_ASISTENCIAL_number": 39,
    "ID_CONTACTO_ASISTENCIAL_precision": 1.0,
    "ID_CONTACTO_ASISTENCIAL_recall": 1.0,
    "ID_SUJETO_ASISTENCIA_f1": 0.9739130434782609,
    "ID_SUJETO_ASISTENCIA_number": 283,
    "ID_SUJETO_ASISTENCIA_precision": 0.958904109589041,
    "ID_SUJETO_ASISTENCIA_recall": 0.9893992932862191,
    "ID_TITULACION_PERSONAL_SANITARIO_f1": 0.9936305732484078,
    "ID_TITULACION_PERSONAL_SANITARIO_number": 234,
    "ID_TITULACION_PERSONAL_SANITARIO_precision": 0.9873417721518988,
    "ID_TITULACION_PERSONAL_SANITARIO_recall": 1.0,
    "INSTITUCION_f1": 0.4324324324324324,
    "INSTITUCION_number": 68,
    "INSTITUCION_precision": 0.4,
    "INSTITUCION_recall": 0.47058823529411764,
    "NOMBRE_PERSONAL_SANITARIO_f1": 0.992063492063492,
    "NOMBRE_PERSONAL_SANITARIO_number": 502,
    "NOMBRE_PERSONAL_SANITARIO_precision": 0.9881422924901185,
    "NOMBRE_PERSONAL_SANITARIO_recall": 0.9960159362549801,
    "NOMBRE_SUJETO_ASISTENCIA_f1": 0.9970149253731343,
    "NOMBRE_SUJETO_ASISTENCIA_number": 502,
    "NOMBRE_SUJETO_ASISTENCIA_precision": 0.9960238568588469,
    "NOMBRE_SUJETO_ASISTENCIA_recall": 0.99800796812749,
    "NUMERO_FAX_f1": 0.0,
    "NUMERO_FAX_number": 7,
    "NUMERO_FAX_precision": 0.0,
    "NUMERO_FAX_recall": 0.0,
    "NUMERO_TELEFONO_f1": 0.721311475409836,
    "NUMERO_TELEFONO_number": 26,
    "NUMERO_TELEFONO_precision": 0.6285714285714286,
    "NUMERO_TELEFONO_recall": 0.8461538461538461,
    "OTROS_SUJETO_ASISTENCIA_f1": 0.0,
    "OTROS_SUJETO_ASISTENCIA_number": 7,
    "OTROS_SUJETO_ASISTENCIA_precision": 0.0,
    "OTROS_SUJETO_ASISTENCIA_recall": 0.0,
    "PAIS_f1": 0.9794801641586868,
    "PAIS_number": 363,
    "PAIS_precision": 0.9728260869565217,
    "PAIS_recall": 0.9862258953168044,
    "PROFESION_f1": 0.5217391304347826,
    "PROFESION_number": 9,
    "PROFESION_precision": 0.42857142857142855,
    "PROFESION_recall": 0.6666666666666666,
    "SEXO_SUJETO_ASISTENCIA_f1": 0.9902912621359223,
    "SEXO_SUJETO_ASISTENCIA_number": 461,
    "SEXO_SUJETO_ASISTENCIA_precision": 0.9849785407725322,
    "SEXO_SUJETO_ASISTENCIA_recall": 0.9956616052060737,
    "TERRITORIO_f1": 0.9734236581552892,
    "TERRITORIO_number": 956,
    "TERRITORIO_precision": 0.9698857736240913,
    "TERRITORIO_recall": 0.9769874476987448,
    "epoch": 10.0,
    "eval_CALLE_f1": 0.9005586592178771,
    "eval_CALLE_number": 443,
    "eval_CALLE_precision": 0.8915929203539823,
    "eval_CALLE_recall": 0.909706546275395,
    "eval_CENTRO_SALUD_f1": 0.0,
    "eval_CENTRO_SALUD_number": 2,
    "eval_CENTRO_SALUD_precision": 0.0,
    "eval_CENTRO_SALUD_recall": 0.0,
    "eval_CORREO_ELECTRONICO_f1": 0.9666666666666667,
    "eval_CORREO_ELECTRONICO_number": 238,
    "eval_CORREO_ELECTRONICO_precision": 0.9586776859504132,
    "eval_CORREO_ELECTRONICO_recall": 0.9747899159663865,
    "eval_EDAD_SUJETO_ASISTENCIA_f1": 0.9574468085106383,
    "eval_EDAD_SUJETO_ASISTENCIA_number": 529,
    "eval_EDAD_SUJETO_ASISTENCIA_precision": 0.9801980198019802,
    "eval_EDAD_SUJETO_ASISTENCIA_recall": 0.9357277882797732,
    "eval_FAMILIARES_SUJETO_ASISTENCIA_f1": 0.7300000000000001,
    "eval_FAMILIARES_SUJETO_ASISTENCIA_number": 101,
    "eval_FAMILIARES_SUJETO_ASISTENCIA_precision": 0.7373737373737373,
    "eval_FAMILIARES_SUJETO_ASISTENCIA_recall": 0.7227722772277227,
    "eval_FECHAS_f1": 0.9688535453943009,
    "eval_FECHAS_number": 761,
    "eval_FECHAS_precision": 0.9772727272727273,
    "eval_FECHAS_recall": 0.9605781865965834,
    "eval_HOSPITAL_f1": 0.8712871287128713,
    "eval_HOSPITAL_number": 149,
    "eval_HOSPITAL_precision": 0.8571428571428571,
    "eval_HOSPITAL_recall": 0.8859060402684564,
    "eval_ID_ASEGURAMIENTO_f1": 0.9842931937172774,
    "eval_ID_ASEGURAMIENTO_number": 194,
    "eval_ID_ASEGURAMIENTO_precision": 1.0,
    "eval_ID_ASEGURAMIENTO_recall": 0.9690721649484536,
    "eval_ID_CONTACTO_ASISTENCIAL_f1": 0.9393939393939394,
    "eval_ID_CONTACTO_ASISTENCIAL_number": 33,
    "eval_ID_CONTACTO_ASISTENCIAL_precision": 0.9393939393939394,
    "eval_ID_CONTACTO_ASISTENCIAL_recall": 0.9393939393939394,
    "eval_ID_SUJETO_ASISTENCIA_f1": 0.9305555555555556,
    "eval_ID_SUJETO_ASISTENCIA_number": 293,
    "eval_ID_SUJETO_ASISTENCIA_precision": 0.9469964664310954,
    "eval_ID_SUJETO_ASISTENCIA_recall": 0.9146757679180887,
    "eval_ID_TITULACION_PERSONAL_SANITARIO_f1": 0.9626373626373628,
    "eval_ID_TITULACION_PERSONAL_SANITARIO_number": 230,
    "eval_ID_TITULACION_PERSONAL_SANITARIO_precision": 0.9733333333333334,
    "eval_ID_TITULACION_PERSONAL_SANITARIO_recall": 0.9521739130434783,
    "eval_INSTITUCION_f1": 0.6010928961748634,
    "eval_INSTITUCION_number": 81,
    "eval_INSTITUCION_precision": 0.5392156862745098,
    "eval_INSTITUCION_recall": 0.6790123456790124,
    "eval_NOMBRE_PERSONAL_SANITARIO_f1": 0.9551656920077973,
    "eval_NOMBRE_PERSONAL_SANITARIO_number": 515,
    "eval_NOMBRE_PERSONAL_SANITARIO_precision": 0.958904109589041,
    "eval_NOMBRE_PERSONAL_SANITARIO_recall": 0.9514563106796117,
    "eval_NOMBRE_SUJETO_ASISTENCIA_f1": 0.9788092835519676,
    "eval_NOMBRE_SUJETO_ASISTENCIA_number": 503,
    "eval_NOMBRE_SUJETO_ASISTENCIA_precision": 0.9938524590163934,
    "eval_NOMBRE_SUJETO_ASISTENCIA_recall": 0.9642147117296223,
    "eval_NUMERO_FAX_f1": 0.0,
    "eval_NUMERO_FAX_number": 6,
    "eval_NUMERO_FAX_precision": 0.0,
    "eval_NUMERO_FAX_recall": 0.0,
    "eval_NUMERO_TELEFONO_f1": 0.7586206896551725,
    "eval_NUMERO_TELEFONO_number": 25,
    "eval_NUMERO_TELEFONO_precision": 0.6666666666666666,
    "eval_NUMERO_TELEFONO_recall": 0.88,
    "eval_OTROS_SUJETO_ASISTENCIA_f1": 0.0,
    "eval_OTROS_SUJETO_ASISTENCIA_number": 6,
    "eval_OTROS_SUJETO_ASISTENCIA_precision": 0.0,
    "eval_OTROS_SUJETO_ASISTENCIA_recall": 0.0,
    "eval_PAIS_f1": 0.975397973950796,
    "eval_PAIS_number": 350,
    "eval_PAIS_precision": 0.9882697947214076,
    "eval_PAIS_recall": 0.9628571428571429,
    "eval_PROFESION_f1": 0.4,
    "eval_PROFESION_number": 4,
    "eval_PROFESION_precision": 0.3333333333333333,
    "eval_PROFESION_recall": 0.5,
    "eval_SEXO_SUJETO_ASISTENCIA_f1": 0.9565217391304347,
    "eval_SEXO_SUJETO_ASISTENCIA_number": 462,
    "eval_SEXO_SUJETO_ASISTENCIA_precision": 0.9606986899563319,
    "eval_SEXO_SUJETO_ASISTENCIA_recall": 0.9523809523809523,
    "eval_TERRITORIO_f1": 0.9675785207700102,
    "eval_TERRITORIO_number": 988,
    "eval_TERRITORIO_precision": 0.9685598377281948,
    "eval_TERRITORIO_recall": 0.9665991902834008,
    "eval_loss": 0.04862375557422638,