{
    "epoch": 10.0,
    "eval_CALLE_f1": 0.9005586592178771,
    "eval_CALLE_number": 443,
    "eval_CALLE_precision": 0.8915929203539823,
    "eval_CALLE_recall": 0.909706546275395,
    "eval_CENTRO_SALUD_f1": 0.0,
    "eval_CENTRO_SALUD_number": 2,
    "eval_CENTRO_SALUD_precision": 0.0,
    "eval_CENTRO_SALUD_recall": 0.0,
    "eval_CORREO_ELECTRONICO_f1": 0.9666666666666667,
    "eval_CORREO_ELECTRONICO_number": 238,
    "eval_CORREO_ELECTRONICO_precision": 0.9586776859504132,
    "eval_CORREO_ELECTRONICO_recall": 0.9747899159663865,
    "eval_EDAD_SUJETO_ASISTENCIA_f1": 0.9574468085106383,
    "eval_EDAD_SUJETO_ASISTENCIA_number": 529,
    "eval_EDAD_SUJETO_ASISTENCIA_precision": 0.9801980198019802,
    "eval_EDAD_SUJETO_ASISTENCIA_recall": 0.9357277882797732,
    "eval_FAMILIARES_SUJETO_ASISTENCIA_f1": 0.7300000000000001,
    "eval_FAMILIARES_SUJETO_ASISTENCIA_number": 101,
    "eval_FAMILIARES_SUJETO_ASISTENCIA_precision": 0.7373737373737373,
    "eval_FAMILIARES_SUJETO_ASISTENCIA_recall": 0.7227722772277227,
    "eval_FECHAS_f1": 0.9688535453943009,
    "eval_FECHAS_number": 761,
    "eval_FECHAS_precision": 0.9772727272727273,
    "eval_FECHAS_recall": 0.9605781865965834,
    "eval_HOSPITAL_f1": 0.8712871287128713,
    "eval_HOSPITAL_number": 149,
    "eval_HOSPITAL_precision": 0.8571428571428571,
    "eval_HOSPITAL_recall": 0.8859060402684564,
    "eval_ID_ASEGURAMIENTO_f1": 0.9842931937172774,
    "eval_ID_ASEGURAMIENTO_number": 194,
    "eval_ID_ASEGURAMIENTO_precision": 1.0,
    "eval_ID_ASEGURAMIENTO_recall": 0.9690721649484536,
    "eval_ID_CONTACTO_ASISTENCIAL_f1": 0.9393939393939394,
    "eval_ID_CONTACTO_ASISTENCIAL_number": 33,
    "eval_ID_CONTACTO_ASISTENCIAL_precision": 0.9393939393939394,
    "eval_ID_CONTACTO_ASISTENCIAL_recall": 0.9393939393939394,
    "eval_ID_SUJETO_ASISTENCIA_f1": 0.9305555555555556,
    "eval_ID_SUJETO_ASISTENCIA_number": 293,
    "eval_ID_SUJETO_ASISTENCIA_precision": 0.9469964664310954,
    "eval_ID_SUJETO_ASISTENCIA_recall": 0.9146757679180887,
    "eval_ID_TITULACION_PERSONAL_SANITARIO_f1": 0.9626373626373628,
    "eval_ID_TITULACION_PERSONAL_SANITARIO_number": 230,
    "eval_ID_TITULACION_PERSONAL_SANITARIO_precision": 0.9733333333333334,
    "eval_ID_TITULACION_PERSONAL_SANITARIO_recall": 0.9521739130434783,
    "eval_INSTITUCION_f1": 0.6010928961748634,
    "eval_INSTITUCION_number": 81,
    "eval_INSTITUCION_precision": 0.5392156862745098,
    "eval_INSTITUCION_recall": 0.6790123456790124,
    "eval_NOMBRE_PERSONAL_SANITARIO_f1": 0.9551656920077973,
    "eval_NOMBRE_PERSONAL_SANITARIO_number": 515,
    "eval_NOMBRE_PERSONAL_SANITARIO_precision": 0.958904109589041,
    "eval_NOMBRE_PERSONAL_SANITARIO_recall": 0.9514563106796117,
    "eval_NOMBRE_SUJETO_ASISTENCIA_f1": 0.9788092835519676,
    "eval_NOMBRE_SUJETO_ASISTENCIA_number": 503,
    "eval_NOMBRE_SUJETO_ASISTENCIA_precision": 0.9938524590163934,
    "eval_NOMBRE_SUJETO_ASISTENCIA_recall": 0.9642147117296223,
    "eval_NUMERO_FAX_f1": 0.0,
    "eval_NUMERO_FAX_number": 6,
    "eval_NUMERO_FAX_precision": 0.0,
    "eval_NUMERO_FAX_recall": 0.0,
    "eval_NUMERO_TELEFONO_f1": 0.7586206896551725,
    "eval_NUMERO_TELEFONO_number": 25,
    "eval_NUMERO_TELEFONO_precision": 0.6666666666666666,
    "eval_NUMERO_TELEFONO_recall": 0.88,
    "eval_OTROS_SUJETO_ASISTENCIA_f1": 0.0,
    "eval_OTROS_SUJETO_ASISTENCIA_number": 6,
    "eval_OTROS_SUJETO_ASISTENCIA_precision": 0.0,
    "eval_OTROS_SUJETO_ASISTENCIA_recall": 0.0,
    "eval_PAIS_f1": 0.975397973950796,
    "eval_PAIS_number": 350,
    "eval_PAIS_precision": 0.9882697947214076,
    "eval_PAIS_recall": 0.9628571428571429,
    "eval_PROFESION_f1": 0.4,
    "eval_PROFESION_number": 4,
    "eval_PROFESION_precision": 0.3333333333333333,
    "eval_PROFESION_recall": 0.5,
    "eval_SEXO_SUJETO_ASISTENCIA_f1": 0.9565217391304347,
    "eval_SEXO_SUJETO_ASISTENCIA_number": 462,
    "eval_SEXO_SUJETO_ASISTENCIA_precision": 0.9606986899563319,
    "eval_SEXO_SUJETO_ASISTENCIA_recall": 0.9523809523809523,
    "eval_TERRITORIO_f1": 0.9675785207700102,
    "eval_TERRITORIO_number": 988,
    "eval_TERRITORIO_precision": 0.9685598377281948,
    "eval_TERRITORIO_recall": 0.9665991902834008,
    "eval_loss": 0.04862375557422638,
    "eval_overall_accuracy": 0.9919048772609819,
    "eval_overall_f1": 0.9444350042480884,
    "eval_overall_precision": 0.9489499743896193,
    "eval_overall_recall": 0.9399627938440723,
    "eval_runtime": 7.4719,
    "eval_samples_per_second": 64.24,
    "eval_steps_per_second": 8.03
}