{
    "CALLE_f1": 0.9265402843601895,
    "CALLE_number": 415,
    "CALLE_precision": 0.9114219114219114,
    "CALLE_recall": 0.9421686746987952,
    "CENTRO_SALUD_f1": 0.0,
    "CENTRO_SALUD_number": 6,
    "CENTRO_SALUD_precision": 0.0,
    "CENTRO_SALUD_recall": 0.0,
    "CORREO_ELECTRONICO_f1": 0.9688715953307393,
    "CORREO_ELECTRONICO_number": 255,
    "CORREO_ELECTRONICO_precision": 0.9613899613899614,
    "CORREO_ELECTRONICO_recall": 0.9764705882352941,
    "EDAD_SUJETO_ASISTENCIA_f1": 0.9827586206896551,
    "EDAD_SUJETO_ASISTENCIA_number": 518,
    "EDAD_SUJETO_ASISTENCIA_precision": 0.9752851711026616,
    "EDAD_SUJETO_ASISTENCIA_recall": 0.9903474903474904,
    "FAMILIARES_SUJETO_ASISTENCIA_f1": 0.7159090909090908,
    "FAMILIARES_SUJETO_ASISTENCIA_number": 81,
    "FAMILIARES_SUJETO_ASISTENCIA_precision": 0.6631578947368421,
    "FAMILIARES_SUJETO_ASISTENCIA_recall": 0.7777777777777778,
    "FECHAS_f1": 0.9934640522875817,
    "FECHAS_number": 611,
    "FECHAS_precision": 0.9918433931484503,
    "FECHAS_recall": 0.9950900163666121,
    "HOSPITAL_f1": 0.855072463768116,
    "HOSPITAL_number": 131,
    "HOSPITAL_precision": 0.8137931034482758,
    "HOSPITAL_recall": 0.9007633587786259,
    "ID_ASEGURAMIENTO_f1": 0.9974683544303797,
    "ID_ASEGURAMIENTO_number": 198,
    "ID_ASEGURAMIENTO_precision": 1.0,
    "ID_ASEGURAMIENTO_recall": 0.9949494949494949,
    "ID_CONTACTO_ASISTENCIAL_f1": 1.0,
    "ID_CONTACTO_ASISTENCIAL_number": 39,
    "ID_CONTACTO_ASISTENCIAL_precision": 1.0,
    "ID_CONTACTO_ASISTENCIAL_recall": 1.0,
    "ID_SUJETO_ASISTENCIA_f1": 0.9739130434782609,
    "ID_SUJETO_ASISTENCIA_number": 283,
    "ID_SUJETO_ASISTENCIA_precision": 0.958904109589041,
    "ID_SUJETO_ASISTENCIA_recall": 0.9893992932862191,
    "ID_TITULACION_PERSONAL_SANITARIO_f1": 0.9936305732484078,
    "ID_TITULACION_PERSONAL_SANITARIO_number": 234,
    "ID_TITULACION_PERSONAL_SANITARIO_precision": 0.9873417721518988,
    "ID_TITULACION_PERSONAL_SANITARIO_recall": 1.0,
    "INSTITUCION_f1": 0.4324324324324324,
    "INSTITUCION_number": 68,
    "INSTITUCION_precision": 0.4,
    "INSTITUCION_recall": 0.47058823529411764,
    "NOMBRE_PERSONAL_SANITARIO_f1": 0.992063492063492,
    "NOMBRE_PERSONAL_SANITARIO_number": 502,
    "NOMBRE_PERSONAL_SANITARIO_precision": 0.9881422924901185,
    "NOMBRE_PERSONAL_SANITARIO_recall": 0.9960159362549801,
    "NOMBRE_SUJETO_ASISTENCIA_f1": 0.9970149253731343,
    "NOMBRE_SUJETO_ASISTENCIA_number": 502,
    "NOMBRE_SUJETO_ASISTENCIA_precision": 0.9960238568588469,
    "NOMBRE_SUJETO_ASISTENCIA_recall": 0.99800796812749,
    "NUMERO_FAX_f1": 0.0,
    "NUMERO_FAX_number": 7,
    "NUMERO_FAX_precision": 0.0,
    "NUMERO_FAX_recall": 0.0,
    "NUMERO_TELEFONO_f1": 0.721311475409836,
    "NUMERO_TELEFONO_number": 26,
    "NUMERO_TELEFONO_precision": 0.6285714285714286,
    "NUMERO_TELEFONO_recall": 0.8461538461538461,
    "OTROS_SUJETO_ASISTENCIA_f1": 0.0,
    "OTROS_SUJETO_ASISTENCIA_number": 7,
    "OTROS_SUJETO_ASISTENCIA_precision": 0.0,
    "OTROS_SUJETO_ASISTENCIA_recall": 0.0,
    "PAIS_f1": 0.9794801641586868,
    "PAIS_number": 363,
    "PAIS_precision": 0.9728260869565217,
    "PAIS_recall": 0.9862258953168044,
    "PROFESION_f1": 0.5217391304347826,
    "PROFESION_number": 9,
    "PROFESION_precision": 0.42857142857142855,
    "PROFESION_recall": 0.6666666666666666,
    "SEXO_SUJETO_ASISTENCIA_f1": 0.9902912621359223,
    "SEXO_SUJETO_ASISTENCIA_number": 461,
    "SEXO_SUJETO_ASISTENCIA_precision": 0.9849785407725322,
    "SEXO_SUJETO_ASISTENCIA_recall": 0.9956616052060737,
    "TERRITORIO_f1": 0.9734236581552892,
    "TERRITORIO_number": 956,
    "TERRITORIO_precision": 0.9698857736240913,
    "TERRITORIO_recall": 0.9769874476987448,
    "overall_accuracy": 0.9963829546739008,
    "overall_f1": 0.9617333566311376,
    "overall_precision": 0.9532386560443367,
    "overall_recall": 0.9703808180535967
}