{
    "NORMALIZABLES_f1": 0.9281653746770026,
    "NORMALIZABLES_number": 961,
    "NORMALIZABLES_precision": 0.9219712525667351,
    "NORMALIZABLES_recall": 0.9344432882414152,
    "NO_NORMALIZABLES_f1": 0.0,
    "NO_NORMALIZABLES_number": 10,
    "NO_NORMALIZABLES_precision": 0.0,
    "NO_NORMALIZABLES_recall": 0.0,
    "PROTEINAS_f1": 0.858974358974359,
    "PROTEINAS_number": 835,
    "PROTEINAS_precision": 0.8365493757094211,
    "PROTEINAS_recall": 0.8826347305389222,
    "UNCLEAR_f1": 0.8115942028985507,
    "UNCLEAR_number": 34,
    "UNCLEAR_precision": 0.8,
    "UNCLEAR_recall": 0.8235294117647058,
    "epoch": 10.0,
    "eval_NORMALIZABLES_f1": 0.927470534904805,
    "eval_NORMALIZABLES_number": 1104,
    "eval_NORMALIZABLES_precision": 0.9283121597096189,
    "eval_NORMALIZABLES_recall": 0.9266304347826086,
    "eval_NO_NORMALIZABLES_f1": 0.2,
    "eval_NO_NORMALIZABLES_number": 16,
    "eval_NO_NORMALIZABLES_precision": 0.5,
    "eval_NO_NORMALIZABLES_recall": 0.125,
    "eval_PROTEINAS_f1": 0.8987854251012146,
    "eval_PROTEINAS_number": 736,
    "eval_PROTEINAS_precision": 0.8927613941018767,
    "eval_PROTEINAS_recall": 0.904891304347826,
    "eval_UNCLEAR_f1": 0.9111111111111111,
    "eval_UNCLEAR_number": 44,
    "eval_UNCLEAR_precision": 0.8913043478260869,
    "eval_UNCLEAR_recall": 0.9318181818181818,
    "eval_loss": 0.042642977088689804,
    "eval_overall_accuracy": 0.9951053377673564,
    "eval_overall_f1": 0.9120589784096892,
    "eval_overall_precision": 0.9125395152792413,
    "eval_overall_recall": 0.911578947368421,
    "eval_runtime": 7.445,
    "eval_samples_per_second": 508.665,
    "eval_steps_per_second": 63.667,
    "overall_accuracy": 0.9952275717369059,
    "overall_f1": 0.8914500134012331,
    "overall_precision": 0.8794288736118456,
    "overall_recall": 0.903804347826087,
    "total_flos": 2732201968425696.0,
    "train_loss": 0.00819913637856408,
    "train_runtime": 812.114,
    "train_samples_per_second": 100.097,
    "train_steps_per_second": 12.523
}