{
    "epoch": 10.0,
    "eval_NORMALIZABLES_f1": 0.927470534904805,
    "eval_NORMALIZABLES_number": 1104,
    "eval_NORMALIZABLES_precision": 0.9283121597096189,
    "eval_NORMALIZABLES_recall": 0.9266304347826086,
    "eval_NO_NORMALIZABLES_f1": 0.2,
    "eval_NO_NORMALIZABLES_number": 16,
    "eval_NO_NORMALIZABLES_precision": 0.5,
    "eval_NO_NORMALIZABLES_recall": 0.125,
    "eval_PROTEINAS_f1": 0.8987854251012146,
    "eval_PROTEINAS_number": 736,
    "eval_PROTEINAS_precision": 0.8927613941018767,
    "eval_PROTEINAS_recall": 0.904891304347826,
    "eval_UNCLEAR_f1": 0.9111111111111111,
    "eval_UNCLEAR_number": 44,
    "eval_UNCLEAR_precision": 0.8913043478260869,
    "eval_UNCLEAR_recall": 0.9318181818181818,
    "eval_loss": 0.042642977088689804,
    "eval_overall_accuracy": 0.9951053377673564,
    "eval_overall_f1": 0.9120589784096892,
    "eval_overall_precision": 0.9125395152792413,
    "eval_overall_recall": 0.911578947368421,
    "eval_runtime": 7.445,
    "eval_samples_per_second": 508.665,
    "eval_steps_per_second": 63.667
}