{
    "NORMALIZABLES_f1": 0.9281653746770026,
    "NORMALIZABLES_number": 961,
    "NORMALIZABLES_precision": 0.9219712525667351,
    "NORMALIZABLES_recall": 0.9344432882414152,
    "NO_NORMALIZABLES_f1": 0.0,
    "NO_NORMALIZABLES_number": 10,
    "NO_NORMALIZABLES_precision": 0.0,
    "NO_NORMALIZABLES_recall": 0.0,
    "PROTEINAS_f1": 0.858974358974359,
    "PROTEINAS_number": 835,
    "PROTEINAS_precision": 0.8365493757094211,
    "PROTEINAS_recall": 0.8826347305389222,
    "UNCLEAR_f1": 0.8115942028985507,
    "UNCLEAR_number": 34,
    "UNCLEAR_precision": 0.8,
    "UNCLEAR_recall": 0.8235294117647058,
    "overall_accuracy": 0.9952275717369059,
    "overall_f1": 0.8914500134012331,
    "overall_precision": 0.8794288736118456,
    "overall_recall": 0.903804347826087
}