{
    "ENFERMEDAD_f1": 0.7232536479354237,
    "ENFERMEDAD_number": 7784,
    "ENFERMEDAD_precision": 0.6999158754957336,
    "ENFERMEDAD_recall": 0.7482014388489209,
    "epoch": 10.0,
    "eval_ENFERMEDAD_f1": 0.7288369219069348,
    "eval_ENFERMEDAD_number": 10305,
    "eval_ENFERMEDAD_precision": 0.7142724054406558,
    "eval_ENFERMEDAD_recall": 0.744007763221737,
    "eval_loss": 0.18518197536468506,
    "eval_overall_accuracy": 0.9660062964727325,
    "eval_overall_f1": 0.7288369219069348,
    "eval_overall_precision": 0.7142724054406558,
    "eval_overall_recall": 0.744007763221737,
    "eval_runtime": 23.1697,
    "eval_samples_per_second": 12.818,
    "eval_steps_per_second": 3.237,
    "overall_accuracy": 0.965991200428478,
    "overall_f1": 0.7232536479354237,
    "overall_precision": 0.6999158754957336,
    "overall_recall": 0.7482014388489209,
    "total_flos": 4615462244332800.0,
    "train_loss": 0.028710384035110472,
    "train_runtime": 1963.2126,
    "train_samples_per_second": 5.094,
    "train_steps_per_second": 0.637
}