{
    "epoch": 10.0,
    "eval_ENFERMEDAD_f1": 0.7288369219069348,
    "eval_ENFERMEDAD_number": 10305,
    "eval_ENFERMEDAD_precision": 0.7142724054406558,
    "eval_ENFERMEDAD_recall": 0.744007763221737,
    "eval_loss": 0.18518197536468506,
    "eval_overall_accuracy": 0.9660062964727325,
    "eval_overall_f1": 0.7288369219069348,
    "eval_overall_precision": 0.7142724054406558,
    "eval_overall_recall": 0.744007763221737,
    "eval_runtime": 23.1697,
    "eval_samples_per_second": 12.818,
    "eval_steps_per_second": 3.237
}