{
    "ENFERMEDAD_f1": 0.7232536479354237,
    "ENFERMEDAD_number": 7784,
    "ENFERMEDAD_precision": 0.6999158754957336,
    "ENFERMEDAD_recall": 0.7482014388489209,
    "overall_accuracy": 0.965991200428478,
    "overall_f1": 0.7232536479354237,
    "overall_precision": 0.6999158754957336,
    "overall_recall": 0.7482014388489209
}