{
    "ENFERMEDAD_f1": 0.7382600561272218,
    "ENFERMEDAD_number": 2611,
    "ENFERMEDAD_precision": 0.7216532553035845,
    "ENFERMEDAD_recall": 0.7556491765607047,
    "epoch": 10.0,
    "eval_ENFERMEDAD_f1": 0.7172376291462751,
    "eval_ENFERMEDAD_number": 1801,
    "eval_ENFERMEDAD_precision": 0.7027171017581246,
    "eval_ENFERMEDAD_recall": 0.7323709050527485,
    "eval_loss": 0.22631743550300598,
    "eval_overall_accuracy": 0.9646505256261354,
    "eval_overall_f1": 0.7172376291462751,
    "eval_overall_precision": 0.7027171017581246,
    "eval_overall_recall": 0.7323709050527485,
    "eval_runtime": 6.4645,
    "eval_samples_per_second": 39.137,
    "eval_steps_per_second": 4.95,
    "overall_accuracy": 0.9647667974596497,
    "overall_f1": 0.7382600561272218,
    "overall_precision": 0.7216532553035845,
    "overall_recall": 0.7556491765607047,
    "total_flos": 9777634496841408.0,
    "train_loss": 0.03447394827098557,
    "train_runtime": 1945.7879,
    "train_samples_per_second": 5.417,
    "train_steps_per_second": 0.678
}