{
    "SINTOMA_f1": 0.7017095382648985,
    "SINTOMA_number": 3081,
    "SINTOMA_precision": 0.6910006293266205,
    "SINTOMA_recall": 0.7127555988315482,
    "epoch": 10.0,
    "eval_SINTOMA_f1": 0.6694756554307115,
    "eval_SINTOMA_number": 2042,
    "eval_SINTOMA_precision": 0.6412556053811659,
    "eval_SINTOMA_recall": 0.7002938295788442,
    "eval_loss": 0.36138972640037537,
    "eval_overall_accuracy": 0.9433379448525904,
    "eval_overall_f1": 0.6694756554307115,
    "eval_overall_precision": 0.6412556053811659,
    "eval_overall_recall": 0.7002938295788442,
    "eval_runtime": 3.6428,
    "eval_samples_per_second": 61.766,
    "eval_steps_per_second": 7.961,
    "overall_accuracy": 0.9439303397643845,
    "overall_f1": 0.7017095382648985,
    "overall_precision": 0.6910006293266205,
    "overall_recall": 0.7127555988315482,
    "total_flos": 2149250579410176.0,
    "train_loss": 0.04433888741410696,
    "train_runtime": 506.7184,
    "train_samples_per_second": 16.34,
    "train_steps_per_second": 2.052
}