{
    "epoch": 10.0,
    "eval_SINTOMA_f1": 0.6694756554307115,
    "eval_SINTOMA_number": 2042,
    "eval_SINTOMA_precision": 0.6412556053811659,
    "eval_SINTOMA_recall": 0.7002938295788442,
    "eval_loss": 0.36138972640037537,
    "eval_overall_accuracy": 0.9433379448525904,
    "eval_overall_f1": 0.6694756554307115,
    "eval_overall_precision": 0.6412556053811659,
    "eval_overall_recall": 0.7002938295788442,
    "eval_runtime": 3.6428,
    "eval_samples_per_second": 61.766,
    "eval_steps_per_second": 7.961
}