{
    "epoch": 9.87248322147651,
    "total_flos": 2700586367156160.0,
    "train_loss": 0.053058076871408,
    "train_runtime": 692.588,
    "train_samples_per_second": 8.591,
    "train_steps_per_second": 1.068
}