{
    "ACTIVIDAD_f1": 0.3673469387755102,
    "ACTIVIDAD_number": 28,
    "ACTIVIDAD_precision": 0.42857142857142855,
    "ACTIVIDAD_recall": 0.32142857142857145,
    "PROFESION_f1": 0.8415067519545131,
    "PROFESION_number": 695,
    "PROFESION_precision": 0.8314606741573034,
    "PROFESION_recall": 0.8517985611510791,
    "SITUACION_LABORAL_f1": 0.6160458452722063,
    "SITUACION_LABORAL_number": 356,
    "SITUACION_LABORAL_precision": 0.6286549707602339,
    "SITUACION_LABORAL_recall": 0.6039325842696629,
    "overall_accuracy": 0.9959067170616188,
    "overall_f1": 0.7576601671309192,
    "overall_precision": 0.7590697674418605,
    "overall_recall": 0.7562557924003707
}