{
    "epoch": 9.923694779116467,
    "total_flos": 1.003105633827144e+16,
    "train_loss": 0.010891540492734601,
    "train_runtime": 1807.4079,
    "train_samples_per_second": 5.494,
    "train_steps_per_second": 0.686
}