{
    "FARMACO_f1": 0.9100227790432801,
    "FARMACO_number": 1717,
    "FARMACO_precision": 0.89025069637883,
    "FARMACO_recall": 0.9306930693069307,
    "epoch": 10.0,
    "eval_FARMACO_f1": 0.8956743002544529,
    "eval_FARMACO_number": 2509,
    "eval_FARMACO_precision": 0.88,
    "eval_FARMACO_recall": 0.9119170984455959,
    "eval_loss": 0.00899677537381649,
    "eval_overall_accuracy": 0.9980380636632604,
    "eval_overall_f1": 0.8956743002544529,
    "eval_overall_precision": 0.88,
    "eval_overall_recall": 0.9119170984455959,
    "eval_runtime": 14.2465,
    "eval_samples_per_second": 18.11,
    "eval_steps_per_second": 4.563,
    "overall_accuracy": 0.9982847735868275,
    "overall_f1": 0.9100227790432801,
    "overall_precision": 0.89025069637883,
    "overall_recall": 0.9306930693069307,
    "total_flos": 4615462244332800.0,
    "train_loss": 0.004729072305560112,
    "train_runtime": 1191.5825,
    "train_samples_per_second": 8.392,
    "train_steps_per_second": 1.049
}