{
    "FARMACO_f1": 0.9100227790432801,
    "FARMACO_number": 1717,
    "FARMACO_precision": 0.89025069637883,
    "FARMACO_recall": 0.9306930693069307,
    "overall_accuracy": 0.9982847735868275,
    "overall_f1": 0.9100227790432801,
    "overall_precision": 0.89025069637883,
    "overall_recall": 0.9306930693069307
}