{
    "NORMALIZABLES_f1": 0.9224572004028196,
    "NORMALIZABLES_number": 990,
    "NORMALIZABLES_precision": 0.9196787148594378,
    "NORMALIZABLES_recall": 0.9252525252525252,
    "NO_NORMALIZABLES_f1": 0.10526315789473685,
    "NO_NORMALIZABLES_number": 10,
    "NO_NORMALIZABLES_precision": 0.1111111111111111,
    "NO_NORMALIZABLES_recall": 0.1,
    "PROTEINAS_f1": 0.8778625954198475,
    "PROTEINAS_number": 895,
    "PROTEINAS_precision": 0.8572949946751863,
    "PROTEINAS_recall": 0.8994413407821229,
    "UNCLEAR_f1": 0.8108108108108107,
    "UNCLEAR_number": 35,
    "UNCLEAR_precision": 0.7692307692307693,
    "UNCLEAR_recall": 0.8571428571428571,
    "epoch": 10.0,
    "eval_NORMALIZABLES_f1": 0.9042709867452134,
    "eval_NORMALIZABLES_number": 1344,
    "eval_NORMALIZABLES_precision": 0.8950437317784257,
    "eval_NORMALIZABLES_recall": 0.9136904761904762,
    "eval_NO_NORMALIZABLES_f1": 0.12121212121212122,
    "eval_NO_NORMALIZABLES_number": 17,
    "eval_NO_NORMALIZABLES_precision": 0.125,
    "eval_NO_NORMALIZABLES_recall": 0.11764705882352941,
    "eval_PROTEINAS_f1": 0.8904479222881813,
    "eval_PROTEINAS_number": 921,
    "eval_PROTEINAS_precision": 0.8851931330472103,
    "eval_PROTEINAS_recall": 0.8957654723127035,
    "eval_UNCLEAR_f1": 0.8035714285714286,
    "eval_UNCLEAR_number": 50,
    "eval_UNCLEAR_precision": 0.7258064516129032,
    "eval_UNCLEAR_recall": 0.9,
    "eval_loss": 0.028929689899086952,
    "eval_overall_accuracy": 0.9951398424513984,
    "eval_overall_f1": 0.8909630886720408,
    "eval_overall_precision": 0.8816120906801007,
    "eval_overall_recall": 0.9005145797598628,
    "eval_runtime": 9.7167,
    "eval_samples_per_second": 42.916,
    "eval_steps_per_second": 5.455,
    "overall_accuracy": 0.9958445792469469,
    "overall_f1": 0.895476616406849,
    "overall_precision": 0.8835098335854765,
    "overall_recall": 0.9077720207253887,
    "total_flos": 8139961707238272.0,
    "train_loss": 0.015139258039945905,
    "train_runtime": 1602.1989,
    "train_samples_per_second": 5.474,
    "train_steps_per_second": 0.687
}