{
    "epoch": 10.0,
    "eval_NORMALIZABLES_f1": 0.9042709867452134,
    "eval_NORMALIZABLES_number": 1344,
    "eval_NORMALIZABLES_precision": 0.8950437317784257,
    "eval_NORMALIZABLES_recall": 0.9136904761904762,
    "eval_NO_NORMALIZABLES_f1": 0.12121212121212122,
    "eval_NO_NORMALIZABLES_number": 17,
    "eval_NO_NORMALIZABLES_precision": 0.125,
    "eval_NO_NORMALIZABLES_recall": 0.11764705882352941,
    "eval_PROTEINAS_f1": 0.8904479222881813,
    "eval_PROTEINAS_number": 921,
    "eval_PROTEINAS_precision": 0.8851931330472103,
    "eval_PROTEINAS_recall": 0.8957654723127035,
    "eval_UNCLEAR_f1": 0.8035714285714286,
    "eval_UNCLEAR_number": 50,
    "eval_UNCLEAR_precision": 0.7258064516129032,
    "eval_UNCLEAR_recall": 0.9,
    "eval_loss": 0.028929689899086952,
    "eval_overall_accuracy": 0.9951398424513984,
    "eval_overall_f1": 0.8909630886720408,
    "eval_overall_precision": 0.8816120906801007,
    "eval_overall_recall": 0.9005145797598628,
    "eval_runtime": 9.7167,
    "eval_samples_per_second": 42.916,
    "eval_steps_per_second": 5.455
}