{
    "NORMALIZABLES_f1": 0.9224572004028196,
    "NORMALIZABLES_number": 990,
    "NORMALIZABLES_precision": 0.9196787148594378,
    "NORMALIZABLES_recall": 0.9252525252525252,
    "NO_NORMALIZABLES_f1": 0.10526315789473685,
    "NO_NORMALIZABLES_number": 10,
    "NO_NORMALIZABLES_precision": 0.1111111111111111,
    "NO_NORMALIZABLES_recall": 0.1,
    "PROTEINAS_f1": 0.8778625954198475,
    "PROTEINAS_number": 895,
    "PROTEINAS_precision": 0.8572949946751863,
    "PROTEINAS_recall": 0.8994413407821229,
    "UNCLEAR_f1": 0.8108108108108107,
    "UNCLEAR_number": 35,
    "UNCLEAR_precision": 0.7692307692307693,
    "UNCLEAR_recall": 0.8571428571428571,
    "overall_accuracy": 0.9958445792469469,
    "overall_f1": 0.895476616406849,
    "overall_precision": 0.8835098335854765,
    "overall_recall": 0.9077720207253887
}