{
    "epoch": 9.990654205607477,
    "eval_NORMALIZABLES_f1": 0.9259259259259258,
    "eval_NORMALIZABLES_number": 1104,
    "eval_NORMALIZABLES_precision": 0.9234234234234234,
    "eval_NORMALIZABLES_recall": 0.9284420289855072,
    "eval_NO_NORMALIZABLES_f1": 0.2,
    "eval_NO_NORMALIZABLES_number": 16,
    "eval_NO_NORMALIZABLES_precision": 0.5,
    "eval_NO_NORMALIZABLES_recall": 0.125,
    "eval_PROTEINAS_f1": 0.8933873144399461,
    "eval_PROTEINAS_number": 736,
    "eval_PROTEINAS_precision": 0.8873994638069705,
    "eval_PROTEINAS_recall": 0.8994565217391305,
    "eval_UNCLEAR_f1": 0.8478260869565218,
    "eval_UNCLEAR_number": 44,
    "eval_UNCLEAR_precision": 0.8125,
    "eval_UNCLEAR_recall": 0.8863636363636364,
    "eval_loss": 0.04261380806565285,
    "eval_overall_accuracy": 0.9950250974028869,
    "eval_overall_f1": 0.907563025210084,
    "eval_overall_precision": 0.9056603773584906,
    "eval_overall_recall": 0.9094736842105263,
    "eval_runtime": 113.1807,
    "eval_samples_per_second": 33.46,
    "eval_steps_per_second": 8.367
}