{
    "NORMALIZABLES_f1": 0.931052358735096,
    "NORMALIZABLES_number": 961,
    "NORMALIZABLES_precision": 0.9276859504132231,
    "NORMALIZABLES_recall": 0.9344432882414152,
    "NO_NORMALIZABLES_f1": 0.16666666666666669,
    "NO_NORMALIZABLES_number": 10,
    "NO_NORMALIZABLES_precision": 0.5,
    "NO_NORMALIZABLES_recall": 0.1,
    "PROTEINAS_f1": 0.8660035108250439,
    "PROTEINAS_number": 835,
    "PROTEINAS_precision": 0.8466819221967964,
    "PROTEINAS_recall": 0.8862275449101796,
    "UNCLEAR_f1": 0.8405797101449276,
    "UNCLEAR_number": 34,
    "UNCLEAR_precision": 0.8285714285714286,
    "UNCLEAR_recall": 0.8529411764705882,
    "overall_accuracy": 0.9953823531940873,
    "overall_f1": 0.897015326700726,
    "overall_precision": 0.8877062267163385,
    "overall_recall": 0.9065217391304348
}