{
    "epoch": 9.746666666666666,
    "eval_PROCEDIMIENTO_f1": 0.7606346286502645,
    "eval_PROCEDIMIENTO_number": 2084,
    "eval_PROCEDIMIENTO_precision": 0.730242825607064,
    "eval_PROCEDIMIENTO_recall": 0.7936660268714012,
    "eval_loss": 0.1504196971654892,
    "eval_overall_accuracy": 0.9682001426263626,
    "eval_overall_f1": 0.7606346286502645,
    "eval_overall_precision": 0.730242825607064,
    "eval_overall_recall": 0.7936660268714012,
    "eval_runtime": 5.3913,
    "eval_samples_per_second": 27.823,
    "eval_steps_per_second": 7.048
}