{
    "PROCEDIMIENTO_f1": 0.7497629047554533,
    "PROCEDIMIENTO_number": 3542,
    "PROCEDIMIENTO_precision": 0.7207606147434228,
    "PROCEDIMIENTO_recall": 0.7811970638057595,
    "epoch": 9.746666666666666,
    "eval_PROCEDIMIENTO_f1": 0.7577497129735935,
    "eval_PROCEDIMIENTO_number": 2084,
    "eval_PROCEDIMIENTO_precision": 0.726552179656539,
    "eval_PROCEDIMIENTO_recall": 0.791746641074856,
    "eval_loss": 0.152974471449852,
    "eval_overall_accuracy": 0.9675015645238754,
    "eval_overall_f1": 0.7577497129735935,
    "eval_overall_precision": 0.726552179656539,
    "eval_overall_recall": 0.791746641074856,
    "eval_runtime": 4.4516,
    "eval_samples_per_second": 33.695,
    "eval_steps_per_second": 8.536,
    "overall_accuracy": 0.9641966877240908,
    "overall_f1": 0.7497629047554533,
    "overall_precision": 0.7207606147434228,
    "overall_recall": 0.7811970638057595,
    "total_flos": 2712594530204496.0,
    "train_loss": 0.05781144322575749,
    "train_runtime": 793.9962,
    "train_samples_per_second": 7.544,
    "train_steps_per_second": 0.466
}