{
    "epoch": 9.746666666666666,
    "total_flos": 2712594530204496.0,
    "train_loss": 0.05781144322575749,
    "train_runtime": 793.9962,
    "train_samples_per_second": 7.544,
    "train_steps_per_second": 0.466
}