{
    "epoch": 10.0,
    "eval_NORMALIZABLES_f1": 0.9214007782101167,
    "eval_NORMALIZABLES_number": 1275,
    "eval_NORMALIZABLES_precision": 0.9142857142857143,
    "eval_NORMALIZABLES_recall": 0.9286274509803921,
    "eval_NO_NORMALIZABLES_f1": 0.07692307692307693,
    "eval_NO_NORMALIZABLES_number": 19,
    "eval_NO_NORMALIZABLES_precision": 0.14285714285714285,
    "eval_NO_NORMALIZABLES_recall": 0.05263157894736842,
    "eval_PROTEINAS_f1": 0.9108910891089109,
    "eval_PROTEINAS_number": 847,
    "eval_PROTEINAS_precision": 0.8988505747126436,
    "eval_PROTEINAS_recall": 0.9232585596221959,
    "eval_UNCLEAR_f1": 0.8478260869565217,
    "eval_UNCLEAR_number": 45,
    "eval_UNCLEAR_precision": 0.8297872340425532,
    "eval_UNCLEAR_recall": 0.8666666666666667,
    "eval_loss": 0.02633356861770153,
    "eval_overall_accuracy": 0.9956048140772886,
    "eval_overall_f1": 0.9107832009080591,
    "eval_overall_precision": 0.90401081568274,
    "eval_overall_recall": 0.9176578225068619,
    "eval_runtime": 4.6319,
    "eval_samples_per_second": 75.347,
    "eval_steps_per_second": 9.499
}