{
    "NORMALIZABLES_f1": 0.9351047521716914,
    "NORMALIZABLES_number": 973,
    "NORMALIZABLES_precision": 0.9298780487804879,
    "NORMALIZABLES_recall": 0.9403905447070915,
    "NO_NORMALIZABLES_f1": 0.0,
    "NO_NORMALIZABLES_number": 10,
    "NO_NORMALIZABLES_precision": 0.0,
    "NO_NORMALIZABLES_recall": 0.0,
    "PROTEINAS_f1": 0.8909194745859509,
    "PROTEINAS_number": 859,
    "PROTEINAS_precision": 0.874439461883408,
    "PROTEINAS_recall": 0.9080325960419092,
    "UNCLEAR_f1": 0.7945205479452054,
    "UNCLEAR_number": 34,
    "UNCLEAR_precision": 0.7435897435897436,
    "UNCLEAR_recall": 0.8529411764705882,
    "overall_accuracy": 0.9960300593365864,
    "overall_f1": 0.9068911099421357,
    "overall_precision": 0.8951194184839044,
    "overall_recall": 0.9189765458422174
}