{
    "ACTIVIDAD_f1": 0.44,
    "ACTIVIDAD_number": 28,
    "ACTIVIDAD_precision": 0.5,
    "ACTIVIDAD_recall": 0.39285714285714285,
    "PROFESION_f1": 0.8291636883488205,
    "PROFESION_number": 695,
    "PROFESION_precision": 0.8238636363636364,
    "PROFESION_recall": 0.8345323741007195,
    "SITUACION_LABORAL_f1": 0.5884101040118871,
    "SITUACION_LABORAL_number": 356,
    "SITUACION_LABORAL_precision": 0.6246056782334385,
    "SITUACION_LABORAL_recall": 0.5561797752808989,
    "epoch": 9.923694779116467,
    "eval_ACTIVIDAD_f1": 0.1951219512195122,
    "eval_ACTIVIDAD_number": 18,
    "eval_ACTIVIDAD_precision": 0.17391304347826086,
    "eval_ACTIVIDAD_recall": 0.2222222222222222,
    "eval_PROFESION_f1": 0.8389662027833001,
    "eval_PROFESION_number": 492,
    "eval_PROFESION_precision": 0.8210116731517509,
    "eval_PROFESION_recall": 0.8577235772357723,
    "eval_SITUACION_LABORAL_f1": 0.6378378378378378,
    "eval_SITUACION_LABORAL_number": 175,
    "eval_SITUACION_LABORAL_precision": 0.6051282051282051,
    "eval_SITUACION_LABORAL_recall": 0.6742857142857143,
    "eval_loss": 0.013860154896974564,
    "eval_overall_accuracy": 0.9971924462207493,
    "eval_overall_f1": 0.7678193366266761,
    "eval_overall_precision": 0.7431693989071039,
    "eval_overall_recall": 0.7941605839416058,
    "eval_runtime": 10.441,
    "eval_samples_per_second": 23.944,
    "eval_steps_per_second": 6.034,
    "overall_accuracy": 0.9959263209071091,
    "overall_f1": 0.7436380772855797,
    "overall_precision": 0.7564717162032598,
    "overall_recall": 0.7312326227988879,
    "total_flos": 1.003105633827144e+16,
    "train_loss": 0.009477692085408395,
    "train_runtime": 1764.3377,
    "train_samples_per_second": 5.628,
    "train_steps_per_second": 0.703
}