{
    "ACTIVIDAD_f1": 0.44,
    "ACTIVIDAD_number": 28,
    "ACTIVIDAD_precision": 0.5,
    "ACTIVIDAD_recall": 0.39285714285714285,
    "PROFESION_f1": 0.8291636883488205,
    "PROFESION_number": 695,
    "PROFESION_precision": 0.8238636363636364,
    "PROFESION_recall": 0.8345323741007195,
    "SITUACION_LABORAL_f1": 0.5884101040118871,
    "SITUACION_LABORAL_number": 356,
    "SITUACION_LABORAL_precision": 0.6246056782334385,
    "SITUACION_LABORAL_recall": 0.5561797752808989,
    "overall_accuracy": 0.9959263209071091,
    "overall_f1": 0.7436380772855797,
    "overall_precision": 0.7564717162032598,
    "overall_recall": 0.7312326227988879
}