{
    "epoch": 9.923694779116467,
    "total_flos": 1.003105633827144e+16,
    "train_loss": 0.009477692085408395,
    "train_runtime": 1764.3377,
    "train_samples_per_second": 5.628,
    "train_steps_per_second": 0.703
}