{
    "SINTOMA_f1": 0.7047287679898783,
    "SINTOMA_number": 3081,
    "SINTOMA_precision": 0.6872301048735349,
    "SINTOMA_recall": 0.7231418370658877,
    "epoch": 9.87248322147651,
    "eval_SINTOMA_f1": 0.6900493634710314,
    "eval_SINTOMA_number": 1827,
    "eval_SINTOMA_precision": 0.6567754698318496,
    "eval_SINTOMA_recall": 0.7268746579091406,
    "eval_loss": 0.31069880723953247,
    "eval_overall_accuracy": 0.9478413383702105,
    "eval_overall_f1": 0.6900493634710314,
    "eval_overall_precision": 0.6567754698318496,
    "eval_overall_recall": 0.7268746579091406,
    "eval_runtime": 4.5117,
    "eval_samples_per_second": 33.025,
    "eval_steps_per_second": 8.423,
    "overall_accuracy": 0.9436315519890729,
    "overall_f1": 0.7047287679898783,
    "overall_precision": 0.6872301048735349,
    "overall_recall": 0.7231418370658877,
    "total_flos": 2700586367156160.0,
    "train_loss": 0.05172975111652065,
    "train_runtime": 812.0723,
    "train_samples_per_second": 7.327,
    "train_steps_per_second": 0.911
}