{
    "epoch": 9.87248322147651,
    "eval_SINTOMA_f1": 0.6900493634710314,
    "eval_SINTOMA_number": 1827,
    "eval_SINTOMA_precision": 0.6567754698318496,
    "eval_SINTOMA_recall": 0.7268746579091406,
    "eval_loss": 0.31069880723953247,
    "eval_overall_accuracy": 0.9478413383702105,
    "eval_overall_f1": 0.6900493634710314,
    "eval_overall_precision": 0.6567754698318496,
    "eval_overall_recall": 0.7268746579091406,
    "eval_runtime": 4.5117,
    "eval_samples_per_second": 33.025,
    "eval_steps_per_second": 8.423
}