{
    "epoch": 9.87248322147651,
    "total_flos": 2700586367156160.0,
    "train_loss": 0.05172975111652065,
    "train_runtime": 812.0723,
    "train_samples_per_second": 7.327,
    "train_steps_per_second": 0.911
}