{
    "MORFOLOGIA_NEOPLASIA_f1": 0.8361964020018937,
    "MORFOLOGIA_NEOPLASIA_number": 3586,
    "MORFOLOGIA_NEOPLASIA_precision": 0.8119254005778829,
    "MORFOLOGIA_NEOPLASIA_recall": 0.8619631901840491,
    "epoch": 10.0,
    "eval_MORFOLOGIA_NEOPLASIA_f1": 0.8362619808306709,
    "eval_MORFOLOGIA_NEOPLASIA_number": 7359,
    "eval_MORFOLOGIA_NEOPLASIA_precision": 0.8195694716242662,
    "eval_MORFOLOGIA_NEOPLASIA_recall": 0.8536485935589074,
    "eval_loss": 0.055893950164318085,
    "eval_overall_accuracy": 0.9905764397057619,
    "eval_overall_f1": 0.8362619808306709,
    "eval_overall_precision": 0.8195694716242662,
    "eval_overall_recall": 0.8536485935589074,
    "eval_runtime": 18.389,
    "eval_samples_per_second": 72.489,
    "eval_steps_per_second": 9.082,
    "overall_accuracy": 0.9908870351525224,
    "overall_f1": 0.8361964020018937,
    "overall_precision": 0.8119254005778829,
    "overall_recall": 0.8619631901840491,
    "total_flos": 3772767331183104.0,
    "train_loss": 0.013384172402692763,
    "train_runtime": 835.4967,
    "train_samples_per_second": 17.283,
    "train_steps_per_second": 2.166
}