{
    "MORFOLOGIA_NEOPLASIA_f1": 0.8361964020018937,
    "MORFOLOGIA_NEOPLASIA_number": 3586,
    "MORFOLOGIA_NEOPLASIA_precision": 0.8119254005778829,
    "MORFOLOGIA_NEOPLASIA_recall": 0.8619631901840491,
    "overall_accuracy": 0.9908870351525224,
    "overall_f1": 0.8361964020018937,
    "overall_precision": 0.8119254005778829,
    "overall_recall": 0.8619631901840491
}