{
    "FAMILIAR_f1": 0.15584415584415587,
    "FAMILIAR_number": 51,
    "FAMILIAR_precision": 0.23076923076923078,
    "FAMILIAR_recall": 0.11764705882352941,
    "OTROS_f1": 0.6013071895424835,
    "OTROS_number": 146,
    "OTROS_precision": 0.575,
    "OTROS_recall": 0.6301369863013698,
    "PACIENTE_f1": 0.5751633986928104,
    "PACIENTE_number": 590,
    "PACIENTE_precision": 0.555205047318612,
    "PACIENTE_recall": 0.5966101694915255,
    "SANITARIO_f1": 0.8472906403940886,
    "SANITARIO_number": 291,
    "SANITARIO_precision": 0.8113207547169812,
    "SANITARIO_recall": 0.8865979381443299,
    "epoch": 9.97338403041825,
    "eval_FAMILIAR_f1": 0.2580645161290323,
    "eval_FAMILIAR_number": 41,
    "eval_FAMILIAR_precision": 0.38095238095238093,
    "eval_FAMILIAR_recall": 0.1951219512195122,
    "eval_OTROS_f1": 0.7153846153846154,
    "eval_OTROS_number": 132,
    "eval_OTROS_precision": 0.7265625,
    "eval_OTROS_recall": 0.7045454545454546,
    "eval_PACIENTE_f1": 0.5583333333333333,
    "eval_PACIENTE_number": 326,
    "eval_PACIENTE_precision": 0.5101522842639594,
    "eval_PACIENTE_recall": 0.6165644171779141,
    "eval_SANITARIO_f1": 0.8149606299212598,
    "eval_SANITARIO_number": 239,
    "eval_SANITARIO_precision": 0.7695167286245354,
    "eval_SANITARIO_recall": 0.8661087866108786,
    "eval_loss": 0.020944170653820038,
    "eval_overall_accuracy": 0.9955206212839989,
    "eval_overall_f1": 0.6567741935483872,
    "eval_overall_precision": 0.6268472906403941,
    "eval_overall_recall": 0.6897018970189702,
    "eval_runtime": 15.5577,
    "eval_samples_per_second": 16.519,
    "eval_steps_per_second": 4.178,
    "overall_accuracy": 0.9948245847905525,
    "overall_f1": 0.6389891696750903,
    "overall_precision": 0.6221441124780316,
    "overall_recall": 0.6567717996289425,
    "total_flos": 9865065149155584.0,
    "train_loss": 0.030816486477851866,
    "train_runtime": 2675.2497,
    "train_samples_per_second": 3.932,
    "train_steps_per_second": 0.12
}