{
    "epoch": 9.97338403041825,
    "eval_FAMILIAR_f1": 0.2580645161290323,
    "eval_FAMILIAR_number": 41,
    "eval_FAMILIAR_precision": 0.38095238095238093,
    "eval_FAMILIAR_recall": 0.1951219512195122,
    "eval_OTROS_f1": 0.7153846153846154,
    "eval_OTROS_number": 132,
    "eval_OTROS_precision": 0.7265625,
    "eval_OTROS_recall": 0.7045454545454546,
    "eval_PACIENTE_f1": 0.5583333333333333,
    "eval_PACIENTE_number": 326,
    "eval_PACIENTE_precision": 0.5101522842639594,
    "eval_PACIENTE_recall": 0.6165644171779141,
    "eval_SANITARIO_f1": 0.8149606299212598,
    "eval_SANITARIO_number": 239,
    "eval_SANITARIO_precision": 0.7695167286245354,
    "eval_SANITARIO_recall": 0.8661087866108786,
    "eval_loss": 0.020944170653820038,
    "eval_overall_accuracy": 0.9955206212839989,
    "eval_overall_f1": 0.6567741935483872,
    "eval_overall_precision": 0.6268472906403941,
    "eval_overall_recall": 0.6897018970189702,
    "eval_runtime": 15.5577,
    "eval_samples_per_second": 16.519,
    "eval_steps_per_second": 4.178
}