{
    "epoch": 9.97338403041825,
    "total_flos": 9865065149155584.0,
    "train_loss": 0.030816486477851866,
    "train_runtime": 2675.2497,
    "train_samples_per_second": 3.932,
    "train_steps_per_second": 0.12
}