{
    "NORMALIZABLES_f1": 0.9279835390946503,
    "NORMALIZABLES_number": 961,
    "NORMALIZABLES_precision": 0.9175991861648016,
    "NORMALIZABLES_recall": 0.9386056191467221,
    "NO_NORMALIZABLES_f1": 0.0,
    "NO_NORMALIZABLES_number": 10,
    "NO_NORMALIZABLES_precision": 0.0,
    "NO_NORMALIZABLES_recall": 0.0,
    "PROTEINAS_f1": 0.8538147932440302,
    "PROTEINAS_number": 835,
    "PROTEINAS_precision": 0.8310657596371882,
    "PROTEINAS_recall": 0.8778443113772455,
    "UNCLEAR_f1": 0.8169014084507041,
    "UNCLEAR_number": 34,
    "UNCLEAR_precision": 0.7837837837837838,
    "UNCLEAR_recall": 0.8529411764705882,
    "epoch": 9.990654205607477,
    "eval_NORMALIZABLES_f1": 0.9218401071907102,
    "eval_NORMALIZABLES_number": 1104,
    "eval_NORMALIZABLES_precision": 0.9092511013215859,
    "eval_NORMALIZABLES_recall": 0.9347826086956522,
    "eval_NO_NORMALIZABLES_f1": 0.19047619047619047,
    "eval_NO_NORMALIZABLES_number": 16,
    "eval_NO_NORMALIZABLES_precision": 0.4,
    "eval_NO_NORMALIZABLES_recall": 0.125,
    "eval_PROTEINAS_f1": 0.8772635814889337,
    "eval_PROTEINAS_number": 736,
    "eval_PROTEINAS_precision": 0.866225165562914,
    "eval_PROTEINAS_recall": 0.8885869565217391,
    "eval_UNCLEAR_f1": 0.9032258064516128,
    "eval_UNCLEAR_number": 44,
    "eval_UNCLEAR_precision": 0.8571428571428571,
    "eval_UNCLEAR_recall": 0.9545454545454546,
    "eval_loss": 0.04395096004009247,
    "eval_overall_accuracy": 0.9948467854818434,
    "eval_overall_f1": 0.9001040582726327,
    "eval_overall_precision": 0.8899176954732511,
    "eval_overall_recall": 0.9105263157894737,
    "eval_runtime": 139.0501,
    "eval_samples_per_second": 27.235,
    "eval_steps_per_second": 6.81,
    "overall_accuracy": 0.9947374304558314,
    "overall_f1": 0.8877033875700187,
    "overall_precision": 0.8716605552645365,
    "overall_recall": 0.9043478260869565,
    "total_flos": 2832324460224480.0,
    "train_loss": 0.009493174210766434,
    "train_runtime": 12754.5676,
    "train_samples_per_second": 6.373,
    "train_steps_per_second": 0.797
}