{
    "epoch": 9.990654205607477,
    "eval_NORMALIZABLES_f1": 0.9218401071907102,
    "eval_NORMALIZABLES_number": 1104,
    "eval_NORMALIZABLES_precision": 0.9092511013215859,
    "eval_NORMALIZABLES_recall": 0.9347826086956522,
    "eval_NO_NORMALIZABLES_f1": 0.19047619047619047,
    "eval_NO_NORMALIZABLES_number": 16,
    "eval_NO_NORMALIZABLES_precision": 0.4,
    "eval_NO_NORMALIZABLES_recall": 0.125,
    "eval_PROTEINAS_f1": 0.8772635814889337,
    "eval_PROTEINAS_number": 736,
    "eval_PROTEINAS_precision": 0.866225165562914,
    "eval_PROTEINAS_recall": 0.8885869565217391,
    "eval_UNCLEAR_f1": 0.9032258064516128,
    "eval_UNCLEAR_number": 44,
    "eval_UNCLEAR_precision": 0.8571428571428571,
    "eval_UNCLEAR_recall": 0.9545454545454546,
    "eval_loss": 0.04395096004009247,
    "eval_overall_accuracy": 0.9948467854818434,
    "eval_overall_f1": 0.9001040582726327,
    "eval_overall_precision": 0.8899176954732511,
    "eval_overall_recall": 0.9105263157894737,
    "eval_runtime": 139.0501,
    "eval_samples_per_second": 27.235,
    "eval_steps_per_second": 6.81
}