{
    "NORMALIZABLES_f1": 0.9279835390946503,
    "NORMALIZABLES_number": 961,
    "NORMALIZABLES_precision": 0.9175991861648016,
    "NORMALIZABLES_recall": 0.9386056191467221,
    "NO_NORMALIZABLES_f1": 0.0,
    "NO_NORMALIZABLES_number": 10,
    "NO_NORMALIZABLES_precision": 0.0,
    "NO_NORMALIZABLES_recall": 0.0,
    "PROTEINAS_f1": 0.8538147932440302,
    "PROTEINAS_number": 835,
    "PROTEINAS_precision": 0.8310657596371882,
    "PROTEINAS_recall": 0.8778443113772455,
    "UNCLEAR_f1": 0.8169014084507041,
    "UNCLEAR_number": 34,
    "UNCLEAR_precision": 0.7837837837837838,
    "UNCLEAR_recall": 0.8529411764705882,
    "overall_accuracy": 0.9947374304558314,
    "overall_f1": 0.8877033875700187,
    "overall_precision": 0.8716605552645365,
    "overall_recall": 0.9043478260869565
}