{
    "NORMALIZABLES_f1": 0.9395491803278689,
    "NORMALIZABLES_number": 973,
    "NORMALIZABLES_precision": 0.9366700715015321,
    "NORMALIZABLES_recall": 0.9424460431654677,
    "NO_NORMALIZABLES_f1": 0.08333333333333333,
    "NO_NORMALIZABLES_number": 10,
    "NO_NORMALIZABLES_precision": 0.07142857142857142,
    "NO_NORMALIZABLES_recall": 0.1,
    "PROTEINAS_f1": 0.891304347826087,
    "PROTEINAS_number": 859,
    "PROTEINAS_precision": 0.876265466816648,
    "PROTEINAS_recall": 0.9068684516880093,
    "UNCLEAR_f1": 0.7837837837837837,
    "UNCLEAR_number": 34,
    "UNCLEAR_precision": 0.725,
    "UNCLEAR_recall": 0.8529411764705882,
    "epoch": 10.0,
    "eval_NORMALIZABLES_f1": 0.9224171539961015,
    "eval_NORMALIZABLES_number": 1275,
    "eval_NORMALIZABLES_precision": 0.9170542635658915,
    "eval_NORMALIZABLES_recall": 0.927843137254902,
    "eval_NO_NORMALIZABLES_f1": 0.22222222222222218,
    "eval_NO_NORMALIZABLES_number": 19,
    "eval_NO_NORMALIZABLES_precision": 0.375,
    "eval_NO_NORMALIZABLES_recall": 0.15789473684210525,
    "eval_PROTEINAS_f1": 0.9170052234474753,
    "eval_PROTEINAS_number": 847,
    "eval_PROTEINAS_precision": 0.9018264840182648,
    "eval_PROTEINAS_recall": 0.9327036599763873,
    "eval_UNCLEAR_f1": 0.7524752475247526,
    "eval_UNCLEAR_number": 45,
    "eval_UNCLEAR_precision": 0.6785714285714286,
    "eval_UNCLEAR_recall": 0.8444444444444444,
    "eval_loss": 0.02536323294043541,
    "eval_overall_accuracy": 0.9956524153688704,
    "eval_overall_f1": 0.9121376811594203,
    "eval_overall_precision": 0.9031390134529148,
    "eval_overall_recall": 0.9213174748398902,
    "eval_runtime": 4.6409,
    "eval_samples_per_second": 75.201,
    "eval_steps_per_second": 9.481,
    "overall_accuracy": 0.9959620517877484,
    "overall_f1": 0.908899420747762,
    "overall_precision": 0.8980228928199792,
    "overall_recall": 0.920042643923241,
    "total_flos": 1854793589888160.0,
    "train_loss": 0.015076238380538093,
    "train_runtime": 466.7823,
    "train_samples_per_second": 15.296,
    "train_steps_per_second": 1.928
}