{
    "epoch": 10.0,
    "eval_NORMALIZABLES_f1": 0.9224171539961015,
    "eval_NORMALIZABLES_number": 1275,
    "eval_NORMALIZABLES_precision": 0.9170542635658915,
    "eval_NORMALIZABLES_recall": 0.927843137254902,
    "eval_NO_NORMALIZABLES_f1": 0.22222222222222218,
    "eval_NO_NORMALIZABLES_number": 19,
    "eval_NO_NORMALIZABLES_precision": 0.375,
    "eval_NO_NORMALIZABLES_recall": 0.15789473684210525,
    "eval_PROTEINAS_f1": 0.9170052234474753,
    "eval_PROTEINAS_number": 847,
    "eval_PROTEINAS_precision": 0.9018264840182648,
    "eval_PROTEINAS_recall": 0.9327036599763873,
    "eval_UNCLEAR_f1": 0.7524752475247526,
    "eval_UNCLEAR_number": 45,
    "eval_UNCLEAR_precision": 0.6785714285714286,
    "eval_UNCLEAR_recall": 0.8444444444444444,
    "eval_loss": 0.02536323294043541,
    "eval_overall_accuracy": 0.9956524153688704,
    "eval_overall_f1": 0.9121376811594203,
    "eval_overall_precision": 0.9031390134529148,
    "eval_overall_recall": 0.9213174748398902,
    "eval_runtime": 4.6409,
    "eval_samples_per_second": 75.201,
    "eval_steps_per_second": 9.481
}