{
    "NORMALIZABLES_f1": 0.9395491803278689,
    "NORMALIZABLES_number": 973,
    "NORMALIZABLES_precision": 0.9366700715015321,
    "NORMALIZABLES_recall": 0.9424460431654677,
    "NO_NORMALIZABLES_f1": 0.08333333333333333,
    "NO_NORMALIZABLES_number": 10,
    "NO_NORMALIZABLES_precision": 0.07142857142857142,
    "NO_NORMALIZABLES_recall": 0.1,
    "PROTEINAS_f1": 0.891304347826087,
    "PROTEINAS_number": 859,
    "PROTEINAS_precision": 0.876265466816648,
    "PROTEINAS_recall": 0.9068684516880093,
    "UNCLEAR_f1": 0.7837837837837837,
    "UNCLEAR_number": 34,
    "UNCLEAR_precision": 0.725,
    "UNCLEAR_recall": 0.8529411764705882,
    "overall_accuracy": 0.9959620517877484,
    "overall_f1": 0.908899420747762,
    "overall_precision": 0.8980228928199792,
    "overall_recall": 0.920042643923241
}