{
    "epoch": 10.0,
    "eval_PROCEDIMIENTO_f1": 0.7628351694034504,
    "eval_PROCEDIMIENTO_number": 2330,
    "eval_PROCEDIMIENTO_precision": 0.739621120515921,
    "eval_PROCEDIMIENTO_recall": 0.7875536480686696,
    "eval_loss": 0.19101591408252716,
    "eval_overall_accuracy": 0.9656607564549167,
    "eval_overall_f1": 0.7628351694034504,
    "eval_overall_precision": 0.739621120515921,
    "eval_overall_recall": 0.7875536480686696,
    "eval_runtime": 2.7697,
    "eval_samples_per_second": 76.543,
    "eval_steps_per_second": 5.055
}