{
    "NORMALIZABLES_f1": 0.9205366357069144,
    "NORMALIZABLES_number": 961,
    "NORMALIZABLES_precision": 0.9129989764585466,
    "NORMALIZABLES_recall": 0.9281997918834547,
    "NO_NORMALIZABLES_f1": 0.0,
    "NO_NORMALIZABLES_number": 10,
    "NO_NORMALIZABLES_precision": 0.0,
    "NO_NORMALIZABLES_recall": 0.0,
    "PROTEINAS_f1": 0.8520023215322113,
    "PROTEINAS_number": 835,
    "PROTEINAS_precision": 0.8265765765765766,
    "PROTEINAS_recall": 0.8790419161676647,
    "UNCLEAR_f1": 0.8378378378378379,
    "UNCLEAR_number": 34,
    "UNCLEAR_precision": 0.775,
    "UNCLEAR_recall": 0.9117647058823529,
    "epoch": 9.990654205607477,
    "eval_NORMALIZABLES_f1": 0.9211356466876972,
    "eval_NORMALIZABLES_number": 1104,
    "eval_NORMALIZABLES_precision": 0.9165919282511211,
    "eval_NORMALIZABLES_recall": 0.9257246376811594,
    "eval_NO_NORMALIZABLES_f1": 0.32,
    "eval_NO_NORMALIZABLES_number": 16,
    "eval_NO_NORMALIZABLES_precision": 0.4444444444444444,
    "eval_NO_NORMALIZABLES_recall": 0.25,
    "eval_PROTEINAS_f1": 0.8885906040268456,
    "eval_PROTEINAS_number": 736,
    "eval_PROTEINAS_precision": 0.8779840848806366,
    "eval_PROTEINAS_recall": 0.8994565217391305,
    "eval_UNCLEAR_f1": 0.8631578947368421,
    "eval_UNCLEAR_number": 44,
    "eval_UNCLEAR_precision": 0.803921568627451,
    "eval_UNCLEAR_recall": 0.9318181818181818,
    "eval_loss": 0.04166944697499275,
    "eval_overall_accuracy": 0.994418836871339,
    "eval_overall_f1": 0.9031078610603291,
    "eval_overall_precision": 0.8963193364437533,
    "eval_overall_recall": 0.91,
    "eval_runtime": 42.3275,
    "eval_samples_per_second": 89.469,
    "eval_steps_per_second": 22.373,
    "overall_accuracy": 0.9947632273653616,
    "overall_f1": 0.8844408860421671,
    "overall_precision": 0.8689040377556371,
    "overall_recall": 0.9005434782608696,
    "total_flos": 2832324460224480.0,
    "train_loss": 0.008052039056774376,
    "train_runtime": 4016.4614,
    "train_samples_per_second": 20.239,
    "train_steps_per_second": 2.53
}