{
    "epoch": 9.990654205607477,
    "eval_NORMALIZABLES_f1": 0.9211356466876972,
    "eval_NORMALIZABLES_number": 1104,
    "eval_NORMALIZABLES_precision": 0.9165919282511211,
    "eval_NORMALIZABLES_recall": 0.9257246376811594,
    "eval_NO_NORMALIZABLES_f1": 0.32,
    "eval_NO_NORMALIZABLES_number": 16,
    "eval_NO_NORMALIZABLES_precision": 0.4444444444444444,
    "eval_NO_NORMALIZABLES_recall": 0.25,
    "eval_PROTEINAS_f1": 0.8885906040268456,
    "eval_PROTEINAS_number": 736,
    "eval_PROTEINAS_precision": 0.8779840848806366,
    "eval_PROTEINAS_recall": 0.8994565217391305,
    "eval_UNCLEAR_f1": 0.8631578947368421,
    "eval_UNCLEAR_number": 44,
    "eval_UNCLEAR_precision": 0.803921568627451,
    "eval_UNCLEAR_recall": 0.9318181818181818,
    "eval_loss": 0.04166944697499275,
    "eval_overall_accuracy": 0.994418836871339,
    "eval_overall_f1": 0.9031078610603291,
    "eval_overall_precision": 0.8963193364437533,
    "eval_overall_recall": 0.91,
    "eval_runtime": 42.3275,
    "eval_samples_per_second": 89.469,
    "eval_steps_per_second": 22.373
}