{
    "NORMALIZABLES_f1": 0.9155645981688707,
    "NORMALIZABLES_number": 961,
    "NORMALIZABLES_precision": 0.8955223880597015,
    "NORMALIZABLES_recall": 0.9365244536940687,
    "NO_NORMALIZABLES_f1": 0.16666666666666669,
    "NO_NORMALIZABLES_number": 10,
    "NO_NORMALIZABLES_precision": 0.5,
    "NO_NORMALIZABLES_recall": 0.1,
    "PROTEINAS_f1": 0.8447276940903824,
    "PROTEINAS_number": 835,
    "PROTEINAS_precision": 0.8181818181818182,
    "PROTEINAS_recall": 0.8730538922155688,
    "UNCLEAR_f1": 0.8695652173913043,
    "UNCLEAR_number": 34,
    "UNCLEAR_precision": 0.8571428571428571,
    "UNCLEAR_recall": 0.8823529411764706,
    "epoch": 10.0,
    "eval_NORMALIZABLES_f1": 0.9069973427812223,
    "eval_NORMALIZABLES_number": 1104,
    "eval_NORMALIZABLES_precision": 0.8873483535528596,
    "eval_NORMALIZABLES_recall": 0.927536231884058,
    "eval_NO_NORMALIZABLES_f1": 0.10526315789473684,
    "eval_NO_NORMALIZABLES_number": 16,
    "eval_NO_NORMALIZABLES_precision": 0.3333333333333333,
    "eval_NO_NORMALIZABLES_recall": 0.0625,
    "eval_PROTEINAS_f1": 0.8829931972789115,
    "eval_PROTEINAS_number": 736,
    "eval_PROTEINAS_precision": 0.8841961852861036,
    "eval_PROTEINAS_recall": 0.8817934782608695,
    "eval_UNCLEAR_f1": 0.8478260869565218,
    "eval_UNCLEAR_number": 44,
    "eval_UNCLEAR_precision": 0.8125,
    "eval_UNCLEAR_recall": 0.8863636363636364,
    "eval_loss": 0.03586544468998909,
    "eval_overall_accuracy": 0.993866990353287,
    "eval_overall_f1": 0.8924199010158895,
    "eval_overall_precision": 0.8834450747808148,
    "eval_overall_recall": 0.901578947368421,
    "eval_runtime": 6.6941,
    "eval_samples_per_second": 565.725,
    "eval_steps_per_second": 35.404,
    "overall_accuracy": 0.9944120312926248,
    "overall_f1": 0.8799363901404719,
    "overall_precision": 0.8587687532333161,
    "overall_recall": 0.9021739130434783,
    "total_flos": 3166925212991664.0,
    "train_loss": 0.011489094258423288,
    "train_runtime": 954.5394,
    "train_samples_per_second": 85.161,
    "train_steps_per_second": 5.332
}