{
    "epoch": 10.0,
    "eval_NORMALIZABLES_f1": 0.9069973427812223,
    "eval_NORMALIZABLES_number": 1104,
    "eval_NORMALIZABLES_precision": 0.8873483535528596,
    "eval_NORMALIZABLES_recall": 0.927536231884058,
    "eval_NO_NORMALIZABLES_f1": 0.10526315789473684,
    "eval_NO_NORMALIZABLES_number": 16,
    "eval_NO_NORMALIZABLES_precision": 0.3333333333333333,
    "eval_NO_NORMALIZABLES_recall": 0.0625,
    "eval_PROTEINAS_f1": 0.8829931972789115,
    "eval_PROTEINAS_number": 736,
    "eval_PROTEINAS_precision": 0.8841961852861036,
    "eval_PROTEINAS_recall": 0.8817934782608695,
    "eval_UNCLEAR_f1": 0.8478260869565218,
    "eval_UNCLEAR_number": 44,
    "eval_UNCLEAR_precision": 0.8125,
    "eval_UNCLEAR_recall": 0.8863636363636364,
    "eval_loss": 0.03586544468998909,
    "eval_overall_accuracy": 0.993866990353287,
    "eval_overall_f1": 0.8924199010158895,
    "eval_overall_precision": 0.8834450747808148,
    "eval_overall_recall": 0.901578947368421,
    "eval_runtime": 6.6941,
    "eval_samples_per_second": 565.725,
    "eval_steps_per_second": 35.404
}