{
    "NORMALIZABLES_f1": 0.9155645981688707,
    "NORMALIZABLES_number": 961,
    "NORMALIZABLES_precision": 0.8955223880597015,
    "NORMALIZABLES_recall": 0.9365244536940687,
    "NO_NORMALIZABLES_f1": 0.16666666666666669,
    "NO_NORMALIZABLES_number": 10,
    "NO_NORMALIZABLES_precision": 0.5,
    "NO_NORMALIZABLES_recall": 0.1,
    "PROTEINAS_f1": 0.8447276940903824,
    "PROTEINAS_number": 835,
    "PROTEINAS_precision": 0.8181818181818182,
    "PROTEINAS_recall": 0.8730538922155688,
    "UNCLEAR_f1": 0.8695652173913043,
    "UNCLEAR_number": 34,
    "UNCLEAR_precision": 0.8571428571428571,
    "UNCLEAR_recall": 0.8823529411764706,
    "overall_accuracy": 0.9944120312926248,
    "overall_f1": 0.8799363901404719,
    "overall_precision": 0.8587687532333161,
    "overall_recall": 0.9021739130434783
}