{
    "PROCEDIMIENTO_f1": 0.7561241154055526,
    "PROCEDIMIENTO_number": 3542,
    "PROCEDIMIENTO_precision": 0.7299001576458224,
    "PROCEDIMIENTO_recall": 0.7843026538678712,
    "epoch": 9.746666666666666,
    "eval_PROCEDIMIENTO_f1": 0.7650172612197929,
    "eval_PROCEDIMIENTO_number": 2084,
    "eval_PROCEDIMIENTO_precision": 0.7350729765590447,
    "eval_PROCEDIMIENTO_recall": 0.7975047984644914,
    "eval_loss": 0.1513557732105255,
    "eval_overall_accuracy": 0.9672250440249741,
    "eval_overall_f1": 0.7650172612197929,
    "eval_overall_precision": 0.7350729765590447,
    "eval_overall_recall": 0.7975047984644914,
    "eval_runtime": 4.3396,
    "eval_samples_per_second": 34.565,
    "eval_steps_per_second": 8.757,
    "overall_accuracy": 0.9646747481645894,
    "overall_f1": 0.7561241154055526,
    "overall_precision": 0.7299001576458224,
    "overall_recall": 0.7843026538678712,
    "total_flos": 2712594530204496.0,
    "train_loss": 0.05554225509231155,
    "train_runtime": 803.994,
    "train_samples_per_second": 7.45,
    "train_steps_per_second": 0.46
}