{
    "ENFERMEDAD_f1": 0.7438330170777989,
    "ENFERMEDAD_number": 2561,
    "ENFERMEDAD_precision": 0.7235142118863049,
    "ENFERMEDAD_recall": 0.7653260445138618,
    "epoch": 10.0,
    "eval_ENFERMEDAD_f1": 0.7385049365303245,
    "eval_ENFERMEDAD_number": 1700,
    "eval_ENFERMEDAD_precision": 0.7094850948509485,
    "eval_ENFERMEDAD_recall": 0.77,
    "eval_loss": 0.16715538501739502,
    "eval_overall_accuracy": 0.9688566039250311,
    "eval_overall_f1": 0.7385049365303245,
    "eval_overall_precision": 0.7094850948509485,
    "eval_overall_recall": 0.77,
    "eval_runtime": 4.377,
    "eval_samples_per_second": 47.749,
    "eval_steps_per_second": 6.169,
    "overall_accuracy": 0.9683788948319038,
    "overall_f1": 0.7438330170777989,
    "overall_precision": 0.7235142118863049,
    "overall_recall": 0.7653260445138618,
    "total_flos": 2155211465564736.0,
    "train_loss": 0.03949262546375394,
    "train_runtime": 752.5857,
    "train_samples_per_second": 11.029,
    "train_steps_per_second": 1.382
}