{
    "FAMILIAR_f1": 0.4485981308411215,
    "FAMILIAR_number": 51,
    "FAMILIAR_precision": 0.42857142857142855,
    "FAMILIAR_recall": 0.47058823529411764,
    "OTROS_f1": 0.661818181818182,
    "OTROS_number": 146,
    "OTROS_precision": 0.7054263565891473,
    "OTROS_recall": 0.6232876712328768,
    "PACIENTE_f1": 0.6331309627059843,
    "PACIENTE_number": 590,
    "PACIENTE_precision": 0.6483126110124334,
    "PACIENTE_recall": 0.6186440677966102,
    "SANITARIO_f1": 0.912396694214876,
    "SANITARIO_number": 291,
    "SANITARIO_precision": 0.8789808917197452,
    "SANITARIO_recall": 0.9484536082474226,
    "epoch": 10.0,
    "eval_FAMILIAR_f1": 0.6666666666666667,
    "eval_FAMILIAR_number": 56,
    "eval_FAMILIAR_precision": 0.6119402985074627,
    "eval_FAMILIAR_recall": 0.7321428571428571,
    "eval_OTROS_f1": 0.7402597402597403,
    "eval_OTROS_number": 162,
    "eval_OTROS_precision": 0.7808219178082192,
    "eval_OTROS_recall": 0.7037037037037037,
    "eval_PACIENTE_f1": 0.6462765957446809,
    "eval_PACIENTE_number": 362,
    "eval_PACIENTE_precision": 0.6230769230769231,
    "eval_PACIENTE_recall": 0.6712707182320442,
    "eval_SANITARIO_f1": 0.8615916955017301,
    "eval_SANITARIO_number": 277,
    "eval_SANITARIO_precision": 0.8272425249169435,
    "eval_SANITARIO_recall": 0.8989169675090253,
    "eval_loss": 0.01988121308386326,
    "eval_overall_accuracy": 0.9964427316856264,
    "eval_overall_f1": 0.73480976717774,
    "eval_overall_precision": 0.7157079646017699,
    "eval_overall_recall": 0.7549591598599766,
    "eval_runtime": 8.2538,
    "eval_samples_per_second": 75.481,
    "eval_steps_per_second": 2.423,
    "overall_accuracy": 0.995385254771576,
    "overall_f1": 0.7065420560747664,
    "overall_precision": 0.711864406779661,
    "overall_recall": 0.7012987012987013,
    "total_flos": 6963999266764800.0,
    "train_loss": 0.01262856363540604,
    "train_runtime": 1076.848,
    "train_samples_per_second": 24.748,
    "train_steps_per_second": 0.78
}