{
    "PROCEDIMIENTO_f1": 0.7570789865871833,
    "PROCEDIMIENTO_number": 3542,
    "PROCEDIMIENTO_precision": 0.7277936962750716,
    "PROCEDIMIENTO_recall": 0.7888198757763976,
    "epoch": 9.746666666666666,
    "eval_PROCEDIMIENTO_f1": 0.7715338553661907,
    "eval_PROCEDIMIENTO_number": 2084,
    "eval_PROCEDIMIENTO_precision": 0.7418069087688219,
    "eval_PROCEDIMIENTO_recall": 0.803742802303263,
    "eval_loss": 0.15271690487861633,
    "eval_overall_accuracy": 0.9679963906798038,
    "eval_overall_f1": 0.7715338553661907,
    "eval_overall_precision": 0.7418069087688219,
    "eval_overall_recall": 0.803742802303263,
    "eval_runtime": 4.39,
    "eval_samples_per_second": 34.168,
    "eval_steps_per_second": 8.656,
    "overall_accuracy": 0.9640857094075466,
    "overall_f1": 0.7570789865871833,
    "overall_precision": 0.7277936962750716,
    "overall_recall": 0.7888198757763976,
    "total_flos": 2712594530204496.0,
    "train_loss": 0.05804981025489601,
    "train_runtime": 795.2849,
    "train_samples_per_second": 7.532,
    "train_steps_per_second": 0.465
}