{
    "NORMALIZABLES_f1": 0.9113275243464889,
    "NORMALIZABLES_number": 973,
    "NORMALIZABLES_precision": 0.908997955010225,
    "NORMALIZABLES_recall": 0.9136690647482014,
    "NO_NORMALIZABLES_f1": 0.0,
    "NO_NORMALIZABLES_number": 10,
    "NO_NORMALIZABLES_precision": 0.0,
    "NO_NORMALIZABLES_recall": 0.0,
    "PROTEINAS_f1": 0.8688801350590883,
    "PROTEINAS_number": 862,
    "PROTEINAS_precision": 0.8437158469945355,
    "PROTEINAS_recall": 0.8955916473317865,
    "UNCLEAR_f1": 0.558139534883721,
    "UNCLEAR_number": 34,
    "UNCLEAR_precision": 0.46153846153846156,
    "UNCLEAR_recall": 0.7058823529411765,
    "epoch": 10.0,
    "eval_NORMALIZABLES_f1": 0.9017341040462428,
    "eval_NORMALIZABLES_number": 1284,
    "eval_NORMALIZABLES_precision": 0.8924485125858124,
    "eval_NORMALIZABLES_recall": 0.9112149532710281,
    "eval_NO_NORMALIZABLES_f1": 0.06451612903225808,
    "eval_NO_NORMALIZABLES_number": 19,
    "eval_NO_NORMALIZABLES_precision": 0.08333333333333333,
    "eval_NO_NORMALIZABLES_recall": 0.05263157894736842,
    "eval_PROTEINAS_f1": 0.8723653395784543,
    "eval_PROTEINAS_number": 850,
    "eval_PROTEINAS_precision": 0.8682983682983683,
    "eval_PROTEINAS_recall": 0.8764705882352941,
    "eval_UNCLEAR_f1": 0.6363636363636364,
    "eval_UNCLEAR_number": 45,
    "eval_UNCLEAR_precision": 0.5384615384615384,
    "eval_UNCLEAR_recall": 0.7777777777777778,
    "eval_loss": 0.032809555530548096,
    "eval_overall_accuracy": 0.9934056808838015,
    "eval_overall_f1": 0.878037803780378,
    "eval_overall_precision": 0.8686553873552983,
    "eval_overall_recall": 0.8876251137397634,
    "eval_runtime": 5.5137,
    "eval_samples_per_second": 62.208,
    "eval_steps_per_second": 7.799,
    "overall_accuracy": 0.9947994443479771,
    "overall_f1": 0.8792068875554396,
    "overall_precision": 0.8623336745138178,
    "overall_recall": 0.8967535923363491,
    "total_flos": 1822104930102912.0,
    "train_loss": 0.03508028306744315,
    "train_runtime": 512.1255,
    "train_samples_per_second": 13.708,
    "train_steps_per_second": 1.718
}