{
    "epoch": 10.0,
    "eval_NORMALIZABLES_f1": 0.9017341040462428,
    "eval_NORMALIZABLES_number": 1284,
    "eval_NORMALIZABLES_precision": 0.8924485125858124,
    "eval_NORMALIZABLES_recall": 0.9112149532710281,
    "eval_NO_NORMALIZABLES_f1": 0.06451612903225808,
    "eval_NO_NORMALIZABLES_number": 19,
    "eval_NO_NORMALIZABLES_precision": 0.08333333333333333,
    "eval_NO_NORMALIZABLES_recall": 0.05263157894736842,
    "eval_PROTEINAS_f1": 0.8723653395784543,
    "eval_PROTEINAS_number": 850,
    "eval_PROTEINAS_precision": 0.8682983682983683,
    "eval_PROTEINAS_recall": 0.8764705882352941,
    "eval_UNCLEAR_f1": 0.6363636363636364,
    "eval_UNCLEAR_number": 45,
    "eval_UNCLEAR_precision": 0.5384615384615384,
    "eval_UNCLEAR_recall": 0.7777777777777778,
    "eval_loss": 0.032809555530548096,
    "eval_overall_accuracy": 0.9934056808838015,
    "eval_overall_f1": 0.878037803780378,
    "eval_overall_precision": 0.8686553873552983,
    "eval_overall_recall": 0.8876251137397634,
    "eval_runtime": 5.5137,
    "eval_samples_per_second": 62.208,
    "eval_steps_per_second": 7.799
}