{
    "NORMALIZABLES_f1": 0.9113275243464889,
    "NORMALIZABLES_number": 973,
    "NORMALIZABLES_precision": 0.908997955010225,
    "NORMALIZABLES_recall": 0.9136690647482014,
    "NO_NORMALIZABLES_f1": 0.0,
    "NO_NORMALIZABLES_number": 10,
    "NO_NORMALIZABLES_precision": 0.0,
    "NO_NORMALIZABLES_recall": 0.0,
    "PROTEINAS_f1": 0.8688801350590883,
    "PROTEINAS_number": 862,
    "PROTEINAS_precision": 0.8437158469945355,
    "PROTEINAS_recall": 0.8955916473317865,
    "UNCLEAR_f1": 0.558139534883721,
    "UNCLEAR_number": 34,
    "UNCLEAR_precision": 0.46153846153846156,
    "UNCLEAR_recall": 0.7058823529411765,
    "overall_accuracy": 0.9947994443479771,
    "overall_f1": 0.8792068875554396,
    "overall_precision": 0.8623336745138178,
    "overall_recall": 0.8967535923363491
}