{
    "epoch": 9.704,
    "eval_DIAGNOSTICO_f1": 0.6646706586826346,
    "eval_DIAGNOSTICO_number": 3342,
    "eval_DIAGNOSTICO_precision": 0.6348039215686274,
    "eval_DIAGNOSTICO_recall": 0.6974865350089766,
    "eval_PROCEDIMIENTO_f1": 0.5788590604026845,
    "eval_PROCEDIMIENTO_number": 1205,
    "eval_PROCEDIMIENTO_precision": 0.5852417302798982,
    "eval_PROCEDIMIENTO_recall": 0.5726141078838174,
    "eval_loss": 0.2075049728155136,
    "eval_overall_accuracy": 0.9543377438275815,
    "eval_overall_f1": 0.64290274526495,
    "eval_overall_precision": 0.6227581941867656,
    "eval_overall_recall": 0.6643941060039587,
    "eval_runtime": 5.8137,
    "eval_samples_per_second": 43.002,
    "eval_steps_per_second": 10.837
}