{
    "DIAGNOSTICO_f1": 0.6779800191597098,
    "DIAGNOSTICO_number": 3491,
    "DIAGNOSTICO_precision": 0.6491090146750524,
    "DIAGNOSTICO_recall": 0.7095388140933829,
    "PROCEDIMIENTO_f1": 0.5870004037141704,
    "PROCEDIMIENTO_number": 1241,
    "PROCEDIMIENTO_precision": 0.5881877022653722,
    "PROCEDIMIENTO_recall": 0.5858178887993554,
    "overall_accuracy": 0.9542897804283004,
    "overall_f1": 0.6549468520032707,
    "overall_precision": 0.6342042755344418,
    "overall_recall": 0.6770921386306001
}