{
    "SINTOMA_f1": 0.6969026548672567,
    "SINTOMA_number": 3081,
    "SINTOMA_precision": 0.6790883892824146,
    "SINTOMA_recall": 0.7156767283349562,
    "epoch": 9.87248322147651,
    "eval_SINTOMA_f1": 0.6728875064800414,
    "eval_SINTOMA_number": 1827,
    "eval_SINTOMA_precision": 0.6390940423436731,
    "eval_SINTOMA_recall": 0.7104542966611932,
    "eval_loss": 0.3145785331726074,
    "eval_overall_accuracy": 0.9468024824608743,
    "eval_overall_f1": 0.6728875064800414,
    "eval_overall_precision": 0.6390940423436731,
    "eval_overall_recall": 0.7104542966611932,
    "eval_runtime": 3.6061,
    "eval_samples_per_second": 41.318,
    "eval_steps_per_second": 10.538,
    "overall_accuracy": 0.9450913436913095,
    "overall_f1": 0.6969026548672567,
    "overall_precision": 0.6790883892824146,
    "overall_recall": 0.7156767283349562,
    "total_flos": 2700586367156160.0,
    "train_loss": 0.0526700226036278,
    "train_runtime": 675.8213,
    "train_samples_per_second": 8.804,
    "train_steps_per_second": 1.095
}