{
    "epoch": 9.87248322147651,
    "eval_SINTOMA_f1": 0.6728875064800414,
    "eval_SINTOMA_number": 1827,
    "eval_SINTOMA_precision": 0.6390940423436731,
    "eval_SINTOMA_recall": 0.7104542966611932,
    "eval_loss": 0.3145785331726074,
    "eval_overall_accuracy": 0.9468024824608743,
    "eval_overall_f1": 0.6728875064800414,
    "eval_overall_precision": 0.6390940423436731,
    "eval_overall_recall": 0.7104542966611932,
    "eval_runtime": 3.6061,
    "eval_samples_per_second": 41.318,
    "eval_steps_per_second": 10.538
}