{
    "DIAGNOSTICO_f1": 0.685228363736113,
    "DIAGNOSTICO_number": 3491,
    "DIAGNOSTICO_precision": 0.6573684210526316,
    "DIAGNOSTICO_recall": 0.7155542824405614,
    "PROCEDIMIENTO_f1": 0.5906815556411245,
    "PROCEDIMIENTO_number": 1241,
    "PROCEDIMIENTO_precision": 0.5656342182890856,
    "PROCEDIMIENTO_recall": 0.6180499597099114,
    "epoch": 10.0,
    "eval_DIAGNOSTICO_f1": 0.6687365010799137,
    "eval_DIAGNOSTICO_number": 3586,
    "eval_DIAGNOSTICO_precision": 0.6480900052328624,
    "eval_DIAGNOSTICO_recall": 0.6907417735638595,
    "eval_PROCEDIMIENTO_f1": 0.5896678966789668,
    "eval_PROCEDIMIENTO_number": 1299,
    "eval_PROCEDIMIENTO_precision": 0.5662650602409639,
    "eval_PROCEDIMIENTO_recall": 0.6150885296381832,
    "eval_loss": 0.2317466288805008,
    "eval_overall_accuracy": 0.954492451209034,
    "eval_overall_f1": 0.6475588060881596,
    "eval_overall_precision": 0.6260271354863367,
    "eval_overall_recall": 0.6706243602865916,
    "eval_runtime": 5.7981,
    "eval_samples_per_second": 60.709,
    "eval_steps_per_second": 3.794,
    "overall_accuracy": 0.9541711846028734,
    "overall_f1": 0.6603964401294499,
    "overall_precision": 0.6332428238944918,
    "overall_recall": 0.6899830938292477,
    "total_flos": 1846193314180800.0,
    "train_loss": 0.06351992713080512,
    "train_runtime": 571.4505,
    "train_samples_per_second": 12.372,
    "train_steps_per_second": 0.787
}