{
    "DIAGNOSTICO_f1": 0.685228363736113,
    "DIAGNOSTICO_number": 3491,
    "DIAGNOSTICO_precision": 0.6573684210526316,
    "DIAGNOSTICO_recall": 0.7155542824405614,
    "PROCEDIMIENTO_f1": 0.5906815556411245,
    "PROCEDIMIENTO_number": 1241,
    "PROCEDIMIENTO_precision": 0.5656342182890856,
    "PROCEDIMIENTO_recall": 0.6180499597099114,
    "overall_accuracy": 0.9541711846028734,
    "overall_f1": 0.6603964401294499,
    "overall_precision": 0.6332428238944918,
    "overall_recall": 0.6899830938292477
}