{
    "CALLE_f1": 0.9477434679334917,
    "CALLE_number": 415,
    "CALLE_precision": 0.9344262295081968,
    "CALLE_recall": 0.9614457831325302,
    "CENTRO_SALUD_f1": 0.3333333333333333,
    "CENTRO_SALUD_number": 6,
    "CENTRO_SALUD_precision": 0.3333333333333333,
    "CENTRO_SALUD_recall": 0.3333333333333333,
    "CORREO_ELECTRONICO_f1": 0.9786407766990292,
    "CORREO_ELECTRONICO_number": 255,
    "CORREO_ELECTRONICO_precision": 0.9692307692307692,
    "CORREO_ELECTRONICO_recall": 0.9882352941176471,
    "EDAD_SUJETO_ASISTENCIA_f1": 0.9837320574162679,
    "EDAD_SUJETO_ASISTENCIA_number": 518,
    "EDAD_SUJETO_ASISTENCIA_precision": 0.9753320683111955,
    "EDAD_SUJETO_ASISTENCIA_recall": 0.9922779922779923,
    "FAMILIARES_SUJETO_ASISTENCIA_f1": 0.7078651685393258,
    "FAMILIARES_SUJETO_ASISTENCIA_number": 81,
    "FAMILIARES_SUJETO_ASISTENCIA_precision": 0.6494845360824743,
    "FAMILIARES_SUJETO_ASISTENCIA_recall": 0.7777777777777778,
    "FECHAS_f1": 0.9926410466067048,
    "FECHAS_number": 611,
    "FECHAS_precision": 0.9918300653594772,
    "FECHAS_recall": 0.9934533551554828,
    "HOSPITAL_f1": 0.9288389513108614,
    "HOSPITAL_number": 131,
    "HOSPITAL_precision": 0.9117647058823529,
    "HOSPITAL_recall": 0.9465648854961832,
    "ID_ASEGURAMIENTO_f1": 0.9974683544303797,
    "ID_ASEGURAMIENTO_number": 198,
    "ID_ASEGURAMIENTO_precision": 1.0,
    "ID_ASEGURAMIENTO_recall": 0.9949494949494949,
    "ID_CONTACTO_ASISTENCIAL_f1": 0.9870129870129869,
    "ID_CONTACTO_ASISTENCIAL_number": 39,
    "ID_CONTACTO_ASISTENCIAL_precision": 1.0,
    "ID_CONTACTO_ASISTENCIAL_recall": 0.9743589743589743,
    "ID_SUJETO_ASISTENCIA_f1": 0.9755244755244755,
    "ID_SUJETO_ASISTENCIA_number": 283,
    "ID_SUJETO_ASISTENCIA_precision": 0.9653979238754326,
    "ID_SUJETO_ASISTENCIA_recall": 0.9858657243816255,
    "ID_TITULACION_PERSONAL_SANITARIO_f1": 0.9936305732484078,
    "ID_TITULACION_PERSONAL_SANITARIO_number": 234,
    "ID_TITULACION_PERSONAL_SANITARIO_precision": 0.9873417721518988,
    "ID_TITULACION_PERSONAL_SANITARIO_recall": 1.0,
    "INSTITUCION_f1": 0.47328244274809156,
    "INSTITUCION_number": 68,
    "INSTITUCION_precision": 0.49206349206349204,
    "INSTITUCION_recall": 0.45588235294117646,
    "NOMBRE_PERSONAL_SANITARIO_f1": 0.9910802775024777,
    "NOMBRE_PERSONAL_SANITARIO_number": 502,
    "NOMBRE_PERSONAL_SANITARIO_precision": 0.9861932938856016,
    "NOMBRE_PERSONAL_SANITARIO_recall": 0.9960159362549801,
    "NOMBRE_SUJETO_ASISTENCIA_f1": 0.99800796812749,
    "NOMBRE_SUJETO_ASISTENCIA_number": 502,
    "NOMBRE_SUJETO_ASISTENCIA_precision": 0.99800796812749,
    "NOMBRE_SUJETO_ASISTENCIA_recall": 0.99800796812749,
    "NUMERO_FAX_f1": 0.0,
    "NUMERO_FAX_number": 7,
    "NUMERO_FAX_precision": 0.0,
    "NUMERO_FAX_recall": 0.0,
    "NUMERO_TELEFONO_f1": 0.75,
    "NUMERO_TELEFONO_number": 26,
    "NUMERO_TELEFONO_precision": 0.7,
    "NUMERO_TELEFONO_recall": 0.8076923076923077,
    "OTROS_SUJETO_ASISTENCIA_f1": 0.0,
    "OTROS_SUJETO_ASISTENCIA_number": 7,
    "OTROS_SUJETO_ASISTENCIA_precision": 0.0,
    "OTROS_SUJETO_ASISTENCIA_recall": 0.0,
    "PAIS_f1": 0.9738651994497937,
    "PAIS_number": 363,
    "PAIS_precision": 0.9725274725274725,
    "PAIS_recall": 0.9752066115702479,
    "PROFESION_f1": 0.64,
    "PROFESION_number": 9,
    "PROFESION_precision": 0.5,
    "PROFESION_recall": 0.8888888888888888,
    "SEXO_SUJETO_ASISTENCIA_f1": 0.9870410367170627,
    "SEXO_SUJETO_ASISTENCIA_number": 461,
    "SEXO_SUJETO_ASISTENCIA_precision": 0.9827956989247312,
    "SEXO_SUJETO_ASISTENCIA_recall": 0.9913232104121475,
    "TERRITORIO_f1": 0.9734236581552892,
    "TERRITORIO_number": 956,
    "TERRITORIO_precision": 0.9698857736240913,
    "TERRITORIO_recall": 0.9769874476987448,
    "epoch": 10.0,
    "eval_CALLE_f1": 0.9105145413870246,
    "eval_CALLE_number": 443,
    "eval_CALLE_precision": 0.9024390243902439,
    "eval_CALLE_recall": 0.9187358916478555,
    "eval_CENTRO_SALUD_f1": 0.0,
    "eval_CENTRO_SALUD_number": 2,
    "eval_CENTRO_SALUD_precision": 0.0,
    "eval_CENTRO_SALUD_recall": 0.0,
    "eval_CORREO_ELECTRONICO_f1": 0.9668049792531119,
    "eval_CORREO_ELECTRONICO_number": 238,
    "eval_CORREO_ELECTRONICO_precision": 0.9549180327868853,
    "eval_CORREO_ELECTRONICO_recall": 0.9789915966386554,
    "eval_EDAD_SUJETO_ASISTENCIA_f1": 0.9612403100775193,
    "eval_EDAD_SUJETO_ASISTENCIA_number": 529,
    "eval_EDAD_SUJETO_ASISTENCIA_precision": 0.9860834990059643,
    "eval_EDAD_SUJETO_ASISTENCIA_recall": 0.9376181474480151,
    "eval_FAMILIARES_SUJETO_ASISTENCIA_f1": 0.6567164179104478,
    "eval_FAMILIARES_SUJETO_ASISTENCIA_number": 101,
    "eval_FAMILIARES_SUJETO_ASISTENCIA_precision": 0.66,
    "eval_FAMILIARES_SUJETO_ASISTENCIA_recall": 0.6534653465346535,
    "eval_FECHAS_f1": 0.9642857142857143,
    "eval_FECHAS_number": 761,
    "eval_FECHAS_precision": 0.9707057256990679,
    "eval_FECHAS_recall": 0.9579500657030223,
    "eval_HOSPITAL_f1": 0.8666666666666667,
    "eval_HOSPITAL_number": 149,
    "eval_HOSPITAL_precision": 0.8609271523178808,
    "eval_HOSPITAL_recall": 0.87248322147651,
    "eval_ID_ASEGURAMIENTO_f1": 0.9869451697127937,
    "eval_ID_ASEGURAMIENTO_number": 194,
    "eval_ID_ASEGURAMIENTO_precision": 1.0,
    "eval_ID_ASEGURAMIENTO_recall": 0.9742268041237113,
    "eval_ID_CONTACTO_ASISTENCIAL_f1": 0.9374999999999999,
    "eval_ID_CONTACTO_ASISTENCIAL_number": 33,
    "eval_ID_CONTACTO_ASISTENCIAL_precision": 0.967741935483871,
    "eval_ID_CONTACTO_ASISTENCIAL_recall": 0.9090909090909091,
    "eval_ID_SUJETO_ASISTENCIA_f1": 0.9299145299145298,
    "eval_ID_SUJETO_ASISTENCIA_number": 293,
    "eval_ID_SUJETO_ASISTENCIA_precision": 0.9315068493150684,
    "eval_ID_SUJETO_ASISTENCIA_recall": 0.9283276450511946,
    "eval_ID_TITULACION_PERSONAL_SANITARIO_f1": 0.9605263157894737,
    "eval_ID_TITULACION_PERSONAL_SANITARIO_number": 230,
    "eval_ID_TITULACION_PERSONAL_SANITARIO_precision": 0.9690265486725663,
    "eval_ID_TITULACION_PERSONAL_SANITARIO_recall": 0.9521739130434783,
    "eval_INSTITUCION_f1": 0.6363636363636362,
    "eval_INSTITUCION_number": 81,
    "eval_INSTITUCION_precision": 0.5894736842105263,
    "eval_INSTITUCION_recall": 0.691358024691358,
    "eval_NOMBRE_PERSONAL_SANITARIO_f1": 0.9552529182879377,
    "eval_NOMBRE_PERSONAL_SANITARIO_number": 515,
    "eval_NOMBRE_PERSONAL_SANITARIO_precision": 0.9571150097465887,
    "eval_NOMBRE_PERSONAL_SANITARIO_recall": 0.9533980582524272,
    "eval_NOMBRE_SUJETO_ASISTENCIA_f1": 0.9778225806451614,
    "eval_NOMBRE_SUJETO_ASISTENCIA_number": 503,
    "eval_NOMBRE_SUJETO_ASISTENCIA_precision": 0.9918200408997955,
    "eval_NOMBRE_SUJETO_ASISTENCIA_recall": 0.9642147117296223,
    "eval_NUMERO_FAX_f1": 0.0,
    "eval_NUMERO_FAX_number": 6,
    "eval_NUMERO_FAX_precision": 0.0,
    "eval_NUMERO_FAX_recall": 0.0,
    "eval_NUMERO_TELEFONO_f1": 0.7586206896551725,
    "eval_NUMERO_TELEFONO_number": 25,
    "eval_NUMERO_TELEFONO_precision": 0.6666666666666666,
    "eval_NUMERO_TELEFONO_recall": 0.88,
    "eval_OTROS_SUJETO_ASISTENCIA_f1": 0.0,
    "eval_OTROS_SUJETO_ASISTENCIA_number": 6,
    "eval_OTROS_SUJETO_ASISTENCIA_precision": 0.0,
    "eval_OTROS_SUJETO_ASISTENCIA_recall": 0.0,
    "eval_PAIS_f1": 0.9754689754689755,
    "eval_PAIS_number": 350,
    "eval_PAIS_precision": 0.9854227405247813,
    "eval_PAIS_recall": 0.9657142857142857,
    "eval_PROFESION_f1": 0.6666666666666665,
    "eval_PROFESION_number": 4,
    "eval_PROFESION_precision": 0.6,
    "eval_PROFESION_recall": 0.75,
    "eval_SEXO_SUJETO_ASISTENCIA_f1": 0.9649122807017544,
    "eval_SEXO_SUJETO_ASISTENCIA_number": 462,
    "eval_SEXO_SUJETO_ASISTENCIA_precision": 0.9777777777777777,
    "eval_SEXO_SUJETO_ASISTENCIA_recall": 0.9523809523809523,
    "eval_TERRITORIO_f1": 0.965482233502538,
    "eval_TERRITORIO_number": 988,
    "eval_TERRITORIO_precision": 0.9684317718940937,
    "eval_TERRITORIO_recall": 0.9625506072874493,
    "eval_loss": 0.048382680863142014,