{
    "epoch": 10.0,
    "eval_CALLE_f1": 0.9105145413870246,
    "eval_CALLE_number": 443,
    "eval_CALLE_precision": 0.9024390243902439,
    "eval_CALLE_recall": 0.9187358916478555,
    "eval_CENTRO_SALUD_f1": 0.0,
    "eval_CENTRO_SALUD_number": 2,
    "eval_CENTRO_SALUD_precision": 0.0,
    "eval_CENTRO_SALUD_recall": 0.0,
    "eval_CORREO_ELECTRONICO_f1": 0.9668049792531119,
    "eval_CORREO_ELECTRONICO_number": 238,
    "eval_CORREO_ELECTRONICO_precision": 0.9549180327868853,
    "eval_CORREO_ELECTRONICO_recall": 0.9789915966386554,
    "eval_EDAD_SUJETO_ASISTENCIA_f1": 0.9612403100775193,
    "eval_EDAD_SUJETO_ASISTENCIA_number": 529,
    "eval_EDAD_SUJETO_ASISTENCIA_precision": 0.9860834990059643,
    "eval_EDAD_SUJETO_ASISTENCIA_recall": 0.9376181474480151,
    "eval_FAMILIARES_SUJETO_ASISTENCIA_f1": 0.6567164179104478,
    "eval_FAMILIARES_SUJETO_ASISTENCIA_number": 101,
    "eval_FAMILIARES_SUJETO_ASISTENCIA_precision": 0.66,
    "eval_FAMILIARES_SUJETO_ASISTENCIA_recall": 0.6534653465346535,
    "eval_FECHAS_f1": 0.9642857142857143,
    "eval_FECHAS_number": 761,
    "eval_FECHAS_precision": 0.9707057256990679,
    "eval_FECHAS_recall": 0.9579500657030223,
    "eval_HOSPITAL_f1": 0.8666666666666667,
    "eval_HOSPITAL_number": 149,
    "eval_HOSPITAL_precision": 0.8609271523178808,
    "eval_HOSPITAL_recall": 0.87248322147651,
    "eval_ID_ASEGURAMIENTO_f1": 0.9869451697127937,
    "eval_ID_ASEGURAMIENTO_number": 194,
    "eval_ID_ASEGURAMIENTO_precision": 1.0,
    "eval_ID_ASEGURAMIENTO_recall": 0.9742268041237113,
    "eval_ID_CONTACTO_ASISTENCIAL_f1": 0.9374999999999999,
    "eval_ID_CONTACTO_ASISTENCIAL_number": 33,
    "eval_ID_CONTACTO_ASISTENCIAL_precision": 0.967741935483871,
    "eval_ID_CONTACTO_ASISTENCIAL_recall": 0.9090909090909091,
    "eval_ID_SUJETO_ASISTENCIA_f1": 0.9299145299145298,
    "eval_ID_SUJETO_ASISTENCIA_number": 293,
    "eval_ID_SUJETO_ASISTENCIA_precision": 0.9315068493150684,
    "eval_ID_SUJETO_ASISTENCIA_recall": 0.9283276450511946,
    "eval_ID_TITULACION_PERSONAL_SANITARIO_f1": 0.9605263157894737,
    "eval_ID_TITULACION_PERSONAL_SANITARIO_number": 230,
    "eval_ID_TITULACION_PERSONAL_SANITARIO_precision": 0.9690265486725663,
    "eval_ID_TITULACION_PERSONAL_SANITARIO_recall": 0.9521739130434783,
    "eval_INSTITUCION_f1": 0.6363636363636362,
    "eval_INSTITUCION_number": 81,
    "eval_INSTITUCION_precision": 0.5894736842105263,
    "eval_INSTITUCION_recall": 0.691358024691358,
    "eval_NOMBRE_PERSONAL_SANITARIO_f1": 0.9552529182879377,
    "eval_NOMBRE_PERSONAL_SANITARIO_number": 515,
    "eval_NOMBRE_PERSONAL_SANITARIO_precision": 0.9571150097465887,
    "eval_NOMBRE_PERSONAL_SANITARIO_recall": 0.9533980582524272,
    "eval_NOMBRE_SUJETO_ASISTENCIA_f1": 0.9778225806451614,
    "eval_NOMBRE_SUJETO_ASISTENCIA_number": 503,
    "eval_NOMBRE_SUJETO_ASISTENCIA_precision": 0.9918200408997955,
    "eval_NOMBRE_SUJETO_ASISTENCIA_recall": 0.9642147117296223,
    "eval_NUMERO_FAX_f1": 0.0,
    "eval_NUMERO_FAX_number": 6,
    "eval_NUMERO_FAX_precision": 0.0,
    "eval_NUMERO_FAX_recall": 0.0,
    "eval_NUMERO_TELEFONO_f1": 0.7586206896551725,
    "eval_NUMERO_TELEFONO_number": 25,
    "eval_NUMERO_TELEFONO_precision": 0.6666666666666666,
    "eval_NUMERO_TELEFONO_recall": 0.88,
    "eval_OTROS_SUJETO_ASISTENCIA_f1": 0.0,
    "eval_OTROS_SUJETO_ASISTENCIA_number": 6,
    "eval_OTROS_SUJETO_ASISTENCIA_precision": 0.0,
    "eval_OTROS_SUJETO_ASISTENCIA_recall": 0.0,
    "eval_PAIS_f1": 0.9754689754689755,
    "eval_PAIS_number": 350,
    "eval_PAIS_precision": 0.9854227405247813,
    "eval_PAIS_recall": 0.9657142857142857,
    "eval_PROFESION_f1": 0.6666666666666665,
    "eval_PROFESION_number": 4,
    "eval_PROFESION_precision": 0.6,
    "eval_PROFESION_recall": 0.75,
    "eval_SEXO_SUJETO_ASISTENCIA_f1": 0.9649122807017544,
    "eval_SEXO_SUJETO_ASISTENCIA_number": 462,
    "eval_SEXO_SUJETO_ASISTENCIA_precision": 0.9777777777777777,
    "eval_SEXO_SUJETO_ASISTENCIA_recall": 0.9523809523809523,
    "eval_TERRITORIO_f1": 0.965482233502538,
    "eval_TERRITORIO_number": 988,
    "eval_TERRITORIO_precision": 0.9684317718940937,
    "eval_TERRITORIO_recall": 0.9625506072874493,
    "eval_loss": 0.048382680863142014,
    "eval_overall_accuracy": 0.9920007671188631,
    "eval_overall_f1": 0.944746684801088,
    "eval_overall_precision": 0.9497521791146812,
    "eval_overall_recall": 0.9397936749534923,
    "eval_runtime": 7.4084,
    "eval_samples_per_second": 64.791,
    "eval_steps_per_second": 8.099
}