{
    "CALLE_f1": 0.9477434679334917,
    "CALLE_number": 415,
    "CALLE_precision": 0.9344262295081968,
    "CALLE_recall": 0.9614457831325302,
    "CENTRO_SALUD_f1": 0.3333333333333333,
    "CENTRO_SALUD_number": 6,
    "CENTRO_SALUD_precision": 0.3333333333333333,
    "CENTRO_SALUD_recall": 0.3333333333333333,
    "CORREO_ELECTRONICO_f1": 0.9786407766990292,
    "CORREO_ELECTRONICO_number": 255,
    "CORREO_ELECTRONICO_precision": 0.9692307692307692,
    "CORREO_ELECTRONICO_recall": 0.9882352941176471,
    "EDAD_SUJETO_ASISTENCIA_f1": 0.9837320574162679,
    "EDAD_SUJETO_ASISTENCIA_number": 518,
    "EDAD_SUJETO_ASISTENCIA_precision": 0.9753320683111955,
    "EDAD_SUJETO_ASISTENCIA_recall": 0.9922779922779923,
    "FAMILIARES_SUJETO_ASISTENCIA_f1": 0.7078651685393258,
    "FAMILIARES_SUJETO_ASISTENCIA_number": 81,
    "FAMILIARES_SUJETO_ASISTENCIA_precision": 0.6494845360824743,
    "FAMILIARES_SUJETO_ASISTENCIA_recall": 0.7777777777777778,
    "FECHAS_f1": 0.9926410466067048,
    "FECHAS_number": 611,
    "FECHAS_precision": 0.9918300653594772,
    "FECHAS_recall": 0.9934533551554828,
    "HOSPITAL_f1": 0.9288389513108614,
    "HOSPITAL_number": 131,
    "HOSPITAL_precision": 0.9117647058823529,
    "HOSPITAL_recall": 0.9465648854961832,
    "ID_ASEGURAMIENTO_f1": 0.9974683544303797,
    "ID_ASEGURAMIENTO_number": 198,
    "ID_ASEGURAMIENTO_precision": 1.0,
    "ID_ASEGURAMIENTO_recall": 0.9949494949494949,
    "ID_CONTACTO_ASISTENCIAL_f1": 0.9870129870129869,
    "ID_CONTACTO_ASISTENCIAL_number": 39,
    "ID_CONTACTO_ASISTENCIAL_precision": 1.0,
    "ID_CONTACTO_ASISTENCIAL_recall": 0.9743589743589743,
    "ID_SUJETO_ASISTENCIA_f1": 0.9755244755244755,
    "ID_SUJETO_ASISTENCIA_number": 283,
    "ID_SUJETO_ASISTENCIA_precision": 0.9653979238754326,
    "ID_SUJETO_ASISTENCIA_recall": 0.9858657243816255,
    "ID_TITULACION_PERSONAL_SANITARIO_f1": 0.9936305732484078,
    "ID_TITULACION_PERSONAL_SANITARIO_number": 234,
    "ID_TITULACION_PERSONAL_SANITARIO_precision": 0.9873417721518988,
    "ID_TITULACION_PERSONAL_SANITARIO_recall": 1.0,
    "INSTITUCION_f1": 0.47328244274809156,
    "INSTITUCION_number": 68,
    "INSTITUCION_precision": 0.49206349206349204,
    "INSTITUCION_recall": 0.45588235294117646,
    "NOMBRE_PERSONAL_SANITARIO_f1": 0.9910802775024777,
    "NOMBRE_PERSONAL_SANITARIO_number": 502,
    "NOMBRE_PERSONAL_SANITARIO_precision": 0.9861932938856016,
    "NOMBRE_PERSONAL_SANITARIO_recall": 0.9960159362549801,
    "NOMBRE_SUJETO_ASISTENCIA_f1": 0.99800796812749,
    "NOMBRE_SUJETO_ASISTENCIA_number": 502,
    "NOMBRE_SUJETO_ASISTENCIA_precision": 0.99800796812749,
    "NOMBRE_SUJETO_ASISTENCIA_recall": 0.99800796812749,
    "NUMERO_FAX_f1": 0.0,
    "NUMERO_FAX_number": 7,
    "NUMERO_FAX_precision": 0.0,
    "NUMERO_FAX_recall": 0.0,
    "NUMERO_TELEFONO_f1": 0.75,
    "NUMERO_TELEFONO_number": 26,
    "NUMERO_TELEFONO_precision": 0.7,
    "NUMERO_TELEFONO_recall": 0.8076923076923077,
    "OTROS_SUJETO_ASISTENCIA_f1": 0.0,
    "OTROS_SUJETO_ASISTENCIA_number": 7,
    "OTROS_SUJETO_ASISTENCIA_precision": 0.0,
    "OTROS_SUJETO_ASISTENCIA_recall": 0.0,
    "PAIS_f1": 0.9738651994497937,
    "PAIS_number": 363,
    "PAIS_precision": 0.9725274725274725,
    "PAIS_recall": 0.9752066115702479,
    "PROFESION_f1": 0.64,
    "PROFESION_number": 9,
    "PROFESION_precision": 0.5,
    "PROFESION_recall": 0.8888888888888888,
    "SEXO_SUJETO_ASISTENCIA_f1": 0.9870410367170627,
    "SEXO_SUJETO_ASISTENCIA_number": 461,
    "SEXO_SUJETO_ASISTENCIA_precision": 0.9827956989247312,
    "SEXO_SUJETO_ASISTENCIA_recall": 0.9913232104121475,
    "TERRITORIO_f1": 0.9734236581552892,
    "TERRITORIO_number": 956,
    "TERRITORIO_precision": 0.9698857736240913,
    "TERRITORIO_recall": 0.9769874476987448,
    "overall_accuracy": 0.9963515567110006,
    "overall_f1": 0.9663571053092692,
    "overall_precision": 0.9604667363288053,
    "overall_recall": 0.9723201692524682
}