{
    "FAMILIAR_f1": 0.4915254237288136,
    "FAMILIAR_number": 51,
    "FAMILIAR_precision": 0.43283582089552236,
    "FAMILIAR_recall": 0.5686274509803921,
    "OTROS_f1": 0.6690647482014388,
    "OTROS_number": 146,
    "OTROS_precision": 0.7045454545454546,
    "OTROS_recall": 0.636986301369863,
    "PACIENTE_f1": 0.581945661700263,
    "PACIENTE_number": 592,
    "PACIENTE_precision": 0.604735883424408,
    "PACIENTE_recall": 0.5608108108108109,
    "SANITARIO_f1": 0.8965517241379309,
    "SANITARIO_number": 292,
    "SANITARIO_precision": 0.861198738170347,
    "SANITARIO_recall": 0.934931506849315,
    "epoch": 10.0,
    "eval_FAMILIAR_f1": 0.6666666666666667,
    "eval_FAMILIAR_number": 59,
    "eval_FAMILIAR_precision": 0.6142857142857143,
    "eval_FAMILIAR_recall": 0.7288135593220338,
    "eval_OTROS_f1": 0.7446808510638298,
    "eval_OTROS_number": 159,
    "eval_OTROS_precision": 0.8536585365853658,
    "eval_OTROS_recall": 0.660377358490566,
    "eval_PACIENTE_f1": 0.626984126984127,
    "eval_PACIENTE_number": 358,
    "eval_PACIENTE_precision": 0.5954773869346733,
    "eval_PACIENTE_recall": 0.6620111731843575,
    "eval_SANITARIO_f1": 0.8842105263157894,
    "eval_SANITARIO_number": 270,
    "eval_SANITARIO_precision": 0.84,
    "eval_SANITARIO_recall": 0.9333333333333333,
    "eval_loss": 0.018342329189181328,
    "eval_overall_accuracy": 0.9966410895250906,
    "eval_overall_f1": 0.7334484743811169,
    "eval_overall_precision": 0.7149270482603816,
    "eval_overall_recall": 0.7529550827423168,
    "eval_runtime": 9.1225,
    "eval_samples_per_second": 66.648,
    "eval_steps_per_second": 8.331,
    "overall_accuracy": 0.9953392795386731,
    "overall_f1": 0.6775396085740913,
    "overall_precision": 0.6826291079812207,
    "overall_recall": 0.6725254394079556,
    "total_flos": 6783415449005376.0,
    "train_loss": 0.014146903129724355,
    "train_runtime": 1431.304,
    "train_samples_per_second": 18.137,
    "train_steps_per_second": 2.271
}