{
    "epoch": 10.0,
    "eval_FAMILIAR_f1": 0.6666666666666667,
    "eval_FAMILIAR_number": 59,
    "eval_FAMILIAR_precision": 0.6142857142857143,
    "eval_FAMILIAR_recall": 0.7288135593220338,
    "eval_OTROS_f1": 0.7446808510638298,
    "eval_OTROS_number": 159,
    "eval_OTROS_precision": 0.8536585365853658,
    "eval_OTROS_recall": 0.660377358490566,
    "eval_PACIENTE_f1": 0.626984126984127,
    "eval_PACIENTE_number": 358,
    "eval_PACIENTE_precision": 0.5954773869346733,
    "eval_PACIENTE_recall": 0.6620111731843575,
    "eval_SANITARIO_f1": 0.8842105263157894,
    "eval_SANITARIO_number": 270,
    "eval_SANITARIO_precision": 0.84,
    "eval_SANITARIO_recall": 0.9333333333333333,
    "eval_loss": 0.018342329189181328,
    "eval_overall_accuracy": 0.9966410895250906,
    "eval_overall_f1": 0.7334484743811169,
    "eval_overall_precision": 0.7149270482603816,
    "eval_overall_recall": 0.7529550827423168,
    "eval_runtime": 9.1225,
    "eval_samples_per_second": 66.648,
    "eval_steps_per_second": 8.331
}