{
    "CALLE_f1": 0.9393579072532698,
    "CALLE_number": 413,
    "CALLE_precision": 0.9228971962616822,
    "CALLE_recall": 0.9564164648910412,
    "CENTRO_SALUD_f1": 0.9090909090909091,
    "CENTRO_SALUD_number": 6,
    "CENTRO_SALUD_precision": 1.0,
    "CENTRO_SALUD_recall": 0.8333333333333334,
    "CORREO_ELECTRONICO_f1": 0.972,
    "CORREO_ELECTRONICO_number": 249,
    "CORREO_ELECTRONICO_precision": 0.9681274900398407,
    "CORREO_ELECTRONICO_recall": 0.9759036144578314,
    "EDAD_SUJETO_ASISTENCIA_f1": 0.9818529130850048,
    "EDAD_SUJETO_ASISTENCIA_number": 518,
    "EDAD_SUJETO_ASISTENCIA_precision": 0.9716446124763705,
    "EDAD_SUJETO_ASISTENCIA_recall": 0.9922779922779923,
    "FAMILIARES_SUJETO_ASISTENCIA_f1": 0.7602339181286549,
    "FAMILIARES_SUJETO_ASISTENCIA_number": 81,
    "FAMILIARES_SUJETO_ASISTENCIA_precision": 0.7222222222222222,
    "FAMILIARES_SUJETO_ASISTENCIA_recall": 0.8024691358024691,
    "FECHAS_f1": 0.9820846905537459,
    "FECHAS_number": 611,
    "FECHAS_precision": 0.9773095623987034,
    "FECHAS_recall": 0.9869067103109657,
    "HOSPITAL_f1": 0.9249011857707511,
    "HOSPITAL_number": 130,
    "HOSPITAL_precision": 0.9512195121951219,
    "HOSPITAL_recall": 0.9,
    "ID_ASEGURAMIENTO_f1": 0.9974683544303797,
    "ID_ASEGURAMIENTO_number": 198,
    "ID_ASEGURAMIENTO_precision": 1.0,
    "ID_ASEGURAMIENTO_recall": 0.9949494949494949,
    "ID_CONTACTO_ASISTENCIAL_f1": 1.0,
    "ID_CONTACTO_ASISTENCIAL_number": 39,
    "ID_CONTACTO_ASISTENCIAL_precision": 1.0,
    "ID_CONTACTO_ASISTENCIAL_recall": 1.0,
    "ID_SUJETO_ASISTENCIA_f1": 0.9894736842105264,
    "ID_SUJETO_ASISTENCIA_number": 283,
    "ID_SUJETO_ASISTENCIA_precision": 0.9825783972125436,
    "ID_SUJETO_ASISTENCIA_recall": 0.9964664310954063,
    "ID_TITULACION_PERSONAL_SANITARIO_f1": 0.9978678038379531,
    "ID_TITULACION_PERSONAL_SANITARIO_number": 234,
    "ID_TITULACION_PERSONAL_SANITARIO_precision": 0.9957446808510638,
    "ID_TITULACION_PERSONAL_SANITARIO_recall": 1.0,
    "INSTITUCION_f1": 0.5,
    "INSTITUCION_number": 67,
    "INSTITUCION_precision": 0.4567901234567901,
    "INSTITUCION_recall": 0.5522388059701493,
    "NOMBRE_PERSONAL_SANITARIO_f1": 0.9960159362549801,
    "NOMBRE_PERSONAL_SANITARIO_number": 501,
    "NOMBRE_PERSONAL_SANITARIO_precision": 0.9940357852882704,
    "NOMBRE_PERSONAL_SANITARIO_recall": 0.998003992015968,
    "NOMBRE_SUJETO_ASISTENCIA_f1": 1.0,
    "NOMBRE_SUJETO_ASISTENCIA_number": 502,
    "NOMBRE_SUJETO_ASISTENCIA_precision": 1.0,
    "NOMBRE_SUJETO_ASISTENCIA_recall": 1.0,
    "NUMERO_FAX_f1": 0.7999999999999999,
    "NUMERO_FAX_number": 7,
    "NUMERO_FAX_precision": 0.75,
    "NUMERO_FAX_recall": 0.8571428571428571,
    "NUMERO_TELEFONO_f1": 0.9056603773584906,
    "NUMERO_TELEFONO_number": 26,
    "NUMERO_TELEFONO_precision": 0.8888888888888888,
    "NUMERO_TELEFONO_recall": 0.9230769230769231,
    "OTROS_SUJETO_ASISTENCIA_f1": 0.0,
    "OTROS_SUJETO_ASISTENCIA_number": 7,
    "OTROS_SUJETO_ASISTENCIA_precision": 0.0,
    "OTROS_SUJETO_ASISTENCIA_recall": 0.0,
    "PAIS_f1": 0.9876543209876544,
    "PAIS_number": 363,
    "PAIS_precision": 0.9836065573770492,
    "PAIS_recall": 0.9917355371900827,
    "PROFESION_f1": 0.64,
    "PROFESION_number": 9,
    "PROFESION_precision": 0.5,
    "PROFESION_recall": 0.8888888888888888,
    "SEXO_SUJETO_ASISTENCIA_f1": 0.9902702702702704,
    "SEXO_SUJETO_ASISTENCIA_number": 461,
    "SEXO_SUJETO_ASISTENCIA_precision": 0.9870689655172413,
    "SEXO_SUJETO_ASISTENCIA_recall": 0.9934924078091106,
    "TERRITORIO_f1": 0.9749478079331941,
    "TERRITORIO_number": 956,
    "TERRITORIO_precision": 0.9729166666666667,
    "TERRITORIO_recall": 0.9769874476987448,
    "epoch": 10.0,
    "eval_CALLE_f1": 0.9206703910614524,
    "eval_CALLE_number": 446,
    "eval_CALLE_precision": 0.9175946547884187,
    "eval_CALLE_recall": 0.9237668161434978,
    "eval_CENTRO_SALUD_f1": 0.5,
    "eval_CENTRO_SALUD_number": 2,
    "eval_CENTRO_SALUD_precision": 0.5,
    "eval_CENTRO_SALUD_recall": 0.5,
    "eval_CORREO_ELECTRONICO_f1": 0.9753086419753086,
    "eval_CORREO_ELECTRONICO_number": 240,
    "eval_CORREO_ELECTRONICO_precision": 0.9634146341463414,
    "eval_CORREO_ELECTRONICO_recall": 0.9875,
    "eval_EDAD_SUJETO_ASISTENCIA_f1": 0.9558541266794626,
    "eval_EDAD_SUJETO_ASISTENCIA_number": 531,
    "eval_EDAD_SUJETO_ASISTENCIA_precision": 0.974559686888454,
    "eval_EDAD_SUJETO_ASISTENCIA_recall": 0.9378531073446328,
    "eval_FAMILIARES_SUJETO_ASISTENCIA_f1": 0.736318407960199,
    "eval_FAMILIARES_SUJETO_ASISTENCIA_number": 102,
    "eval_FAMILIARES_SUJETO_ASISTENCIA_precision": 0.7474747474747475,
    "eval_FAMILIARES_SUJETO_ASISTENCIA_recall": 0.7254901960784313,
    "eval_FECHAS_f1": 0.9579500657030223,
    "eval_FECHAS_number": 762,
    "eval_FECHAS_precision": 0.9592105263157895,
    "eval_FECHAS_recall": 0.9566929133858267,
    "eval_HOSPITAL_f1": 0.8754208754208754,
    "eval_HOSPITAL_number": 151,
    "eval_HOSPITAL_precision": 0.8904109589041096,
    "eval_HOSPITAL_recall": 0.8609271523178808,
    "eval_ID_ASEGURAMIENTO_f1": 0.9818181818181818,
    "eval_ID_ASEGURAMIENTO_number": 194,
    "eval_ID_ASEGURAMIENTO_precision": 0.9895287958115183,
    "eval_ID_ASEGURAMIENTO_recall": 0.9742268041237113,
    "eval_ID_CONTACTO_ASISTENCIAL_f1": 0.9393939393939394,
    "eval_ID_CONTACTO_ASISTENCIAL_number": 33,
    "eval_ID_CONTACTO_ASISTENCIAL_precision": 0.9393939393939394,
    "eval_ID_CONTACTO_ASISTENCIAL_recall": 0.9393939393939394,
    "eval_ID_SUJETO_ASISTENCIA_f1": 0.9484536082474226,
    "eval_ID_SUJETO_ASISTENCIA_number": 293,
    "eval_ID_SUJETO_ASISTENCIA_precision": 0.9550173010380623,
    "eval_ID_SUJETO_ASISTENCIA_recall": 0.9419795221843004,
    "eval_ID_TITULACION_PERSONAL_SANITARIO_f1": 0.9668874172185431,
    "eval_ID_TITULACION_PERSONAL_SANITARIO_number": 229,
    "eval_ID_TITULACION_PERSONAL_SANITARIO_precision": 0.9776785714285714,
    "eval_ID_TITULACION_PERSONAL_SANITARIO_recall": 0.9563318777292577,
    "eval_INSTITUCION_f1": 0.7142857142857143,
    "eval_INSTITUCION_number": 81,
    "eval_INSTITUCION_precision": 0.6435643564356436,
    "eval_INSTITUCION_recall": 0.8024691358024691,
    "eval_NOMBRE_PERSONAL_SANITARIO_f1": 0.9561068702290076,
    "eval_NOMBRE_PERSONAL_SANITARIO_number": 526,
    "eval_NOMBRE_PERSONAL_SANITARIO_precision": 0.9597701149425287,
    "eval_NOMBRE_PERSONAL_SANITARIO_recall": 0.9524714828897338,
    "eval_NOMBRE_SUJETO_ASISTENCIA_f1": 0.9808274470232089,
    "eval_NOMBRE_SUJETO_ASISTENCIA_number": 503,
    "eval_NOMBRE_SUJETO_ASISTENCIA_precision": 0.9959016393442623,
    "eval_NOMBRE_SUJETO_ASISTENCIA_recall": 0.9662027833001988,
    "eval_NUMERO_FAX_f1": 0.9090909090909091,
    "eval_NUMERO_FAX_number": 6,
    "eval_NUMERO_FAX_precision": 1.0,
    "eval_NUMERO_FAX_recall": 0.8333333333333334,
    "eval_NUMERO_TELEFONO_f1": 0.8461538461538461,
    "eval_NUMERO_TELEFONO_number": 25,
    "eval_NUMERO_TELEFONO_precision": 0.8148148148148148,
    "eval_NUMERO_TELEFONO_recall": 0.88,
    "eval_OTROS_SUJETO_ASISTENCIA_f1": 0.0,
    "eval_OTROS_SUJETO_ASISTENCIA_number": 6,
    "eval_OTROS_SUJETO_ASISTENCIA_precision": 0.0,
    "eval_OTROS_SUJETO_ASISTENCIA_recall": 0.0,
    "eval_PAIS_f1": 0.9756795422031473,
    "eval_PAIS_number": 353,
    "eval_PAIS_precision": 0.9855491329479769,
    "eval_PAIS_recall": 0.9660056657223796,
    "eval_PROFESION_f1": 0.6,
    "eval_PROFESION_number": 4,
    "eval_PROFESION_precision": 0.5,
    "eval_PROFESION_recall": 0.75,
    "eval_SEXO_SUJETO_ASISTENCIA_f1": 0.9671772428884026,
    "eval_SEXO_SUJETO_ASISTENCIA_number": 462,
    "eval_SEXO_SUJETO_ASISTENCIA_precision": 0.9778761061946902,
    "eval_SEXO_SUJETO_ASISTENCIA_recall": 0.9567099567099567,
    "eval_TERRITORIO_f1": 0.966616841056303,
    "eval_TERRITORIO_number": 1006,
    "eval_TERRITORIO_precision": 0.9690309690309691,
    "eval_TERRITORIO_recall": 0.9642147117296223,
    "eval_loss": 0.04935348778963089,