{
    "epoch": 10.0,
    "eval_CALLE_f1": 0.9206703910614524,
    "eval_CALLE_number": 446,
    "eval_CALLE_precision": 0.9175946547884187,
    "eval_CALLE_recall": 0.9237668161434978,
    "eval_CENTRO_SALUD_f1": 0.5,
    "eval_CENTRO_SALUD_number": 2,
    "eval_CENTRO_SALUD_precision": 0.5,
    "eval_CENTRO_SALUD_recall": 0.5,
    "eval_CORREO_ELECTRONICO_f1": 0.9753086419753086,
    "eval_CORREO_ELECTRONICO_number": 240,
    "eval_CORREO_ELECTRONICO_precision": 0.9634146341463414,
    "eval_CORREO_ELECTRONICO_recall": 0.9875,
    "eval_EDAD_SUJETO_ASISTENCIA_f1": 0.9558541266794626,
    "eval_EDAD_SUJETO_ASISTENCIA_number": 531,
    "eval_EDAD_SUJETO_ASISTENCIA_precision": 0.974559686888454,
    "eval_EDAD_SUJETO_ASISTENCIA_recall": 0.9378531073446328,
    "eval_FAMILIARES_SUJETO_ASISTENCIA_f1": 0.736318407960199,
    "eval_FAMILIARES_SUJETO_ASISTENCIA_number": 102,
    "eval_FAMILIARES_SUJETO_ASISTENCIA_precision": 0.7474747474747475,
    "eval_FAMILIARES_SUJETO_ASISTENCIA_recall": 0.7254901960784313,
    "eval_FECHAS_f1": 0.9579500657030223,
    "eval_FECHAS_number": 762,
    "eval_FECHAS_precision": 0.9592105263157895,
    "eval_FECHAS_recall": 0.9566929133858267,
    "eval_HOSPITAL_f1": 0.8754208754208754,
    "eval_HOSPITAL_number": 151,
    "eval_HOSPITAL_precision": 0.8904109589041096,
    "eval_HOSPITAL_recall": 0.8609271523178808,
    "eval_ID_ASEGURAMIENTO_f1": 0.9818181818181818,
    "eval_ID_ASEGURAMIENTO_number": 194,
    "eval_ID_ASEGURAMIENTO_precision": 0.9895287958115183,
    "eval_ID_ASEGURAMIENTO_recall": 0.9742268041237113,
    "eval_ID_CONTACTO_ASISTENCIAL_f1": 0.9393939393939394,
    "eval_ID_CONTACTO_ASISTENCIAL_number": 33,
    "eval_ID_CONTACTO_ASISTENCIAL_precision": 0.9393939393939394,
    "eval_ID_CONTACTO_ASISTENCIAL_recall": 0.9393939393939394,
    "eval_ID_SUJETO_ASISTENCIA_f1": 0.9484536082474226,
    "eval_ID_SUJETO_ASISTENCIA_number": 293,
    "eval_ID_SUJETO_ASISTENCIA_precision": 0.9550173010380623,
    "eval_ID_SUJETO_ASISTENCIA_recall": 0.9419795221843004,
    "eval_ID_TITULACION_PERSONAL_SANITARIO_f1": 0.9668874172185431,
    "eval_ID_TITULACION_PERSONAL_SANITARIO_number": 229,
    "eval_ID_TITULACION_PERSONAL_SANITARIO_precision": 0.9776785714285714,
    "eval_ID_TITULACION_PERSONAL_SANITARIO_recall": 0.9563318777292577,
    "eval_INSTITUCION_f1": 0.7142857142857143,
    "eval_INSTITUCION_number": 81,
    "eval_INSTITUCION_precision": 0.6435643564356436,
    "eval_INSTITUCION_recall": 0.8024691358024691,
    "eval_NOMBRE_PERSONAL_SANITARIO_f1": 0.9561068702290076,
    "eval_NOMBRE_PERSONAL_SANITARIO_number": 526,
    "eval_NOMBRE_PERSONAL_SANITARIO_precision": 0.9597701149425287,
    "eval_NOMBRE_PERSONAL_SANITARIO_recall": 0.9524714828897338,
    "eval_NOMBRE_SUJETO_ASISTENCIA_f1": 0.9808274470232089,
    "eval_NOMBRE_SUJETO_ASISTENCIA_number": 503,
    "eval_NOMBRE_SUJETO_ASISTENCIA_precision": 0.9959016393442623,
    "eval_NOMBRE_SUJETO_ASISTENCIA_recall": 0.9662027833001988,
    "eval_NUMERO_FAX_f1": 0.9090909090909091,
    "eval_NUMERO_FAX_number": 6,
    "eval_NUMERO_FAX_precision": 1.0,
    "eval_NUMERO_FAX_recall": 0.8333333333333334,
    "eval_NUMERO_TELEFONO_f1": 0.8461538461538461,
    "eval_NUMERO_TELEFONO_number": 25,
    "eval_NUMERO_TELEFONO_precision": 0.8148148148148148,
    "eval_NUMERO_TELEFONO_recall": 0.88,
    "eval_OTROS_SUJETO_ASISTENCIA_f1": 0.0,
    "eval_OTROS_SUJETO_ASISTENCIA_number": 6,
    "eval_OTROS_SUJETO_ASISTENCIA_precision": 0.0,
    "eval_OTROS_SUJETO_ASISTENCIA_recall": 0.0,
    "eval_PAIS_f1": 0.9756795422031473,
    "eval_PAIS_number": 353,
    "eval_PAIS_precision": 0.9855491329479769,
    "eval_PAIS_recall": 0.9660056657223796,
    "eval_PROFESION_f1": 0.6,
    "eval_PROFESION_number": 4,
    "eval_PROFESION_precision": 0.5,
    "eval_PROFESION_recall": 0.75,
    "eval_SEXO_SUJETO_ASISTENCIA_f1": 0.9671772428884026,
    "eval_SEXO_SUJETO_ASISTENCIA_number": 462,
    "eval_SEXO_SUJETO_ASISTENCIA_precision": 0.9778761061946902,
    "eval_SEXO_SUJETO_ASISTENCIA_recall": 0.9567099567099567,
    "eval_TERRITORIO_f1": 0.966616841056303,
    "eval_TERRITORIO_number": 1006,
    "eval_TERRITORIO_precision": 0.9690309690309691,
    "eval_TERRITORIO_recall": 0.9642147117296223,
    "eval_loss": 0.04935348778963089,
    "eval_overall_accuracy": 0.9919911585562279,
    "eval_overall_f1": 0.9499789118515394,
    "eval_overall_precision": 0.954406779661017,
    "eval_overall_recall": 0.9455919395465995,
    "eval_runtime": 6.912,
    "eval_samples_per_second": 70.891,
    "eval_steps_per_second": 8.97
}