{
    "CALLE_f1": 0.9393579072532698,
    "CALLE_number": 413,
    "CALLE_precision": 0.9228971962616822,
    "CALLE_recall": 0.9564164648910412,
    "CENTRO_SALUD_f1": 0.9090909090909091,
    "CENTRO_SALUD_number": 6,
    "CENTRO_SALUD_precision": 1.0,
    "CENTRO_SALUD_recall": 0.8333333333333334,
    "CORREO_ELECTRONICO_f1": 0.972,
    "CORREO_ELECTRONICO_number": 249,
    "CORREO_ELECTRONICO_precision": 0.9681274900398407,
    "CORREO_ELECTRONICO_recall": 0.9759036144578314,
    "EDAD_SUJETO_ASISTENCIA_f1": 0.9818529130850048,
    "EDAD_SUJETO_ASISTENCIA_number": 518,
    "EDAD_SUJETO_ASISTENCIA_precision": 0.9716446124763705,
    "EDAD_SUJETO_ASISTENCIA_recall": 0.9922779922779923,
    "FAMILIARES_SUJETO_ASISTENCIA_f1": 0.7602339181286549,
    "FAMILIARES_SUJETO_ASISTENCIA_number": 81,
    "FAMILIARES_SUJETO_ASISTENCIA_precision": 0.7222222222222222,
    "FAMILIARES_SUJETO_ASISTENCIA_recall": 0.8024691358024691,
    "FECHAS_f1": 0.9820846905537459,
    "FECHAS_number": 611,
    "FECHAS_precision": 0.9773095623987034,
    "FECHAS_recall": 0.9869067103109657,
    "HOSPITAL_f1": 0.9249011857707511,
    "HOSPITAL_number": 130,
    "HOSPITAL_precision": 0.9512195121951219,
    "HOSPITAL_recall": 0.9,
    "ID_ASEGURAMIENTO_f1": 0.9974683544303797,
    "ID_ASEGURAMIENTO_number": 198,
    "ID_ASEGURAMIENTO_precision": 1.0,
    "ID_ASEGURAMIENTO_recall": 0.9949494949494949,
    "ID_CONTACTO_ASISTENCIAL_f1": 1.0,
    "ID_CONTACTO_ASISTENCIAL_number": 39,
    "ID_CONTACTO_ASISTENCIAL_precision": 1.0,
    "ID_CONTACTO_ASISTENCIAL_recall": 1.0,
    "ID_SUJETO_ASISTENCIA_f1": 0.9894736842105264,
    "ID_SUJETO_ASISTENCIA_number": 283,
    "ID_SUJETO_ASISTENCIA_precision": 0.9825783972125436,
    "ID_SUJETO_ASISTENCIA_recall": 0.9964664310954063,
    "ID_TITULACION_PERSONAL_SANITARIO_f1": 0.9978678038379531,
    "ID_TITULACION_PERSONAL_SANITARIO_number": 234,
    "ID_TITULACION_PERSONAL_SANITARIO_precision": 0.9957446808510638,
    "ID_TITULACION_PERSONAL_SANITARIO_recall": 1.0,
    "INSTITUCION_f1": 0.5,
    "INSTITUCION_number": 67,
    "INSTITUCION_precision": 0.4567901234567901,
    "INSTITUCION_recall": 0.5522388059701493,
    "NOMBRE_PERSONAL_SANITARIO_f1": 0.9960159362549801,
    "NOMBRE_PERSONAL_SANITARIO_number": 501,
    "NOMBRE_PERSONAL_SANITARIO_precision": 0.9940357852882704,
    "NOMBRE_PERSONAL_SANITARIO_recall": 0.998003992015968,
    "NOMBRE_SUJETO_ASISTENCIA_f1": 1.0,
    "NOMBRE_SUJETO_ASISTENCIA_number": 502,
    "NOMBRE_SUJETO_ASISTENCIA_precision": 1.0,
    "NOMBRE_SUJETO_ASISTENCIA_recall": 1.0,
    "NUMERO_FAX_f1": 0.7999999999999999,
    "NUMERO_FAX_number": 7,
    "NUMERO_FAX_precision": 0.75,
    "NUMERO_FAX_recall": 0.8571428571428571,
    "NUMERO_TELEFONO_f1": 0.9056603773584906,
    "NUMERO_TELEFONO_number": 26,
    "NUMERO_TELEFONO_precision": 0.8888888888888888,
    "NUMERO_TELEFONO_recall": 0.9230769230769231,
    "OTROS_SUJETO_ASISTENCIA_f1": 0.0,
    "OTROS_SUJETO_ASISTENCIA_number": 7,
    "OTROS_SUJETO_ASISTENCIA_precision": 0.0,
    "OTROS_SUJETO_ASISTENCIA_recall": 0.0,
    "PAIS_f1": 0.9876543209876544,
    "PAIS_number": 363,
    "PAIS_precision": 0.9836065573770492,
    "PAIS_recall": 0.9917355371900827,
    "PROFESION_f1": 0.64,
    "PROFESION_number": 9,
    "PROFESION_precision": 0.5,
    "PROFESION_recall": 0.8888888888888888,
    "SEXO_SUJETO_ASISTENCIA_f1": 0.9902702702702704,
    "SEXO_SUJETO_ASISTENCIA_number": 461,
    "SEXO_SUJETO_ASISTENCIA_precision": 0.9870689655172413,
    "SEXO_SUJETO_ASISTENCIA_recall": 0.9934924078091106,
    "TERRITORIO_f1": 0.9749478079331941,
    "TERRITORIO_number": 956,
    "TERRITORIO_precision": 0.9729166666666667,
    "TERRITORIO_recall": 0.9769874476987448,
    "overall_accuracy": 0.9968159179324528,
    "overall_f1": 0.9697980684811238,
    "overall_precision": 0.9640425903299005,
    "overall_recall": 0.9756226815050344
}