{
    "DIAGNOSTICO_f1": 0.6818374558303886,
    "DIAGNOSTICO_number": 3491,
    "DIAGNOSTICO_precision": 0.6729910714285714,
    "DIAGNOSTICO_recall": 0.6909195073044972,
    "PROCEDIMIENTO_f1": 0.5988742964352721,
    "PROCEDIMIENTO_number": 1241,
    "PROCEDIMIENTO_precision": 0.5603932584269663,
    "PROCEDIMIENTO_recall": 0.6430298146655923,
    "epoch": 9.704,
    "eval_DIAGNOSTICO_f1": 0.6649926144756277,
    "eval_DIAGNOSTICO_number": 3342,
    "eval_DIAGNOSTICO_precision": 0.6566511085180864,
    "eval_DIAGNOSTICO_recall": 0.6735487731897067,
    "eval_PROCEDIMIENTO_f1": 0.5840220385674931,
    "eval_PROCEDIMIENTO_number": 1205,
    "eval_PROCEDIMIENTO_precision": 0.5553892215568862,
    "eval_PROCEDIMIENTO_recall": 0.6157676348547718,
    "eval_loss": 0.16565001010894775,
    "eval_overall_accuracy": 0.9542013367889783,
    "eval_overall_f1": 0.6428954999463,
    "eval_overall_precision": 0.6282535684298909,
    "eval_overall_recall": 0.6582361996921047,
    "eval_runtime": 11.1649,
    "eval_samples_per_second": 22.392,
    "eval_steps_per_second": 5.643,
    "overall_accuracy": 0.9545862699918677,
    "overall_f1": 0.6591375770020533,
    "overall_precision": 0.6409744408945687,
    "overall_recall": 0.6783601014370245,
    "total_flos": 2238419295076032.0,
    "train_loss": 0.08404950172670426,
    "train_runtime": 1167.6775,
    "train_samples_per_second": 4.282,
    "train_steps_per_second": 0.265
}