{
    "DIAGNOSTICO_f1": 0.6818374558303886,
    "DIAGNOSTICO_number": 3491,
    "DIAGNOSTICO_precision": 0.6729910714285714,
    "DIAGNOSTICO_recall": 0.6909195073044972,
    "PROCEDIMIENTO_f1": 0.5988742964352721,
    "PROCEDIMIENTO_number": 1241,
    "PROCEDIMIENTO_precision": 0.5603932584269663,
    "PROCEDIMIENTO_recall": 0.6430298146655923,
    "overall_accuracy": 0.9545862699918677,
    "overall_f1": 0.6591375770020533,
    "overall_precision": 0.6409744408945687,
    "overall_recall": 0.6783601014370245
}