{
    "SINTOMA_f1": 0.6758163748225272,
    "SINTOMA_number": 3081,
    "SINTOMA_precision": 0.6574585635359116,
    "SINTOMA_recall": 0.6952288218111002,
    "epoch": 9.87248322147651,
    "eval_SINTOMA_f1": 0.6618444846292947,
    "eval_SINTOMA_number": 1827,
    "eval_SINTOMA_precision": 0.6267123287671232,
    "eval_SINTOMA_recall": 0.7011494252873564,
    "eval_loss": 0.32703086733818054,
    "eval_overall_accuracy": 0.9451969778737183,
    "eval_overall_f1": 0.6618444846292947,
    "eval_overall_precision": 0.6267123287671232,
    "eval_overall_recall": 0.7011494252873564,
    "eval_runtime": 3.6555,
    "eval_samples_per_second": 40.761,
    "eval_steps_per_second": 10.395,
    "overall_accuracy": 0.9440669284616698,
    "overall_f1": 0.6758163748225272,
    "overall_precision": 0.6574585635359116,
    "overall_recall": 0.6952288218111002,
    "total_flos": 2700586367156160.0,
    "train_loss": 0.05400983707324879,
    "train_runtime": 677.1371,
    "train_samples_per_second": 8.787,
    "train_steps_per_second": 1.093
}