{
    "epoch": 9.87248322147651,
    "total_flos": 2700586367156160.0,
    "train_loss": 0.05400983707324879,
    "train_runtime": 677.1371,
    "train_samples_per_second": 8.787,
    "train_steps_per_second": 1.093
}