{
    "FAMILIAR_f1": 0.6260869565217391,
    "FAMILIAR_number": 51,
    "FAMILIAR_precision": 0.5625,
    "FAMILIAR_recall": 0.7058823529411765,
    "OTROS_f1": 0.6787003610108303,
    "OTROS_number": 146,
    "OTROS_precision": 0.7175572519083969,
    "OTROS_recall": 0.6438356164383562,
    "PACIENTE_f1": 0.6812227074235809,
    "PACIENTE_number": 588,
    "PACIENTE_precision": 0.7001795332136446,
    "PACIENTE_recall": 0.6632653061224489,
    "SANITARIO_f1": 0.9233333333333333,
    "SANITARIO_number": 291,
    "SANITARIO_precision": 0.8964401294498382,
    "SANITARIO_recall": 0.9518900343642611,
    "epoch": 10.0,
    "eval_FAMILIAR_f1": 0.7115384615384616,
    "eval_FAMILIAR_number": 45,
    "eval_FAMILIAR_precision": 0.6271186440677966,
    "eval_FAMILIAR_recall": 0.8222222222222222,
    "eval_OTROS_f1": 0.685121107266436,
    "eval_OTROS_number": 160,
    "eval_OTROS_precision": 0.7674418604651163,
    "eval_OTROS_recall": 0.61875,
    "eval_PACIENTE_f1": 0.6702557200538358,
    "eval_PACIENTE_number": 351,
    "eval_PACIENTE_precision": 0.6352040816326531,
    "eval_PACIENTE_recall": 0.7094017094017094,
    "eval_SANITARIO_f1": 0.8775510204081634,
    "eval_SANITARIO_number": 283,
    "eval_SANITARIO_precision": 0.8459016393442623,
    "eval_SANITARIO_recall": 0.911660777385159,
    "eval_loss": 0.01586315408349037,
    "eval_overall_accuracy": 0.996881854319817,
    "eval_overall_f1": 0.7459396751740139,
    "eval_overall_precision": 0.7265536723163842,
    "eval_overall_recall": 0.766388557806913,
    "eval_runtime": 11.0198,
    "eval_samples_per_second": 77.043,
    "eval_steps_per_second": 9.71,
    "overall_accuracy": 0.9960682227231177,
    "overall_f1": 0.745905474964904,
    "overall_precision": 0.7511781338360037,
    "overall_recall": 0.7407063197026023,
    "total_flos": 9415287968901120.0,
    "train_loss": 0.007578249625188449,
    "train_runtime": 1793.4137,
    "train_samples_per_second": 20.09,
    "train_steps_per_second": 2.515
}