{
    "epoch": 10.0,
    "eval_FAMILIAR_f1": 0.7115384615384616,
    "eval_FAMILIAR_number": 45,
    "eval_FAMILIAR_precision": 0.6271186440677966,
    "eval_FAMILIAR_recall": 0.8222222222222222,
    "eval_OTROS_f1": 0.685121107266436,
    "eval_OTROS_number": 160,
    "eval_OTROS_precision": 0.7674418604651163,
    "eval_OTROS_recall": 0.61875,
    "eval_PACIENTE_f1": 0.6702557200538358,
    "eval_PACIENTE_number": 351,
    "eval_PACIENTE_precision": 0.6352040816326531,
    "eval_PACIENTE_recall": 0.7094017094017094,
    "eval_SANITARIO_f1": 0.8775510204081634,
    "eval_SANITARIO_number": 283,
    "eval_SANITARIO_precision": 0.8459016393442623,
    "eval_SANITARIO_recall": 0.911660777385159,
    "eval_loss": 0.01586315408349037,
    "eval_overall_accuracy": 0.996881854319817,
    "eval_overall_f1": 0.7459396751740139,
    "eval_overall_precision": 0.7265536723163842,
    "eval_overall_recall": 0.766388557806913,
    "eval_runtime": 11.0198,
    "eval_samples_per_second": 77.043,
    "eval_steps_per_second": 9.71
}