{
    "ACTIVIDAD_f1": 0.30769230769230765,
    "ACTIVIDAD_number": 28,
    "ACTIVIDAD_precision": 0.3333333333333333,
    "ACTIVIDAD_recall": 0.2857142857142857,
    "PROFESION_f1": 0.828673835125448,
    "PROFESION_number": 695,
    "PROFESION_precision": 0.8257142857142857,
    "PROFESION_recall": 0.8316546762589928,
    "SITUACION_LABORAL_f1": 0.6031746031746031,
    "SITUACION_LABORAL_number": 356,
    "SITUACION_LABORAL_precision": 0.6201780415430267,
    "SITUACION_LABORAL_recall": 0.5870786516853933,
    "epoch": 10.0,
    "eval_ACTIVIDAD_f1": 0.30769230769230765,
    "eval_ACTIVIDAD_number": 18,
    "eval_ACTIVIDAD_precision": 0.2857142857142857,
    "eval_ACTIVIDAD_recall": 0.3333333333333333,
    "eval_PROFESION_f1": 0.8427299703264096,
    "eval_PROFESION_number": 495,
    "eval_PROFESION_precision": 0.8255813953488372,
    "eval_PROFESION_recall": 0.8606060606060606,
    "eval_SITUACION_LABORAL_f1": 0.626943005181347,
    "eval_SITUACION_LABORAL_number": 175,
    "eval_SITUACION_LABORAL_precision": 0.5734597156398105,
    "eval_SITUACION_LABORAL_recall": 0.6914285714285714,
    "eval_loss": 0.01642516814172268,
    "eval_overall_accuracy": 0.9969063498768941,
    "eval_overall_f1": 0.7701949860724233,
    "eval_overall_precision": 0.7393048128342246,
    "eval_overall_recall": 0.8037790697674418,
    "eval_runtime": 15.8934,
    "eval_samples_per_second": 16.422,
    "eval_steps_per_second": 4.153,
    "overall_accuracy": 0.995973370136286,
    "overall_f1": 0.7429906542056075,
    "overall_precision": 0.7492931196983977,
    "overall_recall": 0.736793327154773,
    "total_flos": 9905464568611200.0,
    "train_loss": 0.011127726290062184,
    "train_runtime": 2780.1386,
    "train_samples_per_second": 3.77,
    "train_steps_per_second": 0.471
}