{
    "ACTIVIDAD_f1": 0.30769230769230765,
    "ACTIVIDAD_number": 28,
    "ACTIVIDAD_precision": 0.3333333333333333,
    "ACTIVIDAD_recall": 0.2857142857142857,
    "PROFESION_f1": 0.828673835125448,
    "PROFESION_number": 695,
    "PROFESION_precision": 0.8257142857142857,
    "PROFESION_recall": 0.8316546762589928,
    "SITUACION_LABORAL_f1": 0.6031746031746031,
    "SITUACION_LABORAL_number": 356,
    "SITUACION_LABORAL_precision": 0.6201780415430267,
    "SITUACION_LABORAL_recall": 0.5870786516853933,
    "overall_accuracy": 0.995973370136286,
    "overall_f1": 0.7429906542056075,
    "overall_precision": 0.7492931196983977,
    "overall_recall": 0.736793327154773
}