{
    "ENFERMEDAD_f1": 0.7176047319958534,
    "ENFERMEDAD_number": 7784,
    "ENFERMEDAD_precision": 0.6829947765525247,
    "ENFERMEDAD_recall": 0.7559095580678314,
    "epoch": 10.0,
    "eval_ENFERMEDAD_f1": 0.7130901188329404,
    "eval_ENFERMEDAD_number": 10305,
    "eval_ENFERMEDAD_precision": 0.681063416357534,
    "eval_ENFERMEDAD_recall": 0.7482775351770985,
    "eval_loss": 0.21385182440280914,
    "eval_overall_accuracy": 0.9646237650421491,
    "eval_overall_f1": 0.7130901188329404,
    "eval_overall_precision": 0.681063416357534,
    "eval_overall_recall": 0.7482775351770985,
    "eval_runtime": 23.1514,
    "eval_samples_per_second": 12.829,
    "eval_steps_per_second": 3.24,
    "overall_accuracy": 0.9661094919052485,
    "overall_f1": 0.7176047319958534,
    "overall_precision": 0.6829947765525247,
    "overall_recall": 0.7559095580678314,
    "total_flos": 4615462244332800.0,
    "train_loss": 0.02866331522464752,
    "train_runtime": 1959.1751,
    "train_samples_per_second": 5.104,
    "train_steps_per_second": 0.638
}