{
    "ENFERMEDAD_f1": 0.7176047319958534,
    "ENFERMEDAD_number": 7784,
    "ENFERMEDAD_precision": 0.6829947765525247,
    "ENFERMEDAD_recall": 0.7559095580678314,
    "overall_accuracy": 0.9661094919052485,
    "overall_f1": 0.7176047319958534,
    "overall_precision": 0.6829947765525247,
    "overall_recall": 0.7559095580678314
}