{
    "FAMILIAR_f1": 0.17307692307692307,
    "FAMILIAR_number": 51,
    "FAMILIAR_precision": 0.16981132075471697,
    "FAMILIAR_recall": 0.17647058823529413,
    "OTROS_f1": 0.5827814569536424,
    "OTROS_number": 146,
    "OTROS_precision": 0.5641025641025641,
    "OTROS_recall": 0.6027397260273972,
    "PACIENTE_f1": 0.5891980360065466,
    "PACIENTE_number": 590,
    "PACIENTE_precision": 0.569620253164557,
    "PACIENTE_recall": 0.6101694915254238,
    "SANITARIO_f1": 0.8777219430485762,
    "SANITARIO_number": 291,
    "SANITARIO_precision": 0.8562091503267973,
    "SANITARIO_recall": 0.9003436426116839,
    "epoch": 9.97338403041825,
    "eval_FAMILIAR_f1": 0.29545454545454547,
    "eval_FAMILIAR_number": 41,
    "eval_FAMILIAR_precision": 0.2765957446808511,
    "eval_FAMILIAR_recall": 0.3170731707317073,
    "eval_OTROS_f1": 0.7131782945736433,
    "eval_OTROS_number": 132,
    "eval_OTROS_precision": 0.7301587301587301,
    "eval_OTROS_recall": 0.696969696969697,
    "eval_PACIENTE_f1": 0.5690834473324213,
    "eval_PACIENTE_number": 326,
    "eval_PACIENTE_precision": 0.5135802469135803,
    "eval_PACIENTE_recall": 0.6380368098159509,
    "eval_SANITARIO_f1": 0.8490945674044266,
    "eval_SANITARIO_number": 239,
    "eval_SANITARIO_precision": 0.8178294573643411,
    "eval_SANITARIO_recall": 0.8828451882845189,
    "eval_loss": 0.01873023621737957,
    "eval_overall_accuracy": 0.9955116535588417,
    "eval_overall_f1": 0.6658195679796696,
    "eval_overall_precision": 0.6267942583732058,
    "eval_overall_recall": 0.7100271002710027,
    "eval_runtime": 15.7351,
    "eval_samples_per_second": 16.333,
    "eval_steps_per_second": 4.131,
    "overall_accuracy": 0.9947226447940027,
    "overall_f1": 0.6462921348314606,
    "overall_precision": 0.6268526591107236,
    "overall_recall": 0.6669758812615956,
    "total_flos": 9865065149155584.0,
    "train_loss": 0.028234821557998658,
    "train_runtime": 2702.5282,
    "train_samples_per_second": 3.893,
    "train_steps_per_second": 0.118
}