{
    "epoch": 9.97338403041825,
    "eval_FAMILIAR_f1": 0.29545454545454547,
    "eval_FAMILIAR_number": 41,
    "eval_FAMILIAR_precision": 0.2765957446808511,
    "eval_FAMILIAR_recall": 0.3170731707317073,
    "eval_OTROS_f1": 0.7131782945736433,
    "eval_OTROS_number": 132,
    "eval_OTROS_precision": 0.7301587301587301,
    "eval_OTROS_recall": 0.696969696969697,
    "eval_PACIENTE_f1": 0.5690834473324213,
    "eval_PACIENTE_number": 326,
    "eval_PACIENTE_precision": 0.5135802469135803,
    "eval_PACIENTE_recall": 0.6380368098159509,
    "eval_SANITARIO_f1": 0.8490945674044266,
    "eval_SANITARIO_number": 239,
    "eval_SANITARIO_precision": 0.8178294573643411,
    "eval_SANITARIO_recall": 0.8828451882845189,
    "eval_loss": 0.01873023621737957,
    "eval_overall_accuracy": 0.9955116535588417,
    "eval_overall_f1": 0.6658195679796696,
    "eval_overall_precision": 0.6267942583732058,
    "eval_overall_recall": 0.7100271002710027,
    "eval_runtime": 15.7351,
    "eval_samples_per_second": 16.333,
    "eval_steps_per_second": 4.131
}