{
    "FAMILIAR_f1": 0.17307692307692307,
    "FAMILIAR_number": 51,
    "FAMILIAR_precision": 0.16981132075471697,
    "FAMILIAR_recall": 0.17647058823529413,
    "OTROS_f1": 0.5827814569536424,
    "OTROS_number": 146,
    "OTROS_precision": 0.5641025641025641,
    "OTROS_recall": 0.6027397260273972,
    "PACIENTE_f1": 0.5891980360065466,
    "PACIENTE_number": 590,
    "PACIENTE_precision": 0.569620253164557,
    "PACIENTE_recall": 0.6101694915254238,
    "SANITARIO_f1": 0.8777219430485762,
    "SANITARIO_number": 291,
    "SANITARIO_precision": 0.8562091503267973,
    "SANITARIO_recall": 0.9003436426116839,
    "overall_accuracy": 0.9947226447940027,
    "overall_f1": 0.6462921348314606,
    "overall_precision": 0.6268526591107236,
    "overall_recall": 0.6669758812615956
}