{
    "epoch": 9.97338403041825,
    "total_flos": 9865065149155584.0,
    "train_loss": 0.028234821557998658,
    "train_runtime": 2702.5282,
    "train_samples_per_second": 3.893,
    "train_steps_per_second": 0.118
}