{
    "epoch": 9.848,
    "eval_CALLE_f1": 0.9138920780711824,
    "eval_CALLE_number": 434,
    "eval_CALLE_precision": 0.9107551487414187,
    "eval_CALLE_recall": 0.9170506912442397,
    "eval_CENTRO_SALUD_f1": 0.0,
    "eval_CENTRO_SALUD_number": 2,
    "eval_CENTRO_SALUD_precision": 0.0,
    "eval_CENTRO_SALUD_recall": 0.0,
    "eval_CORREO_ELECTRONICO_f1": 0.9872340425531915,
    "eval_CORREO_ELECTRONICO_number": 235,
    "eval_CORREO_ELECTRONICO_precision": 0.9872340425531915,
    "eval_CORREO_ELECTRONICO_recall": 0.9872340425531915,
    "eval_EDAD_SUJETO_ASISTENCIA_f1": 0.9697560975609757,
    "eval_EDAD_SUJETO_ASISTENCIA_number": 521,
    "eval_EDAD_SUJETO_ASISTENCIA_precision": 0.9861111111111112,
    "eval_EDAD_SUJETO_ASISTENCIA_recall": 0.9539347408829175,
    "eval_FAMILIARES_SUJETO_ASISTENCIA_f1": 0.7165775401069518,
    "eval_FAMILIARES_SUJETO_ASISTENCIA_number": 92,
    "eval_FAMILIARES_SUJETO_ASISTENCIA_precision": 0.7052631578947368,
    "eval_FAMILIARES_SUJETO_ASISTENCIA_recall": 0.7282608695652174,
    "eval_FECHAS_f1": 0.9645587213342598,
    "eval_FECHAS_number": 724,
    "eval_FECHAS_precision": 0.9706293706293706,
    "eval_FECHAS_recall": 0.9585635359116023,
    "eval_HOSPITAL_f1": 0.8872727272727272,
    "eval_HOSPITAL_number": 140,
    "eval_HOSPITAL_precision": 0.9037037037037037,
    "eval_HOSPITAL_recall": 0.8714285714285714,
    "eval_ID_ASEGURAMIENTO_f1": 0.9869451697127937,
    "eval_ID_ASEGURAMIENTO_number": 194,
    "eval_ID_ASEGURAMIENTO_precision": 1.0,
    "eval_ID_ASEGURAMIENTO_recall": 0.9742268041237113,
    "eval_ID_CONTACTO_ASISTENCIAL_f1": 0.96875,
    "eval_ID_CONTACTO_ASISTENCIAL_number": 32,
    "eval_ID_CONTACTO_ASISTENCIAL_precision": 0.96875,
    "eval_ID_CONTACTO_ASISTENCIAL_recall": 0.96875,
    "eval_ID_SUJETO_ASISTENCIA_f1": 0.9450171821305842,
    "eval_ID_SUJETO_ASISTENCIA_number": 292,
    "eval_ID_SUJETO_ASISTENCIA_precision": 0.9482758620689655,
    "eval_ID_SUJETO_ASISTENCIA_recall": 0.9417808219178082,
    "eval_ID_TITULACION_PERSONAL_SANITARIO_f1": 0.9733333333333334,
    "eval_ID_TITULACION_PERSONAL_SANITARIO_number": 226,
    "eval_ID_TITULACION_PERSONAL_SANITARIO_precision": 0.9776785714285714,
    "eval_ID_TITULACION_PERSONAL_SANITARIO_recall": 0.9690265486725663,
    "eval_INSTITUCION_f1": 0.6993865030674847,
    "eval_INSTITUCION_number": 72,
    "eval_INSTITUCION_precision": 0.6263736263736264,
    "eval_INSTITUCION_recall": 0.7916666666666666,
    "eval_NOMBRE_PERSONAL_SANITARIO_f1": 0.9634146341463415,
    "eval_NOMBRE_PERSONAL_SANITARIO_number": 497,
    "eval_NOMBRE_PERSONAL_SANITARIO_precision": 0.973305954825462,
    "eval_NOMBRE_PERSONAL_SANITARIO_recall": 0.9537223340040242,
    "eval_NOMBRE_SUJETO_ASISTENCIA_f1": 0.9818181818181819,
    "eval_NOMBRE_SUJETO_ASISTENCIA_number": 503,
    "eval_NOMBRE_SUJETO_ASISTENCIA_precision": 0.997946611909651,
    "eval_NOMBRE_SUJETO_ASISTENCIA_recall": 0.9662027833001988,
    "eval_NUMERO_FAX_f1": 0.8333333333333334,
    "eval_NUMERO_FAX_number": 6,
    "eval_NUMERO_FAX_precision": 0.8333333333333334,
    "eval_NUMERO_FAX_recall": 0.8333333333333334,
    "eval_NUMERO_TELEFONO_f1": 0.8571428571428572,
    "eval_NUMERO_TELEFONO_number": 24,
    "eval_NUMERO_TELEFONO_precision": 0.84,
    "eval_NUMERO_TELEFONO_recall": 0.875,
    "eval_OTROS_SUJETO_ASISTENCIA_f1": 0.0,
    "eval_OTROS_SUJETO_ASISTENCIA_number": 6,
    "eval_OTROS_SUJETO_ASISTENCIA_precision": 0.0,
    "eval_OTROS_SUJETO_ASISTENCIA_recall": 0.0,
    "eval_PAIS_f1": 0.9797101449275363,
    "eval_PAIS_number": 347,
    "eval_PAIS_precision": 0.9854227405247813,
    "eval_PAIS_recall": 0.9740634005763689,
    "eval_PROFESION_f1": 0.5454545454545454,
    "eval_PROFESION_number": 4,
    "eval_PROFESION_precision": 0.42857142857142855,
    "eval_PROFESION_recall": 0.75,
    "eval_SEXO_SUJETO_ASISTENCIA_f1": 0.9777777777777779,
    "eval_SEXO_SUJETO_ASISTENCIA_number": 455,
    "eval_SEXO_SUJETO_ASISTENCIA_precision": 0.9887640449438202,
    "eval_SEXO_SUJETO_ASISTENCIA_recall": 0.967032967032967,
    "eval_TERRITORIO_f1": 0.9664429530201343,
    "eval_TERRITORIO_number": 975,
    "eval_TERRITORIO_precision": 0.972972972972973,
    "eval_TERRITORIO_recall": 0.96,
    "eval_loss": 0.04811633750796318,
    "eval_overall_accuracy": 0.9918623616689174,
    "eval_overall_f1": 0.954403063000348,
    "eval_overall_precision": 0.9602521449833654,
    "eval_overall_recall": 0.9486248053969901,
    "eval_runtime": 11.3936,
    "eval_samples_per_second": 21.942,
    "eval_steps_per_second": 5.529
}