{
    "SINTOMA_f1": 0.67418433318298,
    "SINTOMA_number": 3124,
    "SINTOMA_precision": 0.6356677062659484,
    "SINTOMA_recall": 0.7176696542893726,
    "epoch": 10.0,
    "eval_SINTOMA_f1": 0.6510212950890918,
    "eval_SINTOMA_number": 2091,
    "eval_SINTOMA_precision": 0.5965750696933493,
    "eval_SINTOMA_recall": 0.7164036346245816,
    "eval_loss": 0.3793935775756836,
    "eval_overall_accuracy": 0.9385271564045555,
    "eval_overall_f1": 0.6510212950890918,
    "eval_overall_precision": 0.5965750696933493,
    "eval_overall_recall": 0.7164036346245816,
    "eval_runtime": 6.4231,
    "eval_samples_per_second": 42.347,
    "eval_steps_per_second": 5.293,
    "overall_accuracy": 0.9385879751358495,
    "overall_f1": 0.67418433318298,
    "overall_precision": 0.6356677062659484,
    "overall_recall": 0.7176696542893726,
    "total_flos": 9548417225183616.0,
    "train_loss": 0.058407699599746586,
    "train_runtime": 1460.0663,
    "train_samples_per_second": 7.048,
    "train_steps_per_second": 0.884
}