{
    "NORMALIZABLES_f1": 0.9100418410041841,
    "NORMALIZABLES_number": 962,
    "NORMALIZABLES_precision": 0.9157894736842105,
    "NORMALIZABLES_recall": 0.9043659043659044,
    "NO_NORMALIZABLES_f1": 0.0,
    "NO_NORMALIZABLES_number": 10,
    "NO_NORMALIZABLES_precision": 0.0,
    "NO_NORMALIZABLES_recall": 0.0,
    "PROTEINAS_f1": 0.8492201039861352,
    "PROTEINAS_number": 830,
    "PROTEINAS_precision": 0.8157602663706992,
    "PROTEINAS_recall": 0.8855421686746988,
    "UNCLEAR_f1": 0.8235294117647058,
    "UNCLEAR_number": 34,
    "UNCLEAR_precision": 0.8235294117647058,
    "UNCLEAR_recall": 0.8235294117647058,
    "epoch": 10.0,
    "eval_NORMALIZABLES_f1": 0.9079248740265689,
    "eval_NORMALIZABLES_number": 1104,
    "eval_NORMALIZABLES_precision": 0.9184430027803522,
    "eval_NORMALIZABLES_recall": 0.8976449275362319,
    "eval_NO_NORMALIZABLES_f1": 0.16,
    "eval_NO_NORMALIZABLES_number": 16,
    "eval_NO_NORMALIZABLES_precision": 0.2222222222222222,
    "eval_NO_NORMALIZABLES_recall": 0.125,
    "eval_PROTEINAS_f1": 0.8802117802779615,
    "eval_PROTEINAS_number": 733,
    "eval_PROTEINAS_precision": 0.8547557840616966,
    "eval_PROTEINAS_recall": 0.9072305593451568,
    "eval_UNCLEAR_f1": 0.8351648351648351,
    "eval_UNCLEAR_number": 44,
    "eval_UNCLEAR_precision": 0.8085106382978723,
    "eval_UNCLEAR_recall": 0.8636363636363636,
    "eval_loss": 0.030668074265122414,
    "eval_overall_accuracy": 0.995533593668067,
    "eval_overall_f1": 0.8902887139107611,
    "eval_overall_precision": 0.886565603763722,
    "eval_overall_recall": 0.8940432261465472,
    "eval_runtime": 8.7549,
    "eval_samples_per_second": 432.557,
    "eval_steps_per_second": 27.071,
    "overall_accuracy": 0.9957885582215444,
    "overall_f1": 0.87513397642015,
    "overall_precision": 0.8612869198312236,
    "overall_recall": 0.8894335511982571,
    "total_flos": 4395826266746112.0,
    "train_loss": 0.010745176743562306,
    "train_runtime": 1165.8535,
    "train_samples_per_second": 69.726,
    "train_steps_per_second": 4.366
}