{
    "NORMALIZABLES_f1": 0.9100418410041841,
    "NORMALIZABLES_number": 962,
    "NORMALIZABLES_precision": 0.9157894736842105,
    "NORMALIZABLES_recall": 0.9043659043659044,
    "NO_NORMALIZABLES_f1": 0.0,
    "NO_NORMALIZABLES_number": 10,
    "NO_NORMALIZABLES_precision": 0.0,
    "NO_NORMALIZABLES_recall": 0.0,
    "PROTEINAS_f1": 0.8492201039861352,
    "PROTEINAS_number": 830,
    "PROTEINAS_precision": 0.8157602663706992,
    "PROTEINAS_recall": 0.8855421686746988,
    "UNCLEAR_f1": 0.8235294117647058,
    "UNCLEAR_number": 34,
    "UNCLEAR_precision": 0.8235294117647058,
    "UNCLEAR_recall": 0.8235294117647058,
    "overall_accuracy": 0.9957885582215444,
    "overall_f1": 0.87513397642015,
    "overall_precision": 0.8612869198312236,
    "overall_recall": 0.8894335511982571
}