{
    "NORMALIZABLES_f1": 0.9287894201424213,
    "NORMALIZABLES_number": 973,
    "NORMALIZABLES_precision": 0.919436052366566,
    "NORMALIZABLES_recall": 0.9383350462487153,
    "NO_NORMALIZABLES_f1": 0.0,
    "NO_NORMALIZABLES_number": 10,
    "NO_NORMALIZABLES_precision": 0.0,
    "NO_NORMALIZABLES_recall": 0.0,
    "PROTEINAS_f1": 0.8788052843193566,
    "PROTEINAS_number": 859,
    "PROTEINAS_precision": 0.8673469387755102,
    "PROTEINAS_recall": 0.8905704307334109,
    "UNCLEAR_f1": 0.8181818181818182,
    "UNCLEAR_number": 34,
    "UNCLEAR_precision": 0.84375,
    "UNCLEAR_recall": 0.7941176470588235,
    "epoch": 9.848,
    "eval_NORMALIZABLES_f1": 0.912373403786878,
    "eval_NORMALIZABLES_number": 1121,
    "eval_NORMALIZABLES_precision": 0.9008695652173913,
    "eval_NORMALIZABLES_recall": 0.9241748438893844,
    "eval_NO_NORMALIZABLES_f1": 0.10526315789473684,
    "eval_NO_NORMALIZABLES_number": 16,
    "eval_NO_NORMALIZABLES_precision": 0.3333333333333333,
    "eval_NO_NORMALIZABLES_recall": 0.0625,
    "eval_PROTEINAS_f1": 0.8815165876777251,
    "eval_PROTEINAS_number": 745,
    "eval_PROTEINAS_precision": 0.889344262295082,
    "eval_PROTEINAS_recall": 0.8738255033557047,
    "eval_UNCLEAR_f1": 0.7333333333333332,
    "eval_UNCLEAR_number": 44,
    "eval_UNCLEAR_precision": 0.717391304347826,
    "eval_UNCLEAR_recall": 0.75,
    "eval_loss": 0.024037519469857216,
    "eval_overall_accuracy": 0.9950606394707828,
    "eval_overall_f1": 0.8924034223489758,
    "eval_overall_precision": 0.8912480580010357,
    "eval_overall_recall": 0.8935617860851506,
    "eval_runtime": 8.792,
    "eval_samples_per_second": 28.435,
    "eval_steps_per_second": 7.166,
    "overall_accuracy": 0.9957835319720489,
    "overall_f1": 0.9011627906976744,
    "overall_precision": 0.8936058700209644,
    "overall_recall": 0.9088486140724946,
    "total_flos": 2312689863955968.0,
    "train_loss": 0.026467784181717902,
    "train_runtime": 1038.6651,
    "train_samples_per_second": 4.814,
    "train_steps_per_second": 0.597
}