{
    "NORMALIZABLES_f1": 0.9287894201424213,
    "NORMALIZABLES_number": 973,
    "NORMALIZABLES_precision": 0.919436052366566,
    "NORMALIZABLES_recall": 0.9383350462487153,
    "NO_NORMALIZABLES_f1": 0.0,
    "NO_NORMALIZABLES_number": 10,
    "NO_NORMALIZABLES_precision": 0.0,
    "NO_NORMALIZABLES_recall": 0.0,
    "PROTEINAS_f1": 0.8788052843193566,
    "PROTEINAS_number": 859,
    "PROTEINAS_precision": 0.8673469387755102,
    "PROTEINAS_recall": 0.8905704307334109,
    "UNCLEAR_f1": 0.8181818181818182,
    "UNCLEAR_number": 34,
    "UNCLEAR_precision": 0.84375,
    "UNCLEAR_recall": 0.7941176470588235,
    "overall_accuracy": 0.9957835319720489,
    "overall_f1": 0.9011627906976744,
    "overall_precision": 0.8936058700209644,
    "overall_recall": 0.9088486140724946
}