{
    "SINTOMA_f1": 0.6798751950078004,
    "SINTOMA_number": 3098,
    "SINTOMA_precision": 0.6579106280193237,
    "SINTOMA_recall": 0.7033570045190446,
    "epoch": 10.0,
    "eval_SINTOMA_f1": 0.6732860520094562,
    "eval_SINTOMA_number": 2009,
    "eval_SINTOMA_precision": 0.6411526339486717,
    "eval_SINTOMA_recall": 0.7088103534096566,
    "eval_loss": 0.2799608111381531,
    "eval_overall_accuracy": 0.9426877470355731,
    "eval_overall_f1": 0.6732860520094562,
    "eval_overall_precision": 0.6411526339486717,
    "eval_overall_recall": 0.7088103534096566,
    "eval_runtime": 5.7236,
    "eval_samples_per_second": 38.263,
    "eval_steps_per_second": 4.892,
    "overall_accuracy": 0.9411728777474325,
    "overall_f1": 0.6798751950078004,
    "overall_precision": 0.6579106280193237,
    "overall_recall": 0.7033570045190446,
    "total_flos": 2114309987827488.0,
    "train_loss": 0.07437079263960614,
    "train_runtime": 810.6704,
    "train_samples_per_second": 10.041,
    "train_steps_per_second": 1.258
}