{
    "SINTOMA_f1": 0.6798751950078004,
    "SINTOMA_number": 3098,
    "SINTOMA_precision": 0.6579106280193237,
    "SINTOMA_recall": 0.7033570045190446,
    "overall_accuracy": 0.9411728777474325,
    "overall_f1": 0.6798751950078004,
    "overall_precision": 0.6579106280193237,
    "overall_recall": 0.7033570045190446
}