{
    "NORMALIZABLES_f1": 0.9159449821701477,
    "NORMALIZABLES_number": 973,
    "NORMALIZABLES_precision": 0.908080808080808,
    "NORMALIZABLES_recall": 0.9239465570400822,
    "NO_NORMALIZABLES_f1": 0.0,
    "NO_NORMALIZABLES_number": 10,
    "NO_NORMALIZABLES_precision": 0.0,
    "NO_NORMALIZABLES_recall": 0.0,
    "PROTEINAS_f1": 0.8576214405360133,
    "PROTEINAS_number": 862,
    "PROTEINAS_precision": 0.8266953713670614,
    "PROTEINAS_recall": 0.8909512761020881,
    "UNCLEAR_f1": 0.6097560975609756,
    "UNCLEAR_number": 34,
    "UNCLEAR_precision": 0.5208333333333334,
    "UNCLEAR_recall": 0.7352941176470589,
    "epoch": 10.0,
    "eval_NORMALIZABLES_f1": 0.9024767801857585,
    "eval_NORMALIZABLES_number": 1284,
    "eval_NORMALIZABLES_precision": 0.8969230769230769,
    "eval_NORMALIZABLES_recall": 0.9080996884735203,
    "eval_NO_NORMALIZABLES_f1": 0.05714285714285714,
    "eval_NO_NORMALIZABLES_number": 19,
    "eval_NO_NORMALIZABLES_precision": 0.0625,
    "eval_NO_NORMALIZABLES_recall": 0.05263157894736842,
    "eval_PROTEINAS_f1": 0.8815111619919863,
    "eval_PROTEINAS_number": 850,
    "eval_PROTEINAS_precision": 0.8584169453734671,
    "eval_PROTEINAS_recall": 0.9058823529411765,
    "eval_UNCLEAR_f1": 0.6140350877192984,
    "eval_UNCLEAR_number": 45,
    "eval_UNCLEAR_precision": 0.5072463768115942,
    "eval_UNCLEAR_recall": 0.7777777777777778,
    "eval_loss": 0.03154382109642029,
    "eval_overall_accuracy": 0.9936580560598536,
    "eval_overall_f1": 0.8803571428571428,
    "eval_overall_precision": 0.8641542506573181,
    "eval_overall_recall": 0.8971792538671519,
    "eval_runtime": 6.6514,
    "eval_samples_per_second": 51.568,
    "eval_steps_per_second": 6.465,
    "overall_accuracy": 0.9948081264108353,
    "overall_f1": 0.8787327966761879,
    "overall_precision": 0.8580121703853956,
    "overall_recall": 0.9004789781798829,
    "total_flos": 1822104930102912.0,
    "train_loss": 0.04207711870020086,
    "train_runtime": 776.3126,
    "train_samples_per_second": 9.043,
    "train_steps_per_second": 1.134
}