{
    "NORMALIZABLES_f1": 0.9159449821701477,
    "NORMALIZABLES_number": 973,
    "NORMALIZABLES_precision": 0.908080808080808,
    "NORMALIZABLES_recall": 0.9239465570400822,
    "NO_NORMALIZABLES_f1": 0.0,
    "NO_NORMALIZABLES_number": 10,
    "NO_NORMALIZABLES_precision": 0.0,
    "NO_NORMALIZABLES_recall": 0.0,
    "PROTEINAS_f1": 0.8576214405360133,
    "PROTEINAS_number": 862,
    "PROTEINAS_precision": 0.8266953713670614,
    "PROTEINAS_recall": 0.8909512761020881,
    "UNCLEAR_f1": 0.6097560975609756,
    "UNCLEAR_number": 34,
    "UNCLEAR_precision": 0.5208333333333334,
    "UNCLEAR_recall": 0.7352941176470589,
    "overall_accuracy": 0.9948081264108353,
    "overall_f1": 0.8787327966761879,
    "overall_precision": 0.8580121703853956,
    "overall_recall": 0.9004789781798829
}