{
    "CALLE_f1": 0.9404761904761906,
    "CALLE_number": 413,
    "CALLE_precision": 0.9250585480093677,
    "CALLE_recall": 0.9564164648910412,
    "CENTRO_SALUD_f1": 0.1818181818181818,
    "CENTRO_SALUD_number": 6,
    "CENTRO_SALUD_precision": 0.2,
    "CENTRO_SALUD_recall": 0.16666666666666666,
    "CORREO_ELECTRONICO_f1": 0.9900199600798402,
    "CORREO_ELECTRONICO_number": 249,
    "CORREO_ELECTRONICO_precision": 0.9841269841269841,
    "CORREO_ELECTRONICO_recall": 0.9959839357429718,
    "EDAD_SUJETO_ASISTENCIA_f1": 0.9818529130850048,
    "EDAD_SUJETO_ASISTENCIA_number": 518,
    "EDAD_SUJETO_ASISTENCIA_precision": 0.9716446124763705,
    "EDAD_SUJETO_ASISTENCIA_recall": 0.9922779922779923,
    "FAMILIARES_SUJETO_ASISTENCIA_f1": 0.7167630057803468,
    "FAMILIARES_SUJETO_ASISTENCIA_number": 81,
    "FAMILIARES_SUJETO_ASISTENCIA_precision": 0.6739130434782609,
    "FAMILIARES_SUJETO_ASISTENCIA_recall": 0.7654320987654321,
    "FECHAS_f1": 0.9853420195439738,
    "FECHAS_number": 611,
    "FECHAS_precision": 0.9805510534846029,
    "FECHAS_recall": 0.9901800327332242,
    "HOSPITAL_f1": 0.9090909090909091,
    "HOSPITAL_number": 130,
    "HOSPITAL_precision": 0.8955223880597015,
    "HOSPITAL_recall": 0.9230769230769231,
    "ID_ASEGURAMIENTO_f1": 0.9974683544303797,
    "ID_ASEGURAMIENTO_number": 198,
    "ID_ASEGURAMIENTO_precision": 1.0,
    "ID_ASEGURAMIENTO_recall": 0.9949494949494949,
    "ID_CONTACTO_ASISTENCIAL_f1": 1.0,
    "ID_CONTACTO_ASISTENCIAL_number": 39,
    "ID_CONTACTO_ASISTENCIAL_precision": 1.0,
    "ID_CONTACTO_ASISTENCIAL_recall": 1.0,
    "ID_SUJETO_ASISTENCIA_f1": 0.9825783972125435,
    "ID_SUJETO_ASISTENCIA_number": 283,
    "ID_SUJETO_ASISTENCIA_precision": 0.9690721649484536,
    "ID_SUJETO_ASISTENCIA_recall": 0.9964664310954063,
    "ID_TITULACION_PERSONAL_SANITARIO_f1": 0.9957446808510638,
    "ID_TITULACION_PERSONAL_SANITARIO_number": 234,
    "ID_TITULACION_PERSONAL_SANITARIO_precision": 0.9915254237288136,
    "ID_TITULACION_PERSONAL_SANITARIO_recall": 1.0,
    "INSTITUCION_f1": 0.5405405405405405,
    "INSTITUCION_number": 67,
    "INSTITUCION_precision": 0.49382716049382713,
    "INSTITUCION_recall": 0.5970149253731343,
    "NOMBRE_PERSONAL_SANITARIO_f1": 0.9960159362549801,
    "NOMBRE_PERSONAL_SANITARIO_number": 501,
    "NOMBRE_PERSONAL_SANITARIO_precision": 0.9940357852882704,
    "NOMBRE_PERSONAL_SANITARIO_recall": 0.998003992015968,
    "NOMBRE_SUJETO_ASISTENCIA_f1": 0.999004975124378,
    "NOMBRE_SUJETO_ASISTENCIA_number": 502,
    "NOMBRE_SUJETO_ASISTENCIA_precision": 0.9980119284294234,
    "NOMBRE_SUJETO_ASISTENCIA_recall": 1.0,
    "NUMERO_FAX_f1": 0.8571428571428571,
    "NUMERO_FAX_number": 7,
    "NUMERO_FAX_precision": 0.8571428571428571,
    "NUMERO_FAX_recall": 0.8571428571428571,
    "NUMERO_TELEFONO_f1": 0.8846153846153846,
    "NUMERO_TELEFONO_number": 26,
    "NUMERO_TELEFONO_precision": 0.8846153846153846,
    "NUMERO_TELEFONO_recall": 0.8846153846153846,
    "OTROS_SUJETO_ASISTENCIA_f1": 0.0,
    "OTROS_SUJETO_ASISTENCIA_number": 7,
    "OTROS_SUJETO_ASISTENCIA_precision": 0.0,
    "OTROS_SUJETO_ASISTENCIA_recall": 0.0,
    "PAIS_f1": 0.9890410958904109,
    "PAIS_number": 363,
    "PAIS_precision": 0.9836512261580381,
    "PAIS_recall": 0.9944903581267218,
    "PROFESION_f1": 0.4545454545454546,
    "PROFESION_number": 9,
    "PROFESION_precision": 0.38461538461538464,
    "PROFESION_recall": 0.5555555555555556,
    "SEXO_SUJETO_ASISTENCIA_f1": 0.9870689655172413,
    "SEXO_SUJETO_ASISTENCIA_number": 461,
    "SEXO_SUJETO_ASISTENCIA_precision": 0.9807280513918629,
    "SEXO_SUJETO_ASISTENCIA_recall": 0.9934924078091106,
    "TERRITORIO_f1": 0.9692868297761582,
    "TERRITORIO_number": 956,
    "TERRITORIO_precision": 0.9647668393782384,
    "TERRITORIO_recall": 0.9738493723849372,
    "epoch": 9.848,
    "eval_CALLE_f1": 0.908675799086758,
    "eval_CALLE_number": 434,
    "eval_CALLE_precision": 0.9004524886877828,
    "eval_CALLE_recall": 0.9170506912442397,
    "eval_CENTRO_SALUD_f1": 0.0,
    "eval_CENTRO_SALUD_number": 2,
    "eval_CENTRO_SALUD_precision": 0.0,
    "eval_CENTRO_SALUD_recall": 0.0,
    "eval_CORREO_ELECTRONICO_f1": 0.9809725158562368,
    "eval_CORREO_ELECTRONICO_number": 235,
    "eval_CORREO_ELECTRONICO_precision": 0.9747899159663865,
    "eval_CORREO_ELECTRONICO_recall": 0.9872340425531915,
    "eval_EDAD_SUJETO_ASISTENCIA_f1": 0.9668615984405458,
    "eval_EDAD_SUJETO_ASISTENCIA_number": 521,
    "eval_EDAD_SUJETO_ASISTENCIA_precision": 0.9821782178217822,
    "eval_EDAD_SUJETO_ASISTENCIA_recall": 0.9520153550863724,
    "eval_FAMILIARES_SUJETO_ASISTENCIA_f1": 0.7231638418079096,
    "eval_FAMILIARES_SUJETO_ASISTENCIA_number": 92,
    "eval_FAMILIARES_SUJETO_ASISTENCIA_precision": 0.7529411764705882,
    "eval_FAMILIARES_SUJETO_ASISTENCIA_recall": 0.6956521739130435,
    "eval_FECHAS_f1": 0.9666666666666666,
    "eval_FECHAS_number": 724,
    "eval_FECHAS_precision": 0.9720670391061452,
    "eval_FECHAS_recall": 0.9613259668508287,
    "eval_HOSPITAL_f1": 0.8763250883392225,
    "eval_HOSPITAL_number": 140,
    "eval_HOSPITAL_precision": 0.8671328671328671,
    "eval_HOSPITAL_recall": 0.8857142857142857,
    "eval_ID_ASEGURAMIENTO_f1": 0.9817232375979112,
    "eval_ID_ASEGURAMIENTO_number": 194,
    "eval_ID_ASEGURAMIENTO_precision": 0.9947089947089947,
    "eval_ID_ASEGURAMIENTO_recall": 0.9690721649484536,
    "eval_ID_CONTACTO_ASISTENCIAL_f1": 0.96875,
    "eval_ID_CONTACTO_ASISTENCIAL_number": 32,
    "eval_ID_CONTACTO_ASISTENCIAL_precision": 0.96875,
    "eval_ID_CONTACTO_ASISTENCIAL_recall": 0.96875,
    "eval_ID_SUJETO_ASISTENCIA_f1": 0.9403747870528109,
    "eval_ID_SUJETO_ASISTENCIA_number": 292,
    "eval_ID_SUJETO_ASISTENCIA_precision": 0.9355932203389831,
    "eval_ID_SUJETO_ASISTENCIA_recall": 0.9452054794520548,
    "eval_ID_TITULACION_PERSONAL_SANITARIO_f1": 0.9733333333333334,
    "eval_ID_TITULACION_PERSONAL_SANITARIO_number": 226,
    "eval_ID_TITULACION_PERSONAL_SANITARIO_precision": 0.9776785714285714,
    "eval_ID_TITULACION_PERSONAL_SANITARIO_recall": 0.9690265486725663,
    "eval_INSTITUCION_f1": 0.7662337662337662,
    "eval_INSTITUCION_number": 72,
    "eval_INSTITUCION_precision": 0.7195121951219512,
    "eval_INSTITUCION_recall": 0.8194444444444444,
    "eval_NOMBRE_PERSONAL_SANITARIO_f1": 0.9635627530364372,
    "eval_NOMBRE_PERSONAL_SANITARIO_number": 497,
    "eval_NOMBRE_PERSONAL_SANITARIO_precision": 0.9694501018329938,
    "eval_NOMBRE_PERSONAL_SANITARIO_recall": 0.9577464788732394,
    "eval_NOMBRE_SUJETO_ASISTENCIA_f1": 0.9808274470232089,
    "eval_NOMBRE_SUJETO_ASISTENCIA_number": 503,
    "eval_NOMBRE_SUJETO_ASISTENCIA_precision": 0.9959016393442623,
    "eval_NOMBRE_SUJETO_ASISTENCIA_recall": 0.9662027833001988,
    "eval_NUMERO_FAX_f1": 0.8333333333333334,
    "eval_NUMERO_FAX_number": 6,
    "eval_NUMERO_FAX_precision": 0.8333333333333334,
    "eval_NUMERO_FAX_recall": 0.8333333333333334,
    "eval_NUMERO_TELEFONO_f1": 0.8400000000000001,
    "eval_NUMERO_TELEFONO_number": 24,
    "eval_NUMERO_TELEFONO_precision": 0.8076923076923077,
    "eval_NUMERO_TELEFONO_recall": 0.875,
    "eval_OTROS_SUJETO_ASISTENCIA_f1": 0.0,
    "eval_OTROS_SUJETO_ASISTENCIA_number": 6,
    "eval_OTROS_SUJETO_ASISTENCIA_precision": 0.0,
    "eval_OTROS_SUJETO_ASISTENCIA_recall": 0.0,
    "eval_PAIS_f1": 0.9737609329446065,
    "eval_PAIS_number": 347,
    "eval_PAIS_precision": 0.9852507374631269,
    "eval_PAIS_recall": 0.962536023054755,
    "eval_PROFESION_f1": 0.5454545454545454,
    "eval_PROFESION_number": 4,
    "eval_PROFESION_precision": 0.42857142857142855,
    "eval_PROFESION_recall": 0.75,
    "eval_SEXO_SUJETO_ASISTENCIA_f1": 0.9733924611973392,
    "eval_SEXO_SUJETO_ASISTENCIA_number": 455,
    "eval_SEXO_SUJETO_ASISTENCIA_precision": 0.9821029082774049,
    "eval_SEXO_SUJETO_ASISTENCIA_recall": 0.9648351648351648,
    "eval_TERRITORIO_f1": 0.9670781893004116,
    "eval_TERRITORIO_number": 975,