{
    "epoch": 9.848,
    "eval_CALLE_f1": 0.908675799086758,
    "eval_CALLE_number": 434,
    "eval_CALLE_precision": 0.9004524886877828,
    "eval_CALLE_recall": 0.9170506912442397,
    "eval_CENTRO_SALUD_f1": 0.0,
    "eval_CENTRO_SALUD_number": 2,
    "eval_CENTRO_SALUD_precision": 0.0,
    "eval_CENTRO_SALUD_recall": 0.0,
    "eval_CORREO_ELECTRONICO_f1": 0.9809725158562368,
    "eval_CORREO_ELECTRONICO_number": 235,
    "eval_CORREO_ELECTRONICO_precision": 0.9747899159663865,
    "eval_CORREO_ELECTRONICO_recall": 0.9872340425531915,
    "eval_EDAD_SUJETO_ASISTENCIA_f1": 0.9668615984405458,
    "eval_EDAD_SUJETO_ASISTENCIA_number": 521,
    "eval_EDAD_SUJETO_ASISTENCIA_precision": 0.9821782178217822,
    "eval_EDAD_SUJETO_ASISTENCIA_recall": 0.9520153550863724,
    "eval_FAMILIARES_SUJETO_ASISTENCIA_f1": 0.7231638418079096,
    "eval_FAMILIARES_SUJETO_ASISTENCIA_number": 92,
    "eval_FAMILIARES_SUJETO_ASISTENCIA_precision": 0.7529411764705882,
    "eval_FAMILIARES_SUJETO_ASISTENCIA_recall": 0.6956521739130435,
    "eval_FECHAS_f1": 0.9666666666666666,
    "eval_FECHAS_number": 724,
    "eval_FECHAS_precision": 0.9720670391061452,
    "eval_FECHAS_recall": 0.9613259668508287,
    "eval_HOSPITAL_f1": 0.8763250883392225,
    "eval_HOSPITAL_number": 140,
    "eval_HOSPITAL_precision": 0.8671328671328671,
    "eval_HOSPITAL_recall": 0.8857142857142857,
    "eval_ID_ASEGURAMIENTO_f1": 0.9817232375979112,
    "eval_ID_ASEGURAMIENTO_number": 194,
    "eval_ID_ASEGURAMIENTO_precision": 0.9947089947089947,
    "eval_ID_ASEGURAMIENTO_recall": 0.9690721649484536,
    "eval_ID_CONTACTO_ASISTENCIAL_f1": 0.96875,
    "eval_ID_CONTACTO_ASISTENCIAL_number": 32,
    "eval_ID_CONTACTO_ASISTENCIAL_precision": 0.96875,
    "eval_ID_CONTACTO_ASISTENCIAL_recall": 0.96875,
    "eval_ID_SUJETO_ASISTENCIA_f1": 0.9403747870528109,
    "eval_ID_SUJETO_ASISTENCIA_number": 292,
    "eval_ID_SUJETO_ASISTENCIA_precision": 0.9355932203389831,
    "eval_ID_SUJETO_ASISTENCIA_recall": 0.9452054794520548,
    "eval_ID_TITULACION_PERSONAL_SANITARIO_f1": 0.9733333333333334,
    "eval_ID_TITULACION_PERSONAL_SANITARIO_number": 226,
    "eval_ID_TITULACION_PERSONAL_SANITARIO_precision": 0.9776785714285714,
    "eval_ID_TITULACION_PERSONAL_SANITARIO_recall": 0.9690265486725663,
    "eval_INSTITUCION_f1": 0.7662337662337662,
    "eval_INSTITUCION_number": 72,
    "eval_INSTITUCION_precision": 0.7195121951219512,
    "eval_INSTITUCION_recall": 0.8194444444444444,
    "eval_NOMBRE_PERSONAL_SANITARIO_f1": 0.9635627530364372,
    "eval_NOMBRE_PERSONAL_SANITARIO_number": 497,
    "eval_NOMBRE_PERSONAL_SANITARIO_precision": 0.9694501018329938,
    "eval_NOMBRE_PERSONAL_SANITARIO_recall": 0.9577464788732394,
    "eval_NOMBRE_SUJETO_ASISTENCIA_f1": 0.9808274470232089,
    "eval_NOMBRE_SUJETO_ASISTENCIA_number": 503,
    "eval_NOMBRE_SUJETO_ASISTENCIA_precision": 0.9959016393442623,
    "eval_NOMBRE_SUJETO_ASISTENCIA_recall": 0.9662027833001988,
    "eval_NUMERO_FAX_f1": 0.8333333333333334,
    "eval_NUMERO_FAX_number": 6,
    "eval_NUMERO_FAX_precision": 0.8333333333333334,
    "eval_NUMERO_FAX_recall": 0.8333333333333334,
    "eval_NUMERO_TELEFONO_f1": 0.8400000000000001,
    "eval_NUMERO_TELEFONO_number": 24,
    "eval_NUMERO_TELEFONO_precision": 0.8076923076923077,
    "eval_NUMERO_TELEFONO_recall": 0.875,
    "eval_OTROS_SUJETO_ASISTENCIA_f1": 0.0,
    "eval_OTROS_SUJETO_ASISTENCIA_number": 6,
    "eval_OTROS_SUJETO_ASISTENCIA_precision": 0.0,
    "eval_OTROS_SUJETO_ASISTENCIA_recall": 0.0,
    "eval_PAIS_f1": 0.9737609329446065,
    "eval_PAIS_number": 347,
    "eval_PAIS_precision": 0.9852507374631269,
    "eval_PAIS_recall": 0.962536023054755,
    "eval_PROFESION_f1": 0.5454545454545454,
    "eval_PROFESION_number": 4,
    "eval_PROFESION_precision": 0.42857142857142855,
    "eval_PROFESION_recall": 0.75,
    "eval_SEXO_SUJETO_ASISTENCIA_f1": 0.9733924611973392,
    "eval_SEXO_SUJETO_ASISTENCIA_number": 455,
    "eval_SEXO_SUJETO_ASISTENCIA_precision": 0.9821029082774049,
    "eval_SEXO_SUJETO_ASISTENCIA_recall": 0.9648351648351648,
    "eval_TERRITORIO_f1": 0.9670781893004116,
    "eval_TERRITORIO_number": 975,
    "eval_TERRITORIO_precision": 0.9700722394220846,
    "eval_TERRITORIO_recall": 0.9641025641025641,
    "eval_loss": 0.045414045453071594,
    "eval_overall_accuracy": 0.9916577515097307,
    "eval_overall_f1": 0.9534317984361425,
    "eval_overall_precision": 0.957758771164252,
    "eval_overall_recall": 0.9491437467566165,
    "eval_runtime": 11.5376,
    "eval_samples_per_second": 21.668,
    "eval_steps_per_second": 5.46
}