{
    "ACTIVIDAD_f1": 0.2916666666666667,
    "ACTIVIDAD_number": 28,
    "ACTIVIDAD_precision": 0.35,
    "ACTIVIDAD_recall": 0.25,
    "PROFESION_f1": 0.8386638237384506,
    "PROFESION_number": 695,
    "PROFESION_precision": 0.8286516853932584,
    "PROFESION_recall": 0.8489208633093526,
    "SITUACION_LABORAL_f1": 0.6255506607929515,
    "SITUACION_LABORAL_number": 356,
    "SITUACION_LABORAL_precision": 0.6553846153846153,
    "SITUACION_LABORAL_recall": 0.598314606741573,
    "epoch": 10.0,
    "eval_ACTIVIDAD_f1": 0.2424242424242424,
    "eval_ACTIVIDAD_number": 18,
    "eval_ACTIVIDAD_precision": 0.26666666666666666,
    "eval_ACTIVIDAD_recall": 0.2222222222222222,
    "eval_PROFESION_f1": 0.8316831683168316,
    "eval_PROFESION_number": 495,
    "eval_PROFESION_precision": 0.8155339805825242,
    "eval_PROFESION_recall": 0.8484848484848485,
    "eval_SITUACION_LABORAL_f1": 0.6504065040650406,
    "eval_SITUACION_LABORAL_number": 175,
    "eval_SITUACION_LABORAL_precision": 0.6185567010309279,
    "eval_SITUACION_LABORAL_recall": 0.6857142857142857,
    "eval_loss": 0.015453223139047623,
    "eval_overall_accuracy": 0.9970386300890545,
    "eval_overall_f1": 0.7705382436260624,
    "eval_overall_precision": 0.7513812154696132,
    "eval_overall_recall": 0.7906976744186046,
    "eval_runtime": 19.3575,
    "eval_samples_per_second": 13.483,
    "eval_steps_per_second": 3.41,
    "overall_accuracy": 0.9959459247525995,
    "overall_f1": 0.7584269662921348,
    "overall_precision": 0.7663197729422895,
    "overall_recall": 0.7506950880444856,
    "total_flos": 9905464568611200.0,
    "train_loss": 0.010930472066384235,
    "train_runtime": 3827.401,
    "train_samples_per_second": 2.738,
    "train_steps_per_second": 0.342
}