{
    "ACTIVIDAD_f1": 0.2916666666666667,
    "ACTIVIDAD_number": 28,
    "ACTIVIDAD_precision": 0.35,
    "ACTIVIDAD_recall": 0.25,
    "PROFESION_f1": 0.8386638237384506,
    "PROFESION_number": 695,
    "PROFESION_precision": 0.8286516853932584,
    "PROFESION_recall": 0.8489208633093526,
    "SITUACION_LABORAL_f1": 0.6255506607929515,
    "SITUACION_LABORAL_number": 356,
    "SITUACION_LABORAL_precision": 0.6553846153846153,
    "SITUACION_LABORAL_recall": 0.598314606741573,
    "overall_accuracy": 0.9959459247525995,
    "overall_f1": 0.7584269662921348,
    "overall_precision": 0.7663197729422895,
    "overall_recall": 0.7506950880444856
}