{
    "FARMACO_f1": 0.9166429587482219,
    "FARMACO_number": 1723,
    "FARMACO_precision": 0.8989955357142857,
    "FARMACO_recall": 0.934997098084736,
    "epoch": 10.0,
    "eval_FARMACO_f1": 0.9188311688311688,
    "eval_FARMACO_number": 3056,
    "eval_FARMACO_precision": 0.9117268041237113,
    "eval_FARMACO_recall": 0.9260471204188482,
    "eval_loss": 0.007383124437183142,
    "eval_overall_accuracy": 0.9980807521882911,
    "eval_overall_f1": 0.9188311688311688,
    "eval_overall_precision": 0.9117268041237113,
    "eval_overall_recall": 0.9260471204188482,
    "eval_runtime": 13.6482,
    "eval_samples_per_second": 73.27,
    "eval_steps_per_second": 9.159,
    "overall_accuracy": 0.9981986015912927,
    "overall_f1": 0.9166429587482219,
    "overall_precision": 0.8989955357142857,
    "overall_recall": 0.934997098084736,
    "total_flos": 3616510457958912.0,
    "train_loss": 0.010047710014657043,
    "train_runtime": 779.7735,
    "train_samples_per_second": 17.851,
    "train_steps_per_second": 2.231
}