{
    "epoch": 10.0,
    "eval_FAMILIAR_f1": 0.7500000000000001,
    "eval_FAMILIAR_number": 45,
    "eval_FAMILIAR_precision": 0.7058823529411765,
    "eval_FAMILIAR_recall": 0.8,
    "eval_OTROS_f1": 0.7153284671532847,
    "eval_OTROS_number": 160,
    "eval_OTROS_precision": 0.8596491228070176,
    "eval_OTROS_recall": 0.6125,
    "eval_PACIENTE_f1": 0.6420765027322405,
    "eval_PACIENTE_number": 351,
    "eval_PACIENTE_precision": 0.6167979002624672,
    "eval_PACIENTE_recall": 0.6695156695156695,
    "eval_SANITARIO_f1": 0.8688245315161839,
    "eval_SANITARIO_number": 283,
    "eval_SANITARIO_precision": 0.8388157894736842,
    "eval_SANITARIO_recall": 0.901060070671378,
    "eval_loss": 0.018650531768798828,
    "eval_overall_accuracy": 0.9967932854366707,
    "eval_overall_f1": 0.738898756660746,
    "eval_overall_precision": 0.7341176470588235,
    "eval_overall_recall": 0.7437425506555423,
    "eval_runtime": 11.0572,
    "eval_samples_per_second": 76.783,
    "eval_steps_per_second": 9.677
}