{
    "FAMILIAR_f1": 0.6607142857142857,
    "FAMILIAR_number": 51,
    "FAMILIAR_precision": 0.6065573770491803,
    "FAMILIAR_recall": 0.7254901960784313,
    "OTROS_f1": 0.7272727272727273,
    "OTROS_number": 146,
    "OTROS_precision": 0.7751937984496124,
    "OTROS_recall": 0.684931506849315,
    "PACIENTE_f1": 0.6286201022146508,
    "PACIENTE_number": 588,
    "PACIENTE_precision": 0.6296928327645052,
    "PACIENTE_recall": 0.6275510204081632,
    "SANITARIO_f1": 0.8896321070234113,
    "SANITARIO_number": 291,
    "SANITARIO_precision": 0.8664495114006515,
    "SANITARIO_recall": 0.9140893470790378,
    "overall_accuracy": 0.9959319589618972,
    "overall_f1": 0.715145900880037,
    "overall_precision": 0.7128347183748845,
    "overall_recall": 0.7174721189591078
}