{
    "epoch": 10.0,
    "eval_DIAGNOSTICO_f1": 0.6601573094656904,
    "eval_DIAGNOSTICO_number": 3584,
    "eval_DIAGNOSTICO_precision": 0.6422163588390501,
    "eval_DIAGNOSTICO_recall": 0.6791294642857143,
    "eval_PROCEDIMIENTO_f1": 0.5939637826961771,
    "eval_PROCEDIMIENTO_number": 1295,
    "eval_PROCEDIMIENTO_precision": 0.6201680672268908,
    "eval_PROCEDIMIENTO_recall": 0.5698841698841699,
    "eval_loss": 0.16396476328372955,
    "eval_overall_accuracy": 0.954898385803876,
    "eval_overall_f1": 0.6434729688609392,
    "eval_overall_precision": 0.6369477911646586,
    "eval_overall_recall": 0.6501332240213158,
    "eval_runtime": 5.5658,
    "eval_samples_per_second": 62.524,
    "eval_steps_per_second": 7.905
}