{
    "DIAGNOSTICO_f1": 0.6797729475287277,
    "DIAGNOSTICO_number": 3494,
    "DIAGNOSTICO_precision": 0.6583534459640654,
    "DIAGNOSTICO_recall": 0.702633085289067,
    "PROCEDIMIENTO_f1": 0.5855048859934854,
    "PROCEDIMIENTO_number": 1243,
    "PROCEDIMIENTO_precision": 0.5927452596867271,
    "PROCEDIMIENTO_recall": 0.5784392598551891,
    "overall_accuracy": 0.9556346587949297,
    "overall_f1": 0.655852877363364,
    "overall_precision": 0.6422501011736139,
    "overall_recall": 0.6700443318556049
}