{
    "FARMACO_f1": 0.9121194715680643,
    "FARMACO_number": 1717,
    "FARMACO_precision": 0.8997167138810198,
    "FARMACO_recall": 0.9248689574839837,
    "epoch": 10.0,
    "eval_FARMACO_f1": 0.9111463704879017,
    "eval_FARMACO_number": 2509,
    "eval_FARMACO_precision": 0.9068298460323727,
    "eval_FARMACO_recall": 0.9155041849342368,
    "eval_loss": 0.007424379698932171,
    "eval_overall_accuracy": 0.998221667331137,
    "eval_overall_f1": 0.9111463704879017,
    "eval_overall_precision": 0.9068298460323727,
    "eval_overall_recall": 0.9155041849342368,
    "eval_runtime": 16.3898,
    "eval_samples_per_second": 15.741,
    "eval_steps_per_second": 3.966,
    "overall_accuracy": 0.9982946312098918,
    "overall_f1": 0.9121194715680643,
    "overall_precision": 0.8997167138810198,
    "overall_recall": 0.9248689574839837,
    "total_flos": 4615462244332800.0,
    "train_loss": 0.0037601723313331606,
    "train_runtime": 1365.5229,
    "train_samples_per_second": 7.323,
    "train_steps_per_second": 0.915
}