{
    "FARMACO_f1": 0.9121194715680643,
    "FARMACO_number": 1717,
    "FARMACO_precision": 0.8997167138810198,
    "FARMACO_recall": 0.9248689574839837,
    "overall_accuracy": 0.9982946312098918,
    "overall_f1": 0.9121194715680643,
    "overall_precision": 0.8997167138810198,
    "overall_recall": 0.9248689574839837
}