{
    "MORFOLOGIA_NEOPLASIA_f1": 0.8239398819108964,
    "MORFOLOGIA_NEOPLASIA_number": 3569,
    "MORFOLOGIA_NEOPLASIA_precision": 0.7906258047901107,
    "MORFOLOGIA_NEOPLASIA_recall": 0.8601849257495097,
    "overall_accuracy": 0.9892205432735914,
    "overall_f1": 0.8239398819108964,
    "overall_precision": 0.7906258047901107,
    "overall_recall": 0.8601849257495097
}