{
    "FAMILIAR_f1": 0.4329896907216495,
    "FAMILIAR_number": 51,
    "FAMILIAR_precision": 0.45652173913043476,
    "FAMILIAR_recall": 0.4117647058823529,
    "OTROS_f1": 0.6526315789473683,
    "OTROS_number": 146,
    "OTROS_precision": 0.6690647482014388,
    "OTROS_recall": 0.636986301369863,
    "PACIENTE_f1": 0.627946127946128,
    "PACIENTE_number": 590,
    "PACIENTE_precision": 0.6237458193979933,
    "PACIENTE_recall": 0.6322033898305085,
    "SANITARIO_f1": 0.8973509933774835,
    "SANITARIO_number": 291,
    "SANITARIO_precision": 0.865814696485623,
    "SANITARIO_recall": 0.9312714776632303,
    "epoch": 9.706827309236948,
    "eval_FAMILIAR_f1": 0.525,
    "eval_FAMILIAR_number": 41,
    "eval_FAMILIAR_precision": 0.5384615384615384,
    "eval_FAMILIAR_recall": 0.5121951219512195,
    "eval_OTROS_f1": 0.7226890756302521,
    "eval_OTROS_number": 129,
    "eval_OTROS_precision": 0.7889908256880734,
    "eval_OTROS_recall": 0.6666666666666666,
    "eval_PACIENTE_f1": 0.6493506493506492,
    "eval_PACIENTE_number": 326,
    "eval_PACIENTE_precision": 0.6130790190735694,
    "eval_PACIENTE_recall": 0.6901840490797546,
    "eval_SANITARIO_f1": 0.8942115768463073,
    "eval_SANITARIO_number": 237,
    "eval_SANITARIO_precision": 0.8484848484848485,
    "eval_SANITARIO_recall": 0.9451476793248945,
    "eval_loss": 0.01713266223669052,
    "eval_overall_accuracy": 0.9963717492225177,
    "eval_overall_f1": 0.7354497354497354,
    "eval_overall_precision": 0.7137355584082157,
    "eval_overall_recall": 0.7585266030013642,
    "eval_runtime": 12.0099,
    "eval_samples_per_second": 20.65,
    "eval_steps_per_second": 5.162,
    "overall_accuracy": 0.9953146809278108,
    "overall_f1": 0.6973321067157314,
    "overall_precision": 0.6916058394160584,
    "overall_recall": 0.7031539888682746,
    "total_flos": 1.0003810617875808e+16,
    "train_loss": 0.023807302598030336,
    "train_runtime": 2043.5645,
    "train_samples_per_second": 4.869,
    "train_steps_per_second": 0.152
}