{
    "epoch": 9.706827309236948,
    "eval_FAMILIAR_f1": 0.525,
    "eval_FAMILIAR_number": 41,
    "eval_FAMILIAR_precision": 0.5384615384615384,
    "eval_FAMILIAR_recall": 0.5121951219512195,
    "eval_OTROS_f1": 0.7226890756302521,
    "eval_OTROS_number": 129,
    "eval_OTROS_precision": 0.7889908256880734,
    "eval_OTROS_recall": 0.6666666666666666,
    "eval_PACIENTE_f1": 0.6493506493506492,
    "eval_PACIENTE_number": 326,
    "eval_PACIENTE_precision": 0.6130790190735694,
    "eval_PACIENTE_recall": 0.6901840490797546,
    "eval_SANITARIO_f1": 0.8942115768463073,
    "eval_SANITARIO_number": 237,
    "eval_SANITARIO_precision": 0.8484848484848485,
    "eval_SANITARIO_recall": 0.9451476793248945,
    "eval_loss": 0.01713266223669052,
    "eval_overall_accuracy": 0.9963717492225177,
    "eval_overall_f1": 0.7354497354497354,
    "eval_overall_precision": 0.7137355584082157,
    "eval_overall_recall": 0.7585266030013642,
    "eval_runtime": 12.0099,
    "eval_samples_per_second": 20.65,
    "eval_steps_per_second": 5.162
}