{
    "epoch": 9.706827309236948,
    "total_flos": 1.0003810617875808e+16,
    "train_loss": 0.023807302598030336,
    "train_runtime": 2043.5645,
    "train_samples_per_second": 4.869,
    "train_steps_per_second": 0.152
}