{
    "CALLE_f1": 0.9414575866188769,
    "CALLE_number": 413,
    "CALLE_precision": 0.9292452830188679,
    "CALLE_recall": 0.9539951573849879,
    "CENTRO_SALUD_f1": 0.1818181818181818,
    "CENTRO_SALUD_number": 6,
    "CENTRO_SALUD_precision": 0.2,
    "CENTRO_SALUD_recall": 0.16666666666666666,
    "CORREO_ELECTRONICO_f1": 0.9839357429718876,
    "CORREO_ELECTRONICO_number": 249,
    "CORREO_ELECTRONICO_precision": 0.9839357429718876,
    "CORREO_ELECTRONICO_recall": 0.9839357429718876,
    "EDAD_SUJETO_ASISTENCIA_f1": 0.9752380952380951,
    "EDAD_SUJETO_ASISTENCIA_number": 518,
    "EDAD_SUJETO_ASISTENCIA_precision": 0.9624060150375939,
    "EDAD_SUJETO_ASISTENCIA_recall": 0.9884169884169884,
    "FAMILIARES_SUJETO_ASISTENCIA_f1": 0.7126436781609194,
    "FAMILIARES_SUJETO_ASISTENCIA_number": 81,
    "FAMILIARES_SUJETO_ASISTENCIA_precision": 0.6666666666666666,
    "FAMILIARES_SUJETO_ASISTENCIA_recall": 0.7654320987654321,
    "FECHAS_f1": 0.9861224489795919,
    "FECHAS_number": 611,
    "FECHAS_precision": 0.9837133550488599,
    "FECHAS_recall": 0.9885433715220949,
    "HOSPITAL_f1": 0.8796992481203008,
    "HOSPITAL_number": 130,
    "HOSPITAL_precision": 0.8602941176470589,
    "HOSPITAL_recall": 0.9,
    "ID_ASEGURAMIENTO_f1": 0.9974683544303797,
    "ID_ASEGURAMIENTO_number": 198,
    "ID_ASEGURAMIENTO_precision": 1.0,
    "ID_ASEGURAMIENTO_recall": 0.9949494949494949,
    "ID_CONTACTO_ASISTENCIAL_f1": 1.0,
    "ID_CONTACTO_ASISTENCIAL_number": 39,
    "ID_CONTACTO_ASISTENCIAL_precision": 1.0,
    "ID_CONTACTO_ASISTENCIAL_recall": 1.0,
    "ID_SUJETO_ASISTENCIA_f1": 0.9859154929577465,
    "ID_SUJETO_ASISTENCIA_number": 283,
    "ID_SUJETO_ASISTENCIA_precision": 0.9824561403508771,
    "ID_SUJETO_ASISTENCIA_recall": 0.9893992932862191,
    "ID_TITULACION_PERSONAL_SANITARIO_f1": 0.9936305732484078,
    "ID_TITULACION_PERSONAL_SANITARIO_number": 234,
    "ID_TITULACION_PERSONAL_SANITARIO_precision": 0.9873417721518988,
    "ID_TITULACION_PERSONAL_SANITARIO_recall": 1.0,
    "INSTITUCION_f1": 0.48226950354609927,
    "INSTITUCION_number": 67,
    "INSTITUCION_precision": 0.4594594594594595,
    "INSTITUCION_recall": 0.5074626865671642,
    "NOMBRE_PERSONAL_SANITARIO_f1": 0.9930348258706468,
    "NOMBRE_PERSONAL_SANITARIO_number": 501,
    "NOMBRE_PERSONAL_SANITARIO_precision": 0.9900793650793651,
    "NOMBRE_PERSONAL_SANITARIO_recall": 0.9960079840319361,
    "NOMBRE_SUJETO_ASISTENCIA_f1": 0.9970149253731343,
    "NOMBRE_SUJETO_ASISTENCIA_number": 502,
    "NOMBRE_SUJETO_ASISTENCIA_precision": 0.9960238568588469,
    "NOMBRE_SUJETO_ASISTENCIA_recall": 0.99800796812749,
    "NUMERO_FAX_f1": 0.923076923076923,
    "NUMERO_FAX_number": 7,
    "NUMERO_FAX_precision": 1.0,
    "NUMERO_FAX_recall": 0.8571428571428571,
    "NUMERO_TELEFONO_f1": 0.8679245283018868,
    "NUMERO_TELEFONO_number": 26,
    "NUMERO_TELEFONO_precision": 0.8518518518518519,
    "NUMERO_TELEFONO_recall": 0.8846153846153846,
    "OTROS_SUJETO_ASISTENCIA_f1": 0.0,
    "OTROS_SUJETO_ASISTENCIA_number": 7,
    "OTROS_SUJETO_ASISTENCIA_precision": 0.0,
    "OTROS_SUJETO_ASISTENCIA_recall": 0.0,
    "PAIS_f1": 0.9752066115702479,
    "PAIS_number": 363,
    "PAIS_precision": 0.9752066115702479,
    "PAIS_recall": 0.9752066115702479,
    "PROFESION_f1": 0.4166666666666667,
    "PROFESION_number": 9,
    "PROFESION_precision": 0.3333333333333333,
    "PROFESION_recall": 0.5555555555555556,
    "SEXO_SUJETO_ASISTENCIA_f1": 0.9860365198711063,
    "SEXO_SUJETO_ASISTENCIA_number": 461,
    "SEXO_SUJETO_ASISTENCIA_precision": 0.9765957446808511,
    "SEXO_SUJETO_ASISTENCIA_recall": 0.9956616052060737,
    "TERRITORIO_f1": 0.9676409185803756,
    "TERRITORIO_number": 956,
    "TERRITORIO_precision": 0.965625,
    "TERRITORIO_recall": 0.9696652719665272,
    "overall_accuracy": 0.9967291919617415,
    "overall_f1": 0.9641916798314903,
    "overall_precision": 0.9581371009942439,
    "overall_recall": 0.9703232644409115
}