{
    "MORFOLOGIA_NEOPLASIA_f1": 0.834164084601913,
    "MORFOLOGIA_NEOPLASIA_number": 3562,
    "MORFOLOGIA_NEOPLASIA_precision": 0.8018648018648019,
    "MORFOLOGIA_NEOPLASIA_recall": 0.8691746209994385,
    "epoch": 10.0,
    "eval_MORFOLOGIA_NEOPLASIA_f1": 0.8340998685939552,
    "eval_MORFOLOGIA_NEOPLASIA_number": 5908,
    "eval_MORFOLOGIA_NEOPLASIA_precision": 0.8101467772814295,
    "eval_MORFOLOGIA_NEOPLASIA_recall": 0.8595125253893027,
    "eval_loss": 0.049029652029275894,
    "eval_overall_accuracy": 0.9910587803943136,
    "eval_overall_f1": 0.8340998685939552,
    "eval_overall_precision": 0.8101467772814295,
    "eval_overall_recall": 0.8595125253893027,
    "eval_runtime": 37.2063,
    "eval_samples_per_second": 13.654,
    "eval_steps_per_second": 3.413,
    "overall_accuracy": 0.9913774104683195,
    "overall_f1": 0.834164084601913,
    "overall_precision": 0.8018648018648019,
    "overall_recall": 0.8691746209994385,
    "total_flos": 4645918987670016.0,
    "train_loss": 0.01806198332924396,
    "train_runtime": 2088.6605,
    "train_samples_per_second": 2.437,
    "train_steps_per_second": 0.306
}