{
    "MORFOLOGIA_NEOPLASIA_f1": 0.834164084601913,
    "MORFOLOGIA_NEOPLASIA_number": 3562,
    "MORFOLOGIA_NEOPLASIA_precision": 0.8018648018648019,
    "MORFOLOGIA_NEOPLASIA_recall": 0.8691746209994385,
    "overall_accuracy": 0.9913774104683195,
    "overall_f1": 0.834164084601913,
    "overall_precision": 0.8018648018648019,
    "overall_recall": 0.8691746209994385
}