{
    "ACTIVIDAD_f1": 0.4482758620689655,
    "ACTIVIDAD_number": 28,
    "ACTIVIDAD_precision": 0.43333333333333335,
    "ACTIVIDAD_recall": 0.4642857142857143,
    "PROFESION_f1": 0.861407249466951,
    "PROFESION_number": 695,
    "PROFESION_precision": 0.851123595505618,
    "PROFESION_recall": 0.8719424460431655,
    "SITUACION_LABORAL_f1": 0.6415094339622642,
    "SITUACION_LABORAL_number": 356,
    "SITUACION_LABORAL_precision": 0.6636636636636637,
    "SITUACION_LABORAL_recall": 0.6207865168539326,
    "epoch": 10.0,
    "eval_ACTIVIDAD_f1": 0.43478260869565216,
    "eval_ACTIVIDAD_number": 21,
    "eval_ACTIVIDAD_precision": 0.4,
    "eval_ACTIVIDAD_recall": 0.47619047619047616,
    "eval_PROFESION_f1": 0.8339041095890412,
    "eval_PROFESION_number": 574,
    "eval_PROFESION_precision": 0.8198653198653199,
    "eval_PROFESION_recall": 0.8484320557491289,
    "eval_SITUACION_LABORAL_f1": 0.6932084309133489,
    "eval_SITUACION_LABORAL_number": 196,
    "eval_SITUACION_LABORAL_precision": 0.6406926406926406,
    "eval_SITUACION_LABORAL_recall": 0.7551020408163265,
    "eval_loss": 0.016946924850344658,
    "eval_overall_accuracy": 0.9971515588965372,
    "eval_overall_f1": 0.7861060329067641,
    "eval_overall_precision": 0.7588235294117647,
    "eval_overall_recall": 0.8154235145385588,
    "eval_runtime": 9.2199,
    "eval_samples_per_second": 70.391,
    "eval_steps_per_second": 8.894,
    "overall_accuracy": 0.996334080893308,
    "overall_f1": 0.7799442896935933,
    "overall_precision": 0.7813953488372093,
    "overall_recall": 0.7784986098239111,
    "total_flos": 6895933124720640.0,
    "train_loss": 0.005877546724496465,
    "train_runtime": 1204.9335,
    "train_samples_per_second": 21.902,
    "train_steps_per_second": 2.739
}