{
    "ACTIVIDAD_f1": 0.4482758620689655,
    "ACTIVIDAD_number": 28,
    "ACTIVIDAD_precision": 0.43333333333333335,
    "ACTIVIDAD_recall": 0.4642857142857143,
    "PROFESION_f1": 0.861407249466951,
    "PROFESION_number": 695,
    "PROFESION_precision": 0.851123595505618,
    "PROFESION_recall": 0.8719424460431655,
    "SITUACION_LABORAL_f1": 0.6415094339622642,
    "SITUACION_LABORAL_number": 356,
    "SITUACION_LABORAL_precision": 0.6636636636636637,
    "SITUACION_LABORAL_recall": 0.6207865168539326,
    "overall_accuracy": 0.996334080893308,
    "overall_f1": 0.7799442896935933,
    "overall_precision": 0.7813953488372093,
    "overall_recall": 0.7784986098239111
}