{
    "ENFERMEDAD_f1": 0.722900435556101,
    "ENFERMEDAD_number": 7784,
    "ENFERMEDAD_precision": 0.6917928848185981,
    "ENFERMEDAD_recall": 0.7569373072970196,
    "epoch": 10.0,
    "eval_ENFERMEDAD_f1": 0.7170151235006874,
    "eval_ENFERMEDAD_number": 10184,
    "eval_ENFERMEDAD_precision": 0.6931891099092492,
    "eval_ENFERMEDAD_recall": 0.7425373134328358,
    "eval_loss": 0.21166042983531952,
    "eval_overall_accuracy": 0.9652726776758923,
    "eval_overall_f1": 0.7170151235006874,
    "eval_overall_precision": 0.6931891099092492,
    "eval_overall_recall": 0.7425373134328358,
    "eval_runtime": 16.5759,
    "eval_samples_per_second": 15.565,
    "eval_steps_per_second": 3.921,
    "overall_accuracy": 0.9667370939070031,
    "overall_f1": 0.722900435556101,
    "overall_precision": 0.6917928848185981,
    "overall_recall": 0.7569373072970196,
    "total_flos": 4615462244332800.0,
    "train_loss": 0.02888514699935913,
    "train_runtime": 1330.7881,
    "train_samples_per_second": 7.514,
    "train_steps_per_second": 0.939
}