{
    "epoch": 10.0,
    "eval_ENFERMEDAD_f1": 0.7170151235006874,
    "eval_ENFERMEDAD_number": 10184,
    "eval_ENFERMEDAD_precision": 0.6931891099092492,
    "eval_ENFERMEDAD_recall": 0.7425373134328358,
    "eval_loss": 0.21166042983531952,
    "eval_overall_accuracy": 0.9652726776758923,
    "eval_overall_f1": 0.7170151235006874,
    "eval_overall_precision": 0.6931891099092492,
    "eval_overall_recall": 0.7425373134328358,
    "eval_runtime": 16.5759,
    "eval_samples_per_second": 15.565,
    "eval_steps_per_second": 3.921
}