{
    "DIAGNOSTICO_f1": 0.6845337800111669,
    "DIAGNOSTICO_number": 3491,
    "DIAGNOSTICO_precision": 0.6675741900353934,
    "DIAGNOSTICO_recall": 0.7023775422515038,
    "PROCEDIMIENTO_f1": 0.5902805215329908,
    "PROCEDIMIENTO_number": 1241,
    "PROCEDIMIENTO_precision": 0.5790697674418605,
    "PROCEDIMIENTO_recall": 0.6019339242546333,
    "epoch": 9.704,
    "eval_DIAGNOSTICO_f1": 0.6671520093185789,
    "eval_DIAGNOSTICO_number": 3342,
    "eval_DIAGNOSTICO_precision": 0.6497447532614861,
    "eval_DIAGNOSTICO_recall": 0.6855176540993417,
    "eval_PROCEDIMIENTO_f1": 0.590110339190846,
    "eval_PROCEDIMIENTO_number": 1205,
    "eval_PROCEDIMIENTO_precision": 0.5813204508856683,
    "eval_PROCEDIMIENTO_recall": 0.5991701244813278,
    "eval_loss": 0.2101188600063324,
    "eval_overall_accuracy": 0.9535619287955258,
    "eval_overall_f1": 0.6469135802469136,
    "eval_overall_precision": 0.6319211409395973,
    "eval_overall_recall": 0.6626347042005718,
    "eval_runtime": 11.0704,
    "eval_samples_per_second": 22.583,
    "eval_steps_per_second": 5.691,
    "overall_accuracy": 0.9544083762537273,
    "overall_f1": 0.659927797833935,
    "overall_precision": 0.6445698166431594,
    "overall_recall": 0.6760355029585798,
    "total_flos": 2238419295076032.0,
    "train_loss": 0.08215963302120086,
    "train_runtime": 1087.02,
    "train_samples_per_second": 4.6,
    "train_steps_per_second": 0.285
}