{
    "DIAGNOSTICO_f1": 0.6845337800111669,
    "DIAGNOSTICO_number": 3491,
    "DIAGNOSTICO_precision": 0.6675741900353934,
    "DIAGNOSTICO_recall": 0.7023775422515038,
    "PROCEDIMIENTO_f1": 0.5902805215329908,
    "PROCEDIMIENTO_number": 1241,
    "PROCEDIMIENTO_precision": 0.5790697674418605,
    "PROCEDIMIENTO_recall": 0.6019339242546333,
    "overall_accuracy": 0.9544083762537273,
    "overall_f1": 0.659927797833935,
    "overall_precision": 0.6445698166431594,
    "overall_recall": 0.6760355029585798
}