{
    "ACTIVIDAD_f1": 0.39999999999999997,
    "ACTIVIDAD_number": 28,
    "ACTIVIDAD_precision": 0.5294117647058824,
    "ACTIVIDAD_recall": 0.32142857142857145,
    "PROFESION_f1": 0.8522238163558106,
    "PROFESION_number": 695,
    "PROFESION_precision": 0.8497854077253219,
    "PROFESION_recall": 0.8546762589928057,
    "SITUACION_LABORAL_f1": 0.6519174041297936,
    "SITUACION_LABORAL_number": 356,
    "SITUACION_LABORAL_precision": 0.6863354037267081,
    "SITUACION_LABORAL_recall": 0.6207865168539326,
    "overall_accuracy": 0.9962595862804448,
    "overall_f1": 0.7784600850259803,
    "overall_precision": 0.7938342967244701,
    "overall_recall": 0.7636700648748842
}