{
    "ENFERMEDAD_f1": 0.7018354351354725,
    "ENFERMEDAD_number": 7840,
    "ENFERMEDAD_precision": 0.6873318659819027,
    "ENFERMEDAD_recall": 0.7169642857142857,
    "epoch": 10.0,
    "eval_ENFERMEDAD_f1": 0.6924459743736853,
    "eval_ENFERMEDAD_number": 12859,
    "eval_ENFERMEDAD_precision": 0.6813186813186813,
    "eval_ENFERMEDAD_recall": 0.7039427638230034,
    "eval_loss": 0.3000970482826233,
    "eval_overall_accuracy": 0.9547152103872983,
    "eval_overall_f1": 0.6924459743736853,
    "eval_overall_precision": 0.6813186813186813,
    "eval_overall_recall": 0.7039427638230034,
    "eval_runtime": 31.2621,
    "eval_samples_per_second": 41.808,
    "eval_steps_per_second": 5.246,
    "overall_accuracy": 0.9578707173413069,
    "overall_f1": 0.7018354351354725,
    "overall_precision": 0.6873318659819027,
    "overall_recall": 0.7169642857142857,
    "total_flos": 1.6092921499535616e+16,
    "train_loss": 0.03227952070499895,
    "train_runtime": 2115.9976,
    "train_samples_per_second": 8.195,
    "train_steps_per_second": 1.026
}