{
    "epoch": 10.0,
    "total_flos": 1.6092921499535616e+16,
    "train_loss": 0.03227952070499895,
    "train_runtime": 2115.9976,
    "train_samples_per_second": 8.195,
    "train_steps_per_second": 1.026
}