{
    "MORFOLOGIA_NEOPLASIA_f1": 0.8396136580057135,
    "MORFOLOGIA_NEOPLASIA_number": 3569,
    "MORFOLOGIA_NEOPLASIA_precision": 0.8159703860391327,
    "MORFOLOGIA_NEOPLASIA_recall": 0.8646679742224713,
    "epoch": 10.0,
    "eval_MORFOLOGIA_NEOPLASIA_f1": 0.8414475397032024,
    "eval_MORFOLOGIA_NEOPLASIA_number": 7553,
    "eval_MORFOLOGIA_NEOPLASIA_precision": 0.827550889770836,
    "eval_MORFOLOGIA_NEOPLASIA_recall": 0.8558188799152655,
    "eval_loss": 0.07570846378803253,
    "eval_overall_accuracy": 0.9894085631008784,
    "eval_overall_f1": 0.8414475397032024,
    "eval_overall_precision": 0.827550889770836,
    "eval_overall_recall": 0.8558188799152655,
    "eval_runtime": 39.0521,
    "eval_samples_per_second": 42.251,
    "eval_steps_per_second": 5.301,
    "overall_accuracy": 0.9901137770279025,
    "overall_f1": 0.8396136580057135,
    "overall_precision": 0.8159703860391327,
    "overall_recall": 0.8646679742224713,
    "total_flos": 1.688395036207104e+16,
    "train_loss": 0.012489067825178305,
    "train_runtime": 3528.1908,
    "train_samples_per_second": 5.153,
    "train_steps_per_second": 0.646
}