{
    "MORFOLOGIA_NEOPLASIA_f1": 0.8396136580057135,
    "MORFOLOGIA_NEOPLASIA_number": 3569,
    "MORFOLOGIA_NEOPLASIA_precision": 0.8159703860391327,
    "MORFOLOGIA_NEOPLASIA_recall": 0.8646679742224713,
    "overall_accuracy": 0.9901137770279025,
    "overall_f1": 0.8396136580057135,
    "overall_precision": 0.8159703860391327,
    "overall_recall": 0.8646679742224713
}