{
    "epoch": 10.0,
    "total_flos": 1.688395036207104e+16,
    "train_loss": 0.012489067825178305,
    "train_runtime": 3528.1908,
    "train_samples_per_second": 5.153,
    "train_steps_per_second": 0.646
}