{
    "ENFERMEDAD_f1": 0.724222086638194,
    "ENFERMEDAD_number": 7784,
    "ENFERMEDAD_precision": 0.6896351382756216,
    "ENFERMEDAD_recall": 0.7624614594039054,
    "epoch": 10.0,
    "eval_ENFERMEDAD_f1": 0.7171419206817436,
    "eval_ENFERMEDAD_number": 10184,
    "eval_ENFERMEDAD_precision": 0.6854023091381007,
    "eval_ENFERMEDAD_recall": 0.7519638648860958,
    "eval_loss": 0.21417929232120514,
    "eval_overall_accuracy": 0.9644936735421868,
    "eval_overall_f1": 0.7171419206817436,
    "eval_overall_precision": 0.6854023091381007,
    "eval_overall_recall": 0.7519638648860958,
    "eval_runtime": 14.3205,
    "eval_samples_per_second": 18.016,
    "eval_steps_per_second": 4.539,
    "overall_accuracy": 0.9661752093923432,
    "overall_f1": 0.724222086638194,
    "overall_precision": 0.6896351382756216,
    "overall_recall": 0.7624614594039054,
    "total_flos": 4615462244332800.0,
    "train_loss": 0.027211641216278077,
    "train_runtime": 1138.9473,
    "train_samples_per_second": 8.78,
    "train_steps_per_second": 1.098
}