{
    "FARMACO_f1": 0.9047753602712632,
    "FARMACO_number": 1723,
    "FARMACO_precision": 0.8816079295154186,
    "FARMACO_recall": 0.9291932675565874,
    "epoch": 10.0,
    "eval_FARMACO_f1": 0.9016840417000802,
    "eval_FARMACO_number": 3056,
    "eval_FARMACO_precision": 0.8842403271469016,
    "eval_FARMACO_recall": 0.9198298429319371,
    "eval_loss": 0.010798836126923561,
    "eval_overall_accuracy": 0.997987077209967,
    "eval_overall_f1": 0.9016840417000802,
    "eval_overall_precision": 0.8842403271469016,
    "eval_overall_recall": 0.9198298429319371,
    "eval_runtime": 13.7861,
    "eval_samples_per_second": 72.537,
    "eval_steps_per_second": 9.067,
    "overall_accuracy": 0.9981607136706506,
    "overall_f1": 0.9047753602712632,
    "overall_precision": 0.8816079295154186,
    "overall_recall": 0.9291932675565874,
    "total_flos": 3616510457958912.0,
    "train_loss": 0.008270823591570744,
    "train_runtime": 828.3081,
    "train_samples_per_second": 16.805,
    "train_steps_per_second": 2.101
}