{
    "epoch": 10.0,
    "eval_FARMACO_f1": 0.9016840417000802,
    "eval_FARMACO_number": 3056,
    "eval_FARMACO_precision": 0.8842403271469016,
    "eval_FARMACO_recall": 0.9198298429319371,
    "eval_loss": 0.010798836126923561,
    "eval_overall_accuracy": 0.997987077209967,
    "eval_overall_f1": 0.9016840417000802,
    "eval_overall_precision": 0.8842403271469016,
    "eval_overall_recall": 0.9198298429319371,
    "eval_runtime": 13.7861,
    "eval_samples_per_second": 72.537,
    "eval_steps_per_second": 9.067
}