{
    "epoch": 9.848,
    "eval_NORMALIZABLES_f1": 0.9115706115266168,
    "eval_NORMALIZABLES_number": 1121,
    "eval_NORMALIZABLES_precision": 0.8993055555555556,
    "eval_NORMALIZABLES_recall": 0.9241748438893844,
    "eval_NO_NORMALIZABLES_f1": 0.1111111111111111,
    "eval_NO_NORMALIZABLES_number": 16,
    "eval_NO_NORMALIZABLES_precision": 0.5,
    "eval_NO_NORMALIZABLES_recall": 0.0625,
    "eval_PROTEINAS_f1": 0.8928571428571429,
    "eval_PROTEINAS_number": 745,
    "eval_PROTEINAS_precision": 0.8800521512385919,
    "eval_PROTEINAS_recall": 0.9060402684563759,
    "eval_UNCLEAR_f1": 0.7391304347826088,
    "eval_UNCLEAR_number": 44,
    "eval_UNCLEAR_precision": 0.7083333333333334,
    "eval_UNCLEAR_recall": 0.7727272727272727,
    "eval_loss": 0.02329745888710022,
    "eval_overall_accuracy": 0.9951929437706726,
    "eval_overall_f1": 0.8965340179717586,
    "eval_overall_precision": 0.8867445403758253,
    "eval_overall_recall": 0.9065420560747663,
    "eval_runtime": 8.9395,
    "eval_samples_per_second": 27.966,
    "eval_steps_per_second": 7.047
}