{
    "NORMALIZABLES_f1": 0.9218274111675127,
    "NORMALIZABLES_number": 973,
    "NORMALIZABLES_precision": 0.9107321965897693,
    "NORMALIZABLES_recall": 0.9331963001027749,
    "NO_NORMALIZABLES_f1": 0.0,
    "NO_NORMALIZABLES_number": 10,
    "NO_NORMALIZABLES_precision": 0.0,
    "NO_NORMALIZABLES_recall": 0.0,
    "PROTEINAS_f1": 0.8727477477477479,
    "PROTEINAS_number": 859,
    "PROTEINAS_precision": 0.8451472191930207,
    "PROTEINAS_recall": 0.9022118742724098,
    "UNCLEAR_f1": 0.7323943661971832,
    "UNCLEAR_number": 34,
    "UNCLEAR_precision": 0.7027027027027027,
    "UNCLEAR_recall": 0.7647058823529411,
    "overall_accuracy": 0.995647516874373,
    "overall_f1": 0.8919624217118998,
    "overall_precision": 0.873721881390593,
    "overall_recall": 0.9109808102345416
}