{
    "FARMACO_f1": 0.9087749782797567,
    "FARMACO_number": 1717,
    "FARMACO_precision": 0.9038018433179723,
    "FARMACO_recall": 0.9138031450203844,
    "epoch": 10.0,
    "eval_FARMACO_f1": 0.8942270437814801,
    "eval_FARMACO_number": 2566,
    "eval_FARMACO_precision": 0.889060092449923,
    "eval_FARMACO_recall": 0.8994544037412315,
    "eval_loss": 0.00990879163146019,
    "eval_overall_accuracy": 0.9981540357490524,
    "eval_overall_f1": 0.8942270437814801,
    "eval_overall_precision": 0.889060092449923,
    "eval_overall_recall": 0.8994544037412315,
    "eval_runtime": 20.3293,
    "eval_samples_per_second": 14.609,
    "eval_steps_per_second": 3.689,
    "overall_accuracy": 0.998268344215054,
    "overall_f1": 0.9087749782797567,
    "overall_precision": 0.9038018433179723,
    "overall_recall": 0.9138031450203844,
    "total_flos": 4615462244332800.0,
    "train_loss": 0.004635493974387645,
    "train_runtime": 1756.0147,
    "train_samples_per_second": 5.695,
    "train_steps_per_second": 0.712
}