{
    "FARMACO_f1": 0.9087749782797567,
    "FARMACO_number": 1717,
    "FARMACO_precision": 0.9038018433179723,
    "FARMACO_recall": 0.9138031450203844,
    "overall_accuracy": 0.998268344215054,
    "overall_f1": 0.9087749782797567,
    "overall_precision": 0.9038018433179723,
    "overall_recall": 0.9138031450203844
}