{
    "MORFOLOGIA_NEOPLASIA_f1": 0.8359300907736079,
    "MORFOLOGIA_NEOPLASIA_number": 3569,
    "MORFOLOGIA_NEOPLASIA_precision": 0.809286463798531,
    "MORFOLOGIA_NEOPLASIA_recall": 0.8643877836929111,
    "epoch": 10.0,
    "eval_MORFOLOGIA_NEOPLASIA_f1": 0.8353792479648533,
    "eval_MORFOLOGIA_NEOPLASIA_number": 7553,
    "eval_MORFOLOGIA_NEOPLASIA_precision": 0.8157728706624605,
    "eval_MORFOLOGIA_NEOPLASIA_recall": 0.8559512776380246,
    "eval_loss": 0.07300975918769836,
    "eval_overall_accuracy": 0.9891252834474731,
    "eval_overall_f1": 0.8353792479648533,
    "eval_overall_precision": 0.8157728706624605,
    "eval_overall_recall": 0.8559512776380246,
    "eval_runtime": 39.3335,
    "eval_samples_per_second": 41.949,
    "eval_steps_per_second": 5.263,
    "overall_accuracy": 0.9896699170450504,
    "overall_f1": 0.8359300907736079,
    "overall_precision": 0.809286463798531,
    "overall_recall": 0.8643877836929111,
    "total_flos": 1.688395036207104e+16,
    "train_loss": 0.011831733064824029,
    "train_runtime": 3612.8254,
    "train_samples_per_second": 5.032,
    "train_steps_per_second": 0.631
}