{
    "MORFOLOGIA_NEOPLASIA_f1": 0.8359300907736079,
    "MORFOLOGIA_NEOPLASIA_number": 3569,
    "MORFOLOGIA_NEOPLASIA_precision": 0.809286463798531,
    "MORFOLOGIA_NEOPLASIA_recall": 0.8643877836929111,
    "overall_accuracy": 0.9896699170450504,
    "overall_f1": 0.8359300907736079,
    "overall_precision": 0.809286463798531,
    "overall_recall": 0.8643877836929111
}