{
    "ENFERMEDAD_f1": 0.7129123468426013,
    "ENFERMEDAD_number": 2548,
    "ENFERMEDAD_precision": 0.6858904606456293,
    "ENFERMEDAD_recall": 0.7421507064364207,
    "epoch": 10.0,
    "eval_ENFERMEDAD_f1": 0.7120843471208436,
    "eval_ENFERMEDAD_number": 1797,
    "eval_ENFERMEDAD_precision": 0.692429022082019,
    "eval_ENFERMEDAD_recall": 0.7328881469115192,
    "eval_loss": 0.17822450399398804,
    "eval_overall_accuracy": 0.964669299795586,
    "eval_overall_f1": 0.7120843471208436,
    "eval_overall_precision": 0.692429022082019,
    "eval_overall_recall": 0.7328881469115192,
    "eval_runtime": 4.4023,
    "eval_samples_per_second": 64.057,
    "eval_steps_per_second": 8.178,
    "overall_accuracy": 0.9645144173369834,
    "overall_f1": 0.7129123468426013,
    "overall_precision": 0.6858904606456293,
    "overall_recall": 0.7421507064364207,
    "total_flos": 3020933667603456.0,
    "train_loss": 0.03972603781469937,
    "train_runtime": 1054.1129,
    "train_samples_per_second": 10.976,
    "train_steps_per_second": 1.376
}