{
    "PROCEDIMIENTO_f1": 0.7641073080481037,
    "PROCEDIMIENTO_number": 3648,
    "PROCEDIMIENTO_precision": 0.7376881857616739,
    "PROCEDIMIENTO_recall": 0.7924890350877193,
    "epoch": 10.0,
    "eval_PROCEDIMIENTO_f1": 0.7678364828384111,
    "eval_PROCEDIMIENTO_number": 2491,
    "eval_PROCEDIMIENTO_precision": 0.7387755102040816,
    "eval_PROCEDIMIENTO_recall": 0.7992773986350863,
    "eval_loss": 0.23608097434043884,
    "eval_overall_accuracy": 0.965515865892818,
    "eval_overall_f1": 0.7678364828384111,
    "eval_overall_precision": 0.7387755102040816,
    "eval_overall_recall": 0.7992773986350863,
    "eval_runtime": 5.8917,
    "eval_samples_per_second": 42.602,
    "eval_steps_per_second": 5.431,
    "overall_accuracy": 0.964092606825506,
    "overall_f1": 0.7641073080481037,
    "overall_precision": 0.7376881857616739,
    "overall_recall": 0.7924890350877193,
    "total_flos": 9791608682243184.0,
    "train_loss": 0.04379639277855555,
    "train_runtime": 1488.1273,
    "train_samples_per_second": 7.089,
    "train_steps_per_second": 0.887
}