{
    "ENFERMEDAD_f1": 0.7525577870405457,
    "ENFERMEDAD_number": 2561,
    "ENFERMEDAD_precision": 0.7309532572690467,
    "ENFERMEDAD_recall": 0.7754783287778212,
    "epoch": 10.0,
    "eval_ENFERMEDAD_f1": 0.73737658674189,
    "eval_ENFERMEDAD_number": 1700,
    "eval_ENFERMEDAD_precision": 0.7084010840108401,
    "eval_ENFERMEDAD_recall": 0.7688235294117647,
    "eval_loss": 0.14917439222335815,
    "eval_overall_accuracy": 0.9701408676807,
    "eval_overall_f1": 0.73737658674189,
    "eval_overall_precision": 0.7084010840108401,
    "eval_overall_recall": 0.7688235294117647,
    "eval_runtime": 2.7522,
    "eval_samples_per_second": 75.939,
    "eval_steps_per_second": 9.81,
    "overall_accuracy": 0.9703072238170444,
    "overall_f1": 0.7525577870405457,
    "overall_precision": 0.7309532572690467,
    "overall_recall": 0.7754783287778212,
    "total_flos": 2155211465564736.0,
    "train_loss": 0.030768042881614888,
    "train_runtime": 741.1199,
    "train_samples_per_second": 11.199,
    "train_steps_per_second": 1.403
}