{
    "epoch": 10.0,
    "eval_ENFERMEDAD_f1": 0.73737658674189,
    "eval_ENFERMEDAD_number": 1700,
    "eval_ENFERMEDAD_precision": 0.7084010840108401,
    "eval_ENFERMEDAD_recall": 0.7688235294117647,
    "eval_loss": 0.14917439222335815,
    "eval_overall_accuracy": 0.9701408676807,
    "eval_overall_f1": 0.73737658674189,
    "eval_overall_precision": 0.7084010840108401,
    "eval_overall_recall": 0.7688235294117647,
    "eval_runtime": 2.7522,
    "eval_samples_per_second": 75.939,
    "eval_steps_per_second": 9.81
}