{
    "CALLE_f1": 0.9232585596221959,
    "CALLE_number": 413,
    "CALLE_precision": 0.9009216589861752,
    "CALLE_recall": 0.9467312348668281,
    "CENTRO_SALUD_f1": 0.0,
    "CENTRO_SALUD_number": 6,
    "CENTRO_SALUD_precision": 0.0,
    "CENTRO_SALUD_recall": 0.0,
    "CORREO_ELECTRONICO_f1": 0.9849624060150376,
    "CORREO_ELECTRONICO_number": 265,
    "CORREO_ELECTRONICO_precision": 0.9812734082397003,
    "CORREO_ELECTRONICO_recall": 0.9886792452830189,
    "EDAD_SUJETO_ASISTENCIA_f1": 0.9781576448243116,
    "EDAD_SUJETO_ASISTENCIA_number": 518,
    "EDAD_SUJETO_ASISTENCIA_precision": 0.9626168224299065,
    "EDAD_SUJETO_ASISTENCIA_recall": 0.9942084942084942,
    "FAMILIARES_SUJETO_ASISTENCIA_f1": 0.6594594594594596,
    "FAMILIARES_SUJETO_ASISTENCIA_number": 81,
    "FAMILIARES_SUJETO_ASISTENCIA_precision": 0.5865384615384616,
    "FAMILIARES_SUJETO_ASISTENCIA_recall": 0.7530864197530864,
    "FECHAS_f1": 0.9918433931484503,
    "FECHAS_number": 611,
    "FECHAS_precision": 0.9886178861788618,
    "FECHAS_recall": 0.9950900163666121,
    "HOSPITAL_f1": 0.8345323741007193,
    "HOSPITAL_number": 131,
    "HOSPITAL_precision": 0.7891156462585034,
    "HOSPITAL_recall": 0.8854961832061069,
    "ID_ASEGURAMIENTO_f1": 0.9899497487437185,
    "ID_ASEGURAMIENTO_number": 199,
    "ID_ASEGURAMIENTO_precision": 0.9899497487437185,
    "ID_ASEGURAMIENTO_recall": 0.9899497487437185,
    "ID_CONTACTO_ASISTENCIAL_f1": 1.0,
    "ID_CONTACTO_ASISTENCIAL_number": 44,
    "ID_CONTACTO_ASISTENCIAL_precision": 1.0,
    "ID_CONTACTO_ASISTENCIAL_recall": 1.0,
    "ID_SUJETO_ASISTENCIA_f1": 0.9617834394904459,
    "ID_SUJETO_ASISTENCIA_number": 316,
    "ID_SUJETO_ASISTENCIA_precision": 0.967948717948718,
    "ID_SUJETO_ASISTENCIA_recall": 0.9556962025316456,
    "ID_TITULACION_PERSONAL_SANITARIO_f1": 0.9893390191897654,
    "ID_TITULACION_PERSONAL_SANITARIO_number": 234,
    "ID_TITULACION_PERSONAL_SANITARIO_precision": 0.9872340425531915,
    "ID_TITULACION_PERSONAL_SANITARIO_recall": 0.9914529914529915,
    "INSTITUCION_f1": 0.4473684210526316,
    "INSTITUCION_number": 67,
    "INSTITUCION_precision": 0.4,
    "INSTITUCION_recall": 0.5074626865671642,
    "NOMBRE_PERSONAL_SANITARIO_f1": 0.9900398406374502,
    "NOMBRE_PERSONAL_SANITARIO_number": 501,
    "NOMBRE_PERSONAL_SANITARIO_precision": 0.9880715705765407,
    "NOMBRE_PERSONAL_SANITARIO_recall": 0.9920159680638723,
    "NOMBRE_SUJETO_ASISTENCIA_f1": 0.998003992015968,
    "NOMBRE_SUJETO_ASISTENCIA_number": 502,
    "NOMBRE_SUJETO_ASISTENCIA_precision": 1.0,
    "NOMBRE_SUJETO_ASISTENCIA_recall": 0.9960159362549801,
    "NUMERO_FAX_f1": 0.0,
    "NUMERO_FAX_number": 10,
    "NUMERO_FAX_precision": 0.0,
    "NUMERO_FAX_recall": 0.0,
    "NUMERO_TELEFONO_f1": 0.8648648648648648,
    "NUMERO_TELEFONO_number": 32,
    "NUMERO_TELEFONO_precision": 0.7619047619047619,
    "NUMERO_TELEFONO_recall": 1.0,
    "OTROS_SUJETO_ASISTENCIA_f1": 0.0,
    "OTROS_SUJETO_ASISTENCIA_number": 7,
    "OTROS_SUJETO_ASISTENCIA_precision": 0.0,
    "OTROS_SUJETO_ASISTENCIA_recall": 0.0,
    "PAIS_f1": 0.9849521203830369,
    "PAIS_number": 363,
    "PAIS_precision": 0.9782608695652174,
    "PAIS_recall": 0.9917355371900827,
    "PROFESION_f1": 0.6,
    "PROFESION_number": 10,
    "PROFESION_precision": 0.6,
    "PROFESION_recall": 0.6,
    "SEXO_SUJETO_ASISTENCIA_f1": 0.9849785407725321,
    "SEXO_SUJETO_ASISTENCIA_number": 461,
    "SEXO_SUJETO_ASISTENCIA_precision": 0.9745222929936306,
    "SEXO_SUJETO_ASISTENCIA_recall": 0.9956616052060737,
    "TERRITORIO_f1": 0.9713408393039917,
    "TERRITORIO_number": 974,
    "TERRITORIO_precision": 0.9683673469387755,
    "TERRITORIO_recall": 0.9743326488706365,
    "epoch": 10.0,
    "eval_CALLE_f1": 0.9042316258351893,
    "eval_CALLE_number": 438,
    "eval_CALLE_precision": 0.8826086956521739,
    "eval_CALLE_recall": 0.9269406392694064,
    "eval_CENTRO_SALUD_f1": 0.0,
    "eval_CENTRO_SALUD_number": 2,
    "eval_CENTRO_SALUD_precision": 0.0,
    "eval_CENTRO_SALUD_recall": 0.0,
    "eval_CORREO_ELECTRONICO_f1": 0.9546351084812622,
    "eval_CORREO_ELECTRONICO_number": 250,
    "eval_CORREO_ELECTRONICO_precision": 0.9416342412451362,
    "eval_CORREO_ELECTRONICO_recall": 0.968,
    "eval_EDAD_SUJETO_ASISTENCIA_f1": 0.9518413597733711,
    "eval_EDAD_SUJETO_ASISTENCIA_number": 526,
    "eval_EDAD_SUJETO_ASISTENCIA_precision": 0.9455909943714822,
    "eval_EDAD_SUJETO_ASISTENCIA_recall": 0.9581749049429658,
    "eval_FAMILIARES_SUJETO_ASISTENCIA_f1": 0.6448598130841122,
    "eval_FAMILIARES_SUJETO_ASISTENCIA_number": 103,
    "eval_FAMILIARES_SUJETO_ASISTENCIA_precision": 0.6216216216216216,
    "eval_FAMILIARES_SUJETO_ASISTENCIA_recall": 0.6699029126213593,
    "eval_FECHAS_f1": 0.961463096015676,
    "eval_FECHAS_number": 762,
    "eval_FECHAS_precision": 0.9570871261378413,
    "eval_FECHAS_recall": 0.9658792650918635,
    "eval_HOSPITAL_f1": 0.817891373801917,
    "eval_HOSPITAL_number": 151,
    "eval_HOSPITAL_precision": 0.7901234567901234,
    "eval_HOSPITAL_recall": 0.847682119205298,
    "eval_ID_ASEGURAMIENTO_f1": 0.9740932642487047,
    "eval_ID_ASEGURAMIENTO_number": 192,
    "eval_ID_ASEGURAMIENTO_precision": 0.9690721649484536,
    "eval_ID_ASEGURAMIENTO_recall": 0.9791666666666666,
    "eval_ID_CONTACTO_ASISTENCIAL_f1": 0.9459459459459458,
    "eval_ID_CONTACTO_ASISTENCIAL_number": 36,
    "eval_ID_CONTACTO_ASISTENCIAL_precision": 0.9210526315789473,
    "eval_ID_CONTACTO_ASISTENCIAL_recall": 0.9722222222222222,
    "eval_ID_SUJETO_ASISTENCIA_f1": 0.9233128834355828,
    "eval_ID_SUJETO_ASISTENCIA_number": 325,
    "eval_ID_SUJETO_ASISTENCIA_precision": 0.9204892966360856,
    "eval_ID_SUJETO_ASISTENCIA_recall": 0.9261538461538461,
    "eval_ID_TITULACION_PERSONAL_SANITARIO_f1": 0.962800875273523,
    "eval_ID_TITULACION_PERSONAL_SANITARIO_number": 227,
    "eval_ID_TITULACION_PERSONAL_SANITARIO_precision": 0.9565217391304348,
    "eval_ID_TITULACION_PERSONAL_SANITARIO_recall": 0.9691629955947136,
    "eval_INSTITUCION_f1": 0.5934065934065934,
    "eval_INSTITUCION_number": 86,
    "eval_INSTITUCION_precision": 0.5625,
    "eval_INSTITUCION_recall": 0.627906976744186,
    "eval_NOMBRE_PERSONAL_SANITARIO_f1": 0.951923076923077,
    "eval_NOMBRE_PERSONAL_SANITARIO_number": 518,
    "eval_NOMBRE_PERSONAL_SANITARIO_precision": 0.9482758620689655,
    "eval_NOMBRE_PERSONAL_SANITARIO_recall": 0.9555984555984556,
    "eval_NOMBRE_SUJETO_ASISTENCIA_f1": 0.9777327935222672,
    "eval_NOMBRE_SUJETO_ASISTENCIA_number": 487,
    "eval_NOMBRE_SUJETO_ASISTENCIA_precision": 0.9640718562874252,
    "eval_NOMBRE_SUJETO_ASISTENCIA_recall": 0.9917864476386037,
    "eval_NUMERO_FAX_f1": 0.0,
    "eval_NUMERO_FAX_number": 7,
    "eval_NUMERO_FAX_precision": 0.0,
    "eval_NUMERO_FAX_recall": 0.0,
    "eval_NUMERO_TELEFONO_f1": 0.7222222222222222,
    "eval_NUMERO_TELEFONO_number": 31,
    "eval_NUMERO_TELEFONO_precision": 0.6341463414634146,
    "eval_NUMERO_TELEFONO_recall": 0.8387096774193549,
    "eval_OTROS_SUJETO_ASISTENCIA_f1": 0.0,
    "eval_OTROS_SUJETO_ASISTENCIA_number": 7,
    "eval_OTROS_SUJETO_ASISTENCIA_precision": 0.0,
    "eval_OTROS_SUJETO_ASISTENCIA_recall": 0.0,
    "eval_PAIS_f1": 0.9631728045325778,
    "eval_PAIS_number": 352,
    "eval_PAIS_precision": 0.96045197740113,
    "eval_PAIS_recall": 0.9659090909090909,
    "eval_PROFESION_f1": 0.0,
    "eval_PROFESION_number": 4,
    "eval_PROFESION_precision": 0.0,
    "eval_PROFESION_recall": 0.0,
    "eval_SEXO_SUJETO_ASISTENCIA_f1": 0.9410503751339764,
    "eval_SEXO_SUJETO_ASISTENCIA_number": 455,
    "eval_SEXO_SUJETO_ASISTENCIA_precision": 0.9184100418410042,
    "eval_SEXO_SUJETO_ASISTENCIA_recall": 0.9648351648351648,
    "eval_TERRITORIO_f1": 0.9529411764705883,
    "eval_TERRITORIO_number": 999,
    "eval_TERRITORIO_precision": 0.9337175792507204,
    "eval_TERRITORIO_recall": 0.972972972972973,
    "eval_loss": 0.04404439404606819,
    "eval_overall_accuracy": 0.9936103302441588,