{
    "epoch": 10.0,
    "eval_CALLE_f1": 0.9042316258351893,
    "eval_CALLE_number": 438,
    "eval_CALLE_precision": 0.8826086956521739,
    "eval_CALLE_recall": 0.9269406392694064,
    "eval_CENTRO_SALUD_f1": 0.0,
    "eval_CENTRO_SALUD_number": 2,
    "eval_CENTRO_SALUD_precision": 0.0,
    "eval_CENTRO_SALUD_recall": 0.0,
    "eval_CORREO_ELECTRONICO_f1": 0.9546351084812622,
    "eval_CORREO_ELECTRONICO_number": 250,
    "eval_CORREO_ELECTRONICO_precision": 0.9416342412451362,
    "eval_CORREO_ELECTRONICO_recall": 0.968,
    "eval_EDAD_SUJETO_ASISTENCIA_f1": 0.9518413597733711,
    "eval_EDAD_SUJETO_ASISTENCIA_number": 526,
    "eval_EDAD_SUJETO_ASISTENCIA_precision": 0.9455909943714822,
    "eval_EDAD_SUJETO_ASISTENCIA_recall": 0.9581749049429658,
    "eval_FAMILIARES_SUJETO_ASISTENCIA_f1": 0.6448598130841122,
    "eval_FAMILIARES_SUJETO_ASISTENCIA_number": 103,
    "eval_FAMILIARES_SUJETO_ASISTENCIA_precision": 0.6216216216216216,
    "eval_FAMILIARES_SUJETO_ASISTENCIA_recall": 0.6699029126213593,
    "eval_FECHAS_f1": 0.961463096015676,
    "eval_FECHAS_number": 762,
    "eval_FECHAS_precision": 0.9570871261378413,
    "eval_FECHAS_recall": 0.9658792650918635,
    "eval_HOSPITAL_f1": 0.817891373801917,
    "eval_HOSPITAL_number": 151,
    "eval_HOSPITAL_precision": 0.7901234567901234,
    "eval_HOSPITAL_recall": 0.847682119205298,
    "eval_ID_ASEGURAMIENTO_f1": 0.9740932642487047,
    "eval_ID_ASEGURAMIENTO_number": 192,
    "eval_ID_ASEGURAMIENTO_precision": 0.9690721649484536,
    "eval_ID_ASEGURAMIENTO_recall": 0.9791666666666666,
    "eval_ID_CONTACTO_ASISTENCIAL_f1": 0.9459459459459458,
    "eval_ID_CONTACTO_ASISTENCIAL_number": 36,
    "eval_ID_CONTACTO_ASISTENCIAL_precision": 0.9210526315789473,
    "eval_ID_CONTACTO_ASISTENCIAL_recall": 0.9722222222222222,
    "eval_ID_SUJETO_ASISTENCIA_f1": 0.9233128834355828,
    "eval_ID_SUJETO_ASISTENCIA_number": 325,
    "eval_ID_SUJETO_ASISTENCIA_precision": 0.9204892966360856,
    "eval_ID_SUJETO_ASISTENCIA_recall": 0.9261538461538461,
    "eval_ID_TITULACION_PERSONAL_SANITARIO_f1": 0.962800875273523,
    "eval_ID_TITULACION_PERSONAL_SANITARIO_number": 227,
    "eval_ID_TITULACION_PERSONAL_SANITARIO_precision": 0.9565217391304348,
    "eval_ID_TITULACION_PERSONAL_SANITARIO_recall": 0.9691629955947136,
    "eval_INSTITUCION_f1": 0.5934065934065934,
    "eval_INSTITUCION_number": 86,
    "eval_INSTITUCION_precision": 0.5625,
    "eval_INSTITUCION_recall": 0.627906976744186,
    "eval_NOMBRE_PERSONAL_SANITARIO_f1": 0.951923076923077,
    "eval_NOMBRE_PERSONAL_SANITARIO_number": 518,
    "eval_NOMBRE_PERSONAL_SANITARIO_precision": 0.9482758620689655,
    "eval_NOMBRE_PERSONAL_SANITARIO_recall": 0.9555984555984556,
    "eval_NOMBRE_SUJETO_ASISTENCIA_f1": 0.9777327935222672,
    "eval_NOMBRE_SUJETO_ASISTENCIA_number": 487,
    "eval_NOMBRE_SUJETO_ASISTENCIA_precision": 0.9640718562874252,
    "eval_NOMBRE_SUJETO_ASISTENCIA_recall": 0.9917864476386037,
    "eval_NUMERO_FAX_f1": 0.0,
    "eval_NUMERO_FAX_number": 7,
    "eval_NUMERO_FAX_precision": 0.0,
    "eval_NUMERO_FAX_recall": 0.0,
    "eval_NUMERO_TELEFONO_f1": 0.7222222222222222,
    "eval_NUMERO_TELEFONO_number": 31,
    "eval_NUMERO_TELEFONO_precision": 0.6341463414634146,
    "eval_NUMERO_TELEFONO_recall": 0.8387096774193549,
    "eval_OTROS_SUJETO_ASISTENCIA_f1": 0.0,
    "eval_OTROS_SUJETO_ASISTENCIA_number": 7,
    "eval_OTROS_SUJETO_ASISTENCIA_precision": 0.0,
    "eval_OTROS_SUJETO_ASISTENCIA_recall": 0.0,
    "eval_PAIS_f1": 0.9631728045325778,
    "eval_PAIS_number": 352,
    "eval_PAIS_precision": 0.96045197740113,
    "eval_PAIS_recall": 0.9659090909090909,
    "eval_PROFESION_f1": 0.0,
    "eval_PROFESION_number": 4,
    "eval_PROFESION_precision": 0.0,
    "eval_PROFESION_recall": 0.0,
    "eval_SEXO_SUJETO_ASISTENCIA_f1": 0.9410503751339764,
    "eval_SEXO_SUJETO_ASISTENCIA_number": 455,
    "eval_SEXO_SUJETO_ASISTENCIA_precision": 0.9184100418410042,
    "eval_SEXO_SUJETO_ASISTENCIA_recall": 0.9648351648351648,
    "eval_TERRITORIO_f1": 0.9529411764705883,
    "eval_TERRITORIO_number": 999,
    "eval_TERRITORIO_precision": 0.9337175792507204,
    "eval_TERRITORIO_recall": 0.972972972972973,
    "eval_loss": 0.04404439404606819,
    "eval_overall_accuracy": 0.9936103302441588,
    "eval_overall_f1": 0.9340622929092115,
    "eval_overall_precision": 0.9221458946679751,
    "eval_overall_recall": 0.9462907015777107,
    "eval_runtime": 12.2735,
    "eval_samples_per_second": 45.79,
    "eval_steps_per_second": 1.467
}