{
    "CALLE_f1": 0.9232585596221959,
    "CALLE_number": 413,
    "CALLE_precision": 0.9009216589861752,
    "CALLE_recall": 0.9467312348668281,
    "CENTRO_SALUD_f1": 0.0,
    "CENTRO_SALUD_number": 6,
    "CENTRO_SALUD_precision": 0.0,
    "CENTRO_SALUD_recall": 0.0,
    "CORREO_ELECTRONICO_f1": 0.9849624060150376,
    "CORREO_ELECTRONICO_number": 265,
    "CORREO_ELECTRONICO_precision": 0.9812734082397003,
    "CORREO_ELECTRONICO_recall": 0.9886792452830189,
    "EDAD_SUJETO_ASISTENCIA_f1": 0.9781576448243116,
    "EDAD_SUJETO_ASISTENCIA_number": 518,
    "EDAD_SUJETO_ASISTENCIA_precision": 0.9626168224299065,
    "EDAD_SUJETO_ASISTENCIA_recall": 0.9942084942084942,
    "FAMILIARES_SUJETO_ASISTENCIA_f1": 0.6594594594594596,
    "FAMILIARES_SUJETO_ASISTENCIA_number": 81,
    "FAMILIARES_SUJETO_ASISTENCIA_precision": 0.5865384615384616,
    "FAMILIARES_SUJETO_ASISTENCIA_recall": 0.7530864197530864,
    "FECHAS_f1": 0.9918433931484503,
    "FECHAS_number": 611,
    "FECHAS_precision": 0.9886178861788618,
    "FECHAS_recall": 0.9950900163666121,
    "HOSPITAL_f1": 0.8345323741007193,
    "HOSPITAL_number": 131,
    "HOSPITAL_precision": 0.7891156462585034,
    "HOSPITAL_recall": 0.8854961832061069,
    "ID_ASEGURAMIENTO_f1": 0.9899497487437185,
    "ID_ASEGURAMIENTO_number": 199,
    "ID_ASEGURAMIENTO_precision": 0.9899497487437185,
    "ID_ASEGURAMIENTO_recall": 0.9899497487437185,
    "ID_CONTACTO_ASISTENCIAL_f1": 1.0,
    "ID_CONTACTO_ASISTENCIAL_number": 44,
    "ID_CONTACTO_ASISTENCIAL_precision": 1.0,
    "ID_CONTACTO_ASISTENCIAL_recall": 1.0,
    "ID_SUJETO_ASISTENCIA_f1": 0.9617834394904459,
    "ID_SUJETO_ASISTENCIA_number": 316,
    "ID_SUJETO_ASISTENCIA_precision": 0.967948717948718,
    "ID_SUJETO_ASISTENCIA_recall": 0.9556962025316456,
    "ID_TITULACION_PERSONAL_SANITARIO_f1": 0.9893390191897654,
    "ID_TITULACION_PERSONAL_SANITARIO_number": 234,
    "ID_TITULACION_PERSONAL_SANITARIO_precision": 0.9872340425531915,
    "ID_TITULACION_PERSONAL_SANITARIO_recall": 0.9914529914529915,
    "INSTITUCION_f1": 0.4473684210526316,
    "INSTITUCION_number": 67,
    "INSTITUCION_precision": 0.4,
    "INSTITUCION_recall": 0.5074626865671642,
    "NOMBRE_PERSONAL_SANITARIO_f1": 0.9900398406374502,
    "NOMBRE_PERSONAL_SANITARIO_number": 501,
    "NOMBRE_PERSONAL_SANITARIO_precision": 0.9880715705765407,
    "NOMBRE_PERSONAL_SANITARIO_recall": 0.9920159680638723,
    "NOMBRE_SUJETO_ASISTENCIA_f1": 0.998003992015968,
    "NOMBRE_SUJETO_ASISTENCIA_number": 502,
    "NOMBRE_SUJETO_ASISTENCIA_precision": 1.0,
    "NOMBRE_SUJETO_ASISTENCIA_recall": 0.9960159362549801,
    "NUMERO_FAX_f1": 0.0,
    "NUMERO_FAX_number": 10,
    "NUMERO_FAX_precision": 0.0,
    "NUMERO_FAX_recall": 0.0,
    "NUMERO_TELEFONO_f1": 0.8648648648648648,
    "NUMERO_TELEFONO_number": 32,
    "NUMERO_TELEFONO_precision": 0.7619047619047619,
    "NUMERO_TELEFONO_recall": 1.0,
    "OTROS_SUJETO_ASISTENCIA_f1": 0.0,
    "OTROS_SUJETO_ASISTENCIA_number": 7,
    "OTROS_SUJETO_ASISTENCIA_precision": 0.0,
    "OTROS_SUJETO_ASISTENCIA_recall": 0.0,
    "PAIS_f1": 0.9849521203830369,
    "PAIS_number": 363,
    "PAIS_precision": 0.9782608695652174,
    "PAIS_recall": 0.9917355371900827,
    "PROFESION_f1": 0.6,
    "PROFESION_number": 10,
    "PROFESION_precision": 0.6,
    "PROFESION_recall": 0.6,
    "SEXO_SUJETO_ASISTENCIA_f1": 0.9849785407725321,
    "SEXO_SUJETO_ASISTENCIA_number": 461,
    "SEXO_SUJETO_ASISTENCIA_precision": 0.9745222929936306,
    "SEXO_SUJETO_ASISTENCIA_recall": 0.9956616052060737,
    "TERRITORIO_f1": 0.9713408393039917,
    "TERRITORIO_number": 974,
    "TERRITORIO_precision": 0.9683673469387755,
    "TERRITORIO_recall": 0.9743326488706365,
    "overall_accuracy": 0.9966907547299476,
    "overall_f1": 0.9598137288720249,
    "overall_precision": 0.9511194667578192,
    "overall_recall": 0.9686684073107049
}