{
    "DIAGNOSTICO_f1": 0.6905780107601048,
    "DIAGNOSTICO_number": 3491,
    "DIAGNOSTICO_precision": 0.6660457690260777,
    "DIAGNOSTICO_recall": 0.7169865368089373,
    "PROCEDIMIENTO_f1": 0.5703032690035448,
    "PROCEDIMIENTO_number": 1241,
    "PROCEDIMIENTO_precision": 0.5577812018489985,
    "PROCEDIMIENTO_recall": 0.5834004834810637,
    "overall_accuracy": 0.9549759419896992,
    "overall_f1": 0.6593788312219043,
    "overall_precision": 0.638251582278481,
    "overall_recall": 0.6819526627218935
}