{
    "SINTOMA_f1": 0.6288517553273034,
    "SINTOMA_number": 3077,
    "SINTOMA_precision": 0.5951828206616366,
    "SINTOMA_recall": 0.666558336041599,
    "epoch": 10.0,
    "eval_SINTOMA_f1": 0.6226208707066286,
    "eval_SINTOMA_number": 2122,
    "eval_SINTOMA_precision": 0.5810534912209064,
    "eval_SINTOMA_recall": 0.6705937794533459,
    "eval_loss": 0.29533910751342773,
    "eval_overall_accuracy": 0.9380722583531743,
    "eval_overall_f1": 0.6226208707066286,
    "eval_overall_precision": 0.5810534912209064,
    "eval_overall_recall": 0.6705937794533459,
    "eval_runtime": 4.1699,
    "eval_samples_per_second": 71.465,
    "eval_steps_per_second": 4.557,
    "overall_accuracy": 0.9355350273151554,
    "overall_f1": 0.6288517553273034,
    "overall_precision": 0.5951828206616366,
    "overall_recall": 0.666558336041599,
    "total_flos": 2963185519472640.0,
    "train_loss": 0.07587513050562898,
    "train_runtime": 917.1813,
    "train_samples_per_second": 12.364,
    "train_steps_per_second": 0.774
}