{
    "epoch": 10.0,
    "eval_SINTOMA_f1": 0.6226208707066286,
    "eval_SINTOMA_number": 2122,
    "eval_SINTOMA_precision": 0.5810534912209064,
    "eval_SINTOMA_recall": 0.6705937794533459,
    "eval_loss": 0.29533910751342773,
    "eval_overall_accuracy": 0.9380722583531743,
    "eval_overall_f1": 0.6226208707066286,
    "eval_overall_precision": 0.5810534912209064,
    "eval_overall_recall": 0.6705937794533459,
    "eval_runtime": 4.1699,
    "eval_samples_per_second": 71.465,
    "eval_steps_per_second": 4.557
}