{
    "FAMILIAR_f1": 0.6846846846846847,
    "FAMILIAR_number": 51,
    "FAMILIAR_precision": 0.6333333333333333,
    "FAMILIAR_recall": 0.7450980392156863,
    "OTROS_f1": 0.6569343065693432,
    "OTROS_number": 148,
    "OTROS_precision": 0.7142857142857143,
    "OTROS_recall": 0.6081081081081081,
    "PACIENTE_f1": 0.6817800167926112,
    "PACIENTE_number": 590,
    "PACIENTE_precision": 0.6755407653910149,
    "PACIENTE_recall": 0.688135593220339,
    "SANITARIO_f1": 0.8844884488448845,
    "SANITARIO_number": 302,
    "SANITARIO_precision": 0.881578947368421,
    "SANITARIO_recall": 0.8874172185430463,
    "epoch": 10.0,
    "eval_FAMILIAR_f1": 0.7563025210084033,
    "eval_FAMILIAR_number": 57,
    "eval_FAMILIAR_precision": 0.7258064516129032,
    "eval_FAMILIAR_recall": 0.7894736842105263,
    "eval_OTROS_f1": 0.7724137931034483,
    "eval_OTROS_number": 160,
    "eval_OTROS_precision": 0.8615384615384616,
    "eval_OTROS_recall": 0.7,
    "eval_PACIENTE_f1": 0.696808510638298,
    "eval_PACIENTE_number": 351,
    "eval_PACIENTE_precision": 0.6533665835411472,
    "eval_PACIENTE_recall": 0.7464387464387464,
    "eval_SANITARIO_f1": 0.8456591639871383,
    "eval_SANITARIO_number": 306,
    "eval_SANITARIO_precision": 0.8322784810126582,
    "eval_SANITARIO_recall": 0.8594771241830066,
    "eval_loss": 0.01899501495063305,
    "eval_overall_accuracy": 0.9969914703553769,
    "eval_overall_f1": 0.765002804262479,
    "eval_overall_precision": 0.7502750275027503,
    "eval_overall_recall": 0.7803203661327232,
    "eval_runtime": 17.855,
    "eval_samples_per_second": 42.621,
    "eval_steps_per_second": 5.377,
    "overall_accuracy": 0.9963116959350389,
    "overall_f1": 0.7351054078826764,
    "overall_precision": 0.7351054078826764,
    "overall_recall": 0.7351054078826764,
    "total_flos": 2.968217991794688e+16,
    "train_loss": 0.005026118949055671,
    "train_runtime": 3361.9021,
    "train_samples_per_second": 9.507,
    "train_steps_per_second": 1.19
}