{
    "epoch": 10.0,
    "eval_FAMILIAR_f1": 0.7563025210084033,
    "eval_FAMILIAR_number": 57,
    "eval_FAMILIAR_precision": 0.7258064516129032,
    "eval_FAMILIAR_recall": 0.7894736842105263,
    "eval_OTROS_f1": 0.7724137931034483,
    "eval_OTROS_number": 160,
    "eval_OTROS_precision": 0.8615384615384616,
    "eval_OTROS_recall": 0.7,
    "eval_PACIENTE_f1": 0.696808510638298,
    "eval_PACIENTE_number": 351,
    "eval_PACIENTE_precision": 0.6533665835411472,
    "eval_PACIENTE_recall": 0.7464387464387464,
    "eval_SANITARIO_f1": 0.8456591639871383,
    "eval_SANITARIO_number": 306,
    "eval_SANITARIO_precision": 0.8322784810126582,
    "eval_SANITARIO_recall": 0.8594771241830066,
    "eval_loss": 0.01899501495063305,
    "eval_overall_accuracy": 0.9969914703553769,
    "eval_overall_f1": 0.765002804262479,
    "eval_overall_precision": 0.7502750275027503,
    "eval_overall_recall": 0.7803203661327232,
    "eval_runtime": 17.855,
    "eval_samples_per_second": 42.621,
    "eval_steps_per_second": 5.377
}