{
    "FARMACO_f1": 0.9076258992805756,
    "FARMACO_number": 1717,
    "FARMACO_precision": 0.897042093287827,
    "FARMACO_recall": 0.918462434478742,
    "epoch": 10.0,
    "eval_FARMACO_f1": 0.8920585967617579,
    "eval_FARMACO_number": 2566,
    "eval_FARMACO_precision": 0.8825324180015256,
    "eval_FARMACO_recall": 0.9017926734216679,
    "eval_loss": 0.008005373179912567,
    "eval_overall_accuracy": 0.9980711874236242,
    "eval_overall_f1": 0.8920585967617579,
    "eval_overall_precision": 0.8825324180015256,
    "eval_overall_recall": 0.9017926734216679,
    "eval_runtime": 23.0089,
    "eval_samples_per_second": 12.908,
    "eval_steps_per_second": 3.26,
    "overall_accuracy": 0.9982486289689255,
    "overall_f1": 0.9076258992805756,
    "overall_precision": 0.897042093287827,
    "overall_recall": 0.918462434478742,
    "total_flos": 4615462244332800.0,
    "train_loss": 0.004652958470582962,
    "train_runtime": 2023.0851,
    "train_samples_per_second": 4.943,
    "train_steps_per_second": 0.618
}