{
    "FARMACO_f1": 0.9076258992805756,
    "FARMACO_number": 1717,
    "FARMACO_precision": 0.897042093287827,
    "FARMACO_recall": 0.918462434478742,
    "overall_accuracy": 0.9982486289689255,
    "overall_f1": 0.9076258992805756,
    "overall_precision": 0.897042093287827,
    "overall_recall": 0.918462434478742
}