{
    "FARMACO_f1": 0.9097142857142857,
    "FARMACO_number": 1717,
    "FARMACO_precision": 0.8928771733034212,
    "FARMACO_recall": 0.9271986022131625,
    "epoch": 10.0,
    "eval_FARMACO_f1": 0.9215876089060988,
    "eval_FARMACO_number": 2566,
    "eval_FARMACO_precision": 0.9157368218545594,
    "eval_FARMACO_recall": 0.9275136399064692,
    "eval_loss": 0.008870250545442104,
    "eval_overall_accuracy": 0.9982472401151592,
    "eval_overall_f1": 0.9215876089060988,
    "eval_overall_precision": 0.9157368218545594,
    "eval_overall_recall": 0.9275136399064692,
    "eval_runtime": 23.1409,
    "eval_samples_per_second": 12.834,
    "eval_steps_per_second": 3.241,
    "overall_accuracy": 0.9981829114818308,
    "overall_f1": 0.9097142857142857,
    "overall_precision": 0.8928771733034212,
    "overall_recall": 0.9271986022131625,
    "total_flos": 4615462244332800.0,
    "train_loss": 0.004424012990295887,
    "train_runtime": 2000.6194,
    "train_samples_per_second": 4.998,
    "train_steps_per_second": 0.625
}