{
    "NORMALIZABLES_f1": 0.9226069246435844,
    "NORMALIZABLES_number": 973,
    "NORMALIZABLES_precision": 0.9142280524722503,
    "NORMALIZABLES_recall": 0.9311408016443987,
    "NO_NORMALIZABLES_f1": 0.0,
    "NO_NORMALIZABLES_number": 10,
    "NO_NORMALIZABLES_precision": 0.0,
    "NO_NORMALIZABLES_recall": 0.0,
    "PROTEINAS_f1": 0.8741496598639455,
    "PROTEINAS_number": 859,
    "PROTEINAS_precision": 0.8519337016574585,
    "PROTEINAS_recall": 0.8975552968568102,
    "UNCLEAR_f1": 0.7301587301587301,
    "UNCLEAR_number": 34,
    "UNCLEAR_precision": 0.7931034482758621,
    "UNCLEAR_recall": 0.6764705882352942,
    "epoch": 9.848,
    "eval_NORMALIZABLES_f1": 0.9152691968225949,
    "eval_NORMALIZABLES_number": 1121,
    "eval_NORMALIZABLES_precision": 0.9056768558951965,
    "eval_NORMALIZABLES_recall": 0.9250669045495094,
    "eval_NO_NORMALIZABLES_f1": 0.1,
    "eval_NO_NORMALIZABLES_number": 16,
    "eval_NO_NORMALIZABLES_precision": 0.25,
    "eval_NO_NORMALIZABLES_recall": 0.0625,
    "eval_PROTEINAS_f1": 0.8831341301460823,
    "eval_PROTEINAS_number": 745,
    "eval_PROTEINAS_precision": 0.873850197109067,
    "eval_PROTEINAS_recall": 0.8926174496644296,
    "eval_UNCLEAR_f1": 0.7446808510638298,
    "eval_UNCLEAR_number": 44,
    "eval_UNCLEAR_precision": 0.7,
    "eval_UNCLEAR_recall": 0.7954545454545454,
    "eval_loss": 0.023340975865721703,
    "eval_overall_accuracy": 0.9949988974641676,
    "eval_overall_f1": 0.8944930519814719,
    "eval_overall_precision": 0.886734693877551,
    "eval_overall_recall": 0.9023883696780893,
    "eval_runtime": 10.3802,
    "eval_samples_per_second": 24.084,
    "eval_steps_per_second": 6.069,
    "overall_accuracy": 0.9956305149871636,
    "overall_f1": 0.8937960042060988,
    "overall_precision": 0.8817427385892116,
    "overall_recall": 0.906183368869936,
    "total_flos": 2312689863955968.0,
    "train_loss": 0.0258674549960321,
    "train_runtime": 1823.328,
    "train_samples_per_second": 2.742,
    "train_steps_per_second": 0.34
}