{
    "NORMALIZABLES_f1": 0.9226069246435844,
    "NORMALIZABLES_number": 973,
    "NORMALIZABLES_precision": 0.9142280524722503,
    "NORMALIZABLES_recall": 0.9311408016443987,
    "NO_NORMALIZABLES_f1": 0.0,
    "NO_NORMALIZABLES_number": 10,
    "NO_NORMALIZABLES_precision": 0.0,
    "NO_NORMALIZABLES_recall": 0.0,
    "PROTEINAS_f1": 0.8741496598639455,
    "PROTEINAS_number": 859,
    "PROTEINAS_precision": 0.8519337016574585,
    "PROTEINAS_recall": 0.8975552968568102,
    "UNCLEAR_f1": 0.7301587301587301,
    "UNCLEAR_number": 34,
    "UNCLEAR_precision": 0.7931034482758621,
    "UNCLEAR_recall": 0.6764705882352942,
    "overall_accuracy": 0.9956305149871636,
    "overall_f1": 0.8937960042060988,
    "overall_precision": 0.8817427385892116,
    "overall_recall": 0.906183368869936
}