{
    "MORFOLOGIA_NEOPLASIA_f1": 0.838683351468988,
    "MORFOLOGIA_NEOPLASIA_number": 3562,
    "MORFOLOGIA_NEOPLASIA_precision": 0.8134564643799472,
    "MORFOLOGIA_NEOPLASIA_recall": 0.8655249859629421,
    "epoch": 10.0,
    "eval_MORFOLOGIA_NEOPLASIA_f1": 0.840046411403945,
    "eval_MORFOLOGIA_NEOPLASIA_number": 5901,
    "eval_MORFOLOGIA_NEOPLASIA_precision": 0.8220600162206002,
    "eval_MORFOLOGIA_NEOPLASIA_recall": 0.8588374851720048,
    "eval_loss": 0.051382385194301605,
    "eval_overall_accuracy": 0.9914112734864301,
    "eval_overall_f1": 0.840046411403945,
    "eval_overall_precision": 0.8220600162206002,
    "eval_overall_recall": 0.8588374851720048,
    "eval_runtime": 22.7596,
    "eval_samples_per_second": 21.969,
    "eval_steps_per_second": 5.492,
    "overall_accuracy": 0.991763085399449,
    "overall_f1": 0.838683351468988,
    "overall_precision": 0.8134564643799472,
    "overall_recall": 0.8655249859629421,
    "total_flos": 4650369101642880.0,
    "train_loss": 0.01527696924786719,
    "train_runtime": 1239.0065,
    "train_samples_per_second": 4.044,
    "train_steps_per_second": 0.508
}