{
    "epoch": 10.0,
    "eval_MORFOLOGIA_NEOPLASIA_f1": 0.840046411403945,
    "eval_MORFOLOGIA_NEOPLASIA_number": 5901,
    "eval_MORFOLOGIA_NEOPLASIA_precision": 0.8220600162206002,
    "eval_MORFOLOGIA_NEOPLASIA_recall": 0.8588374851720048,
    "eval_loss": 0.051382385194301605,
    "eval_overall_accuracy": 0.9914112734864301,
    "eval_overall_f1": 0.840046411403945,
    "eval_overall_precision": 0.8220600162206002,
    "eval_overall_recall": 0.8588374851720048,
    "eval_runtime": 22.7596,
    "eval_samples_per_second": 21.969,
    "eval_steps_per_second": 5.492
}