{
    "MORFOLOGIA_NEOPLASIA_f1": 0.838683351468988,
    "MORFOLOGIA_NEOPLASIA_number": 3562,
    "MORFOLOGIA_NEOPLASIA_precision": 0.8134564643799472,
    "MORFOLOGIA_NEOPLASIA_recall": 0.8655249859629421,
    "overall_accuracy": 0.991763085399449,
    "overall_f1": 0.838683351468988,
    "overall_precision": 0.8134564643799472,
    "overall_recall": 0.8655249859629421
}