{
    "FARMACO_f1": 0.9117395029991431,
    "FARMACO_number": 1717,
    "FARMACO_precision": 0.8946188340807175,
    "FARMACO_recall": 0.9295282469423413,
    "epoch": 10.0,
    "eval_FARMACO_f1": 0.8964516129032258,
    "eval_FARMACO_number": 3060,
    "eval_FARMACO_precision": 0.8850318471337579,
    "eval_FARMACO_recall": 0.9081699346405229,
    "eval_loss": 0.008814044296741486,
    "eval_overall_accuracy": 0.9981758338452343,
    "eval_overall_f1": 0.8964516129032258,
    "eval_overall_precision": 0.8850318471337579,
    "eval_overall_recall": 0.9081699346405229,
    "eval_runtime": 15.118,
    "eval_samples_per_second": 69.057,
    "eval_steps_per_second": 8.665,
    "overall_accuracy": 0.9983472051995675,
    "overall_f1": 0.9117395029991431,
    "overall_precision": 0.8946188340807175,
    "overall_recall": 0.9295282469423413,
    "total_flos": 3679026272204544.0,
    "train_loss": 0.002815899225684364,
    "train_runtime": 823.2997,
    "train_samples_per_second": 17.211,
    "train_steps_per_second": 2.162
}