{
    "FARMACO_f1": 0.9117395029991431,
    "FARMACO_number": 1717,
    "FARMACO_precision": 0.8946188340807175,
    "FARMACO_recall": 0.9295282469423413,
    "overall_accuracy": 0.9983472051995675,
    "overall_f1": 0.9117395029991431,
    "overall_precision": 0.8946188340807175,
    "overall_recall": 0.9295282469423413
}