{
    "PROCEDIMIENTO_f1": 0.7647369812318267,
    "PROCEDIMIENTO_number": 3648,
    "PROCEDIMIENTO_precision": 0.7383869321082185,
    "PROCEDIMIENTO_recall": 0.7930372807017544,
    "epoch": 10.0,
    "eval_PROCEDIMIENTO_f1": 0.7672131147540983,
    "eval_PROCEDIMIENTO_number": 2491,
    "eval_PROCEDIMIENTO_precision": 0.7383073496659243,
    "eval_PROCEDIMIENTO_recall": 0.7984745082296266,
    "eval_loss": 0.23267428576946259,
    "eval_overall_accuracy": 0.9666028440934203,
    "eval_overall_f1": 0.7672131147540983,
    "eval_overall_precision": 0.7383073496659243,
    "eval_overall_recall": 0.7984745082296266,
    "eval_runtime": 5.9154,
    "eval_samples_per_second": 42.431,
    "eval_steps_per_second": 5.41,
    "overall_accuracy": 0.9638701239162386,
    "overall_f1": 0.7647369812318267,
    "overall_precision": 0.7383869321082185,
    "overall_recall": 0.7930372807017544,
    "total_flos": 9791608682243184.0,
    "train_loss": 0.04080908754558274,
    "train_runtime": 1754.0443,
    "train_samples_per_second": 6.015,
    "train_steps_per_second": 0.753
}