{
    "DIAGNOSTICO_f1": 0.65426664773534,
    "DIAGNOSTICO_number": 3478,
    "DIAGNOSTICO_precision": 0.6462833099579243,
    "DIAGNOSTICO_recall": 0.6624496837262794,
    "PROCEDIMIENTO_f1": 0.5714285714285714,
    "PROCEDIMIENTO_number": 1240,
    "PROCEDIMIENTO_precision": 0.5495160089352197,
    "PROCEDIMIENTO_recall": 0.5951612903225807,
    "epoch": 10.0,
    "eval_DIAGNOSTICO_f1": 0.6305263157894736,
    "eval_DIAGNOSTICO_number": 3759,
    "eval_DIAGNOSTICO_precision": 0.6237958864878937,
    "eval_DIAGNOSTICO_recall": 0.6374035647778664,
    "eval_PROCEDIMIENTO_f1": 0.5804911323328786,
    "eval_PROCEDIMIENTO_number": 1424,
    "eval_PROCEDIMIENTO_precision": 0.5643236074270557,
    "eval_PROCEDIMIENTO_recall": 0.5976123595505618,
    "eval_loss": 0.23592117428779602,
    "eval_overall_accuracy": 0.9472337475660852,
    "eval_overall_f1": 0.6165970375996962,
    "eval_overall_precision": 0.6070293512806132,
    "eval_overall_recall": 0.6264711557013313,
    "eval_runtime": 6.8794,
    "eval_samples_per_second": 69.192,
    "eval_steps_per_second": 8.722,
    "overall_accuracy": 0.9469132879550163,
    "overall_f1": 0.6320382297943071,
    "overall_precision": 0.6198044009779952,
    "overall_recall": 0.6447647308181432,
    "total_flos": 2507516965097472.0,
    "train_loss": 0.0846087117989858,
    "train_runtime": 1004.6748,
    "train_samples_per_second": 9.555,
    "train_steps_per_second": 1.194
}