{
    "epoch": 10.0,
    "eval_DIAGNOSTICO_f1": 0.6305263157894736,
    "eval_DIAGNOSTICO_number": 3759,
    "eval_DIAGNOSTICO_precision": 0.6237958864878937,
    "eval_DIAGNOSTICO_recall": 0.6374035647778664,
    "eval_PROCEDIMIENTO_f1": 0.5804911323328786,
    "eval_PROCEDIMIENTO_number": 1424,
    "eval_PROCEDIMIENTO_precision": 0.5643236074270557,
    "eval_PROCEDIMIENTO_recall": 0.5976123595505618,
    "eval_loss": 0.23592117428779602,
    "eval_overall_accuracy": 0.9472337475660852,
    "eval_overall_f1": 0.6165970375996962,
    "eval_overall_precision": 0.6070293512806132,
    "eval_overall_recall": 0.6264711557013313,
    "eval_runtime": 6.8794,
    "eval_samples_per_second": 69.192,
    "eval_steps_per_second": 8.722
}