{
    "DIAGNOSTICO_f1": 0.65426664773534,
    "DIAGNOSTICO_number": 3478,
    "DIAGNOSTICO_precision": 0.6462833099579243,
    "DIAGNOSTICO_recall": 0.6624496837262794,
    "PROCEDIMIENTO_f1": 0.5714285714285714,
    "PROCEDIMIENTO_number": 1240,
    "PROCEDIMIENTO_precision": 0.5495160089352197,
    "PROCEDIMIENTO_recall": 0.5951612903225807,
    "overall_accuracy": 0.9469132879550163,
    "overall_f1": 0.6320382297943071,
    "overall_precision": 0.6198044009779952,
    "overall_recall": 0.6447647308181432
}