{
    "ENFERMEDAD_f1": 0.718708951022706,
    "ENFERMEDAD_number": 2548,
    "ENFERMEDAD_precision": 0.6886012225818051,
    "ENFERMEDAD_recall": 0.7515698587127159,
    "epoch": 10.0,
    "eval_ENFERMEDAD_f1": 0.7026169706582077,
    "eval_ENFERMEDAD_number": 1797,
    "eval_ENFERMEDAD_precision": 0.6691842900302115,
    "eval_ENFERMEDAD_recall": 0.7395659432387313,
    "eval_loss": 0.19515906274318695,
    "eval_overall_accuracy": 0.9654575061497419,
    "eval_overall_f1": 0.7026169706582077,
    "eval_overall_precision": 0.6691842900302115,
    "eval_overall_recall": 0.7395659432387313,
    "eval_runtime": 3.9948,
    "eval_samples_per_second": 70.592,
    "eval_steps_per_second": 9.012,
    "overall_accuracy": 0.9647375212551705,
    "overall_f1": 0.718708951022706,
    "overall_precision": 0.6886012225818051,
    "overall_recall": 0.7515698587127159,
    "total_flos": 3020933667603456.0,
    "train_loss": 0.03787600698142216,
    "train_runtime": 1021.5002,
    "train_samples_per_second": 11.326,
    "train_steps_per_second": 1.419
}