{
    "ACTIVIDAD_f1": 0.4727272727272728,
    "ACTIVIDAD_number": 30,
    "ACTIVIDAD_precision": 0.52,
    "ACTIVIDAD_recall": 0.43333333333333335,
    "PROFESION_f1": 0.8441926345609065,
    "PROFESION_number": 706,
    "PROFESION_precision": 0.8441926345609065,
    "PROFESION_recall": 0.8441926345609065,
    "SITUACION_LABORAL_f1": 0.6505681818181818,
    "SITUACION_LABORAL_number": 356,
    "SITUACION_LABORAL_precision": 0.6580459770114943,
    "SITUACION_LABORAL_recall": 0.6432584269662921,
    "epoch": 10.0,
    "eval_ACTIVIDAD_f1": 0.45,
    "eval_ACTIVIDAD_number": 22,
    "eval_ACTIVIDAD_precision": 0.5,
    "eval_ACTIVIDAD_recall": 0.4090909090909091,
    "eval_PROFESION_f1": 0.823937554206418,
    "eval_PROFESION_number": 559,
    "eval_PROFESION_precision": 0.7996632996632996,
    "eval_PROFESION_recall": 0.8497316636851521,
    "eval_SITUACION_LABORAL_f1": 0.6491228070175439,
    "eval_SITUACION_LABORAL_number": 206,
    "eval_SITUACION_LABORAL_precision": 0.592,
    "eval_SITUACION_LABORAL_recall": 0.7184466019417476,
    "eval_loss": 0.013985446654260159,
    "eval_overall_accuracy": 0.9973733626388702,
    "eval_overall_f1": 0.766525166767738,
    "eval_overall_precision": 0.7331786542923434,
    "eval_overall_recall": 0.8030495552731893,
    "eval_runtime": 17.4957,
    "eval_samples_per_second": 44.754,
    "eval_steps_per_second": 2.801,
    "overall_accuracy": 0.9962725627354106,
    "overall_f1": 0.7719944725932749,
    "overall_precision": 0.7766450417052827,
    "overall_recall": 0.7673992673992674,
    "total_flos": 2.947765964470272e+16,
    "train_loss": 0.006929054204842553,
    "train_runtime": 3192.0532,
    "train_samples_per_second": 9.943,
    "train_steps_per_second": 0.623
}