{
    "ACTIVIDAD_f1": 0.4727272727272728,
    "ACTIVIDAD_number": 30,
    "ACTIVIDAD_precision": 0.52,
    "ACTIVIDAD_recall": 0.43333333333333335,
    "PROFESION_f1": 0.8441926345609065,
    "PROFESION_number": 706,
    "PROFESION_precision": 0.8441926345609065,
    "PROFESION_recall": 0.8441926345609065,
    "SITUACION_LABORAL_f1": 0.6505681818181818,
    "SITUACION_LABORAL_number": 356,
    "SITUACION_LABORAL_precision": 0.6580459770114943,
    "SITUACION_LABORAL_recall": 0.6432584269662921,
    "overall_accuracy": 0.9962725627354106,
    "overall_f1": 0.7719944725932749,
    "overall_precision": 0.7766450417052827,
    "overall_recall": 0.7673992673992674
}