{
    "epoch": 10.0,
    "total_flos": 2.947765964470272e+16,
    "train_loss": 0.006929054204842553,
    "train_runtime": 3192.0532,
    "train_samples_per_second": 9.943,
    "train_steps_per_second": 0.623
}