{
    "FARMACO_f1": 0.9132783622405459,
    "FARMACO_number": 1717,
    "FARMACO_precision": 0.8922222222222222,
    "FARMACO_recall": 0.9353523587652883,
    "epoch": 10.0,
    "eval_FARMACO_f1": 0.8883216336949585,
    "eval_FARMACO_number": 3060,
    "eval_FARMACO_precision": 0.8678304239401496,
    "eval_FARMACO_recall": 0.9098039215686274,
    "eval_loss": 0.011550776660442352,
    "eval_overall_accuracy": 0.9979517042152972,
    "eval_overall_f1": 0.8883216336949585,
    "eval_overall_precision": 0.8678304239401496,
    "eval_overall_recall": 0.9098039215686274,
    "eval_runtime": 15.0316,
    "eval_samples_per_second": 69.454,
    "eval_steps_per_second": 8.715,
    "overall_accuracy": 0.9983077747073107,
    "overall_f1": 0.9132783622405459,
    "overall_precision": 0.8922222222222222,
    "overall_recall": 0.9353523587652883,
    "total_flos": 3679026272204544.0,
    "train_loss": 0.0038207379452298196,
    "train_runtime": 843.1297,
    "train_samples_per_second": 16.806,
    "train_steps_per_second": 2.111
}