{
    "epoch": 10.0,
    "eval_ENFERMEDAD_f1": 0.6994136014012642,
    "eval_ENFERMEDAD_number": 12859,
    "eval_ENFERMEDAD_precision": 0.6852197269268074,
    "eval_ENFERMEDAD_recall": 0.7142079477408819,
    "eval_loss": 0.3203790485858917,
    "eval_overall_accuracy": 0.95596008656082,
    "eval_overall_f1": 0.6994136014012642,
    "eval_overall_precision": 0.6852197269268074,
    "eval_overall_recall": 0.7142079477408819,
    "eval_runtime": 31.2702,
    "eval_samples_per_second": 41.797,
    "eval_steps_per_second": 5.245
}