{
    "epoch": 10.0,
    "total_flos": 1.6092921499535616e+16,
    "train_loss": 0.03297076556951769,
    "train_runtime": 2105.1218,
    "train_samples_per_second": 8.237,
    "train_steps_per_second": 1.031
}