{
    "ENFERMEDAD_f1": 0.7283016546718337,
    "ENFERMEDAD_number": 7784,
    "ENFERMEDAD_precision": 0.6986899563318777,
    "ENFERMEDAD_recall": 0.7605344295991778,
    "epoch": 10.0,
    "eval_ENFERMEDAD_f1": 0.7253729024238658,
    "eval_ENFERMEDAD_number": 12488,
    "eval_ENFERMEDAD_precision": 0.7043602896801449,
    "eval_ENFERMEDAD_recall": 0.7476777706598334,
    "eval_loss": 0.22970537841320038,
    "eval_overall_accuracy": 0.966216608835688,
    "eval_overall_f1": 0.7253729024238658,
    "eval_overall_precision": 0.7043602896801449,
    "eval_overall_recall": 0.7476777706598334,
    "eval_runtime": 15.2816,
    "eval_samples_per_second": 68.317,
    "eval_steps_per_second": 8.572,
    "overall_accuracy": 0.965518034521396,
    "overall_f1": 0.7283016546718337,
    "overall_precision": 0.6986899563318777,
    "overall_recall": 0.7605344295991778,
    "total_flos": 3679026272204544.0,
    "train_loss": 0.025702848528208356,
    "train_runtime": 830.8992,
    "train_samples_per_second": 17.054,
    "train_steps_per_second": 2.142
}