{
    "DIAGNOSTICO_f1": 0.6829131652661063,
    "DIAGNOSTICO_number": 3491,
    "DIAGNOSTICO_precision": 0.668128254316251,
    "DIAGNOSTICO_recall": 0.6983672300200515,
    "PROCEDIMIENTO_f1": 0.5882352941176471,
    "PROCEDIMIENTO_number": 1241,
    "PROCEDIMIENTO_precision": 0.576625386996904,
    "PROCEDIMIENTO_recall": 0.6003223207091055,
    "epoch": 9.704,
    "eval_DIAGNOSTICO_f1": 0.6588338963137025,
    "eval_DIAGNOSTICO_number": 3342,
    "eval_DIAGNOSTICO_precision": 0.6469570233631382,
    "eval_DIAGNOSTICO_recall": 0.6711549970077798,
    "eval_PROCEDIMIENTO_f1": 0.6024489795918366,
    "eval_PROCEDIMIENTO_number": 1205,
    "eval_PROCEDIMIENTO_precision": 0.5927710843373494,
    "eval_PROCEDIMIENTO_recall": 0.612448132780083,
    "eval_loss": 0.2130327671766281,
    "eval_overall_accuracy": 0.9543462692674942,
    "eval_overall_f1": 0.6439140295928286,
    "eval_overall_precision": 0.6326400679117148,
    "eval_overall_recall": 0.6555970969870244,
    "eval_runtime": 11.0416,
    "eval_samples_per_second": 22.642,
    "eval_steps_per_second": 5.706,
    "overall_accuracy": 0.955729872594199,
    "overall_f1": 0.6581205417140494,
    "overall_precision": 0.6442015786278081,
    "overall_recall": 0.672654268808115,
    "total_flos": 2238419295076032.0,
    "train_loss": 0.07815588058963899,
    "train_runtime": 1065.0431,
    "train_samples_per_second": 4.695,
    "train_steps_per_second": 0.291
}