{
    "epoch": 9.704,
    "eval_DIAGNOSTICO_f1": 0.6588338963137025,
    "eval_DIAGNOSTICO_number": 3342,
    "eval_DIAGNOSTICO_precision": 0.6469570233631382,
    "eval_DIAGNOSTICO_recall": 0.6711549970077798,
    "eval_PROCEDIMIENTO_f1": 0.6024489795918366,
    "eval_PROCEDIMIENTO_number": 1205,
    "eval_PROCEDIMIENTO_precision": 0.5927710843373494,
    "eval_PROCEDIMIENTO_recall": 0.612448132780083,
    "eval_loss": 0.2130327671766281,
    "eval_overall_accuracy": 0.9543462692674942,
    "eval_overall_f1": 0.6439140295928286,
    "eval_overall_precision": 0.6326400679117148,
    "eval_overall_recall": 0.6555970969870244,
    "eval_runtime": 11.0416,
    "eval_samples_per_second": 22.642,
    "eval_steps_per_second": 5.706
}