{
    "DIAGNOSTICO_f1": 0.6829131652661063,
    "DIAGNOSTICO_number": 3491,
    "DIAGNOSTICO_precision": 0.668128254316251,
    "DIAGNOSTICO_recall": 0.6983672300200515,
    "PROCEDIMIENTO_f1": 0.5882352941176471,
    "PROCEDIMIENTO_number": 1241,
    "PROCEDIMIENTO_precision": 0.576625386996904,
    "PROCEDIMIENTO_recall": 0.6003223207091055,
    "overall_accuracy": 0.955729872594199,
    "overall_f1": 0.6581205417140494,
    "overall_precision": 0.6442015786278081,
    "overall_recall": 0.672654268808115
}