{
    "NORMALIZABLES_f1": 0.9131767109295199,
    "NORMALIZABLES_number": 973,
    "NORMALIZABLES_precision": 0.9076142131979695,
    "NORMALIZABLES_recall": 0.9188078108941419,
    "NO_NORMALIZABLES_f1": 0.0,
    "NO_NORMALIZABLES_number": 10,
    "NO_NORMALIZABLES_precision": 0.0,
    "NO_NORMALIZABLES_recall": 0.0,
    "PROTEINAS_f1": 0.8692699490662139,
    "PROTEINAS_number": 859,
    "PROTEINAS_precision": 0.8458149779735683,
    "PROTEINAS_recall": 0.8940628637951106,
    "UNCLEAR_f1": 0.735294117647059,
    "UNCLEAR_number": 34,
    "UNCLEAR_precision": 0.7352941176470589,
    "UNCLEAR_recall": 0.7352941176470589,
    "epoch": 9.848,
    "eval_NORMALIZABLES_f1": 0.9054290718038529,
    "eval_NORMALIZABLES_number": 1121,
    "eval_NORMALIZABLES_precision": 0.8890799656061908,
    "eval_NORMALIZABLES_recall": 0.9223907225691347,
    "eval_NO_NORMALIZABLES_f1": 0.0,
    "eval_NO_NORMALIZABLES_number": 16,
    "eval_NO_NORMALIZABLES_precision": 0.0,
    "eval_NO_NORMALIZABLES_recall": 0.0,
    "eval_PROTEINAS_f1": 0.8869795109054859,
    "eval_PROTEINAS_number": 745,
    "eval_PROTEINAS_precision": 0.8736979166666666,
    "eval_PROTEINAS_recall": 0.9006711409395973,
    "eval_UNCLEAR_f1": 0.6666666666666666,
    "eval_UNCLEAR_number": 44,
    "eval_UNCLEAR_precision": 0.6521739130434783,
    "eval_UNCLEAR_recall": 0.6818181818181818,
    "eval_loss": 0.02255280502140522,
    "eval_overall_accuracy": 0.9949636163175303,
    "eval_overall_f1": 0.8886043533930857,
    "eval_overall_precision": 0.8767054067710965,
    "eval_overall_recall": 0.9008307372793354,
    "eval_runtime": 10.4291,
    "eval_samples_per_second": 23.971,
    "eval_steps_per_second": 6.041,
    "overall_accuracy": 0.9955200027203019,
    "overall_f1": 0.8867279894875164,
    "overall_precision": 0.8745463970969414,
    "overall_recall": 0.8992537313432836,
    "total_flos": 2312689863955968.0,
    "train_loss": 0.027620513592996904,
    "train_runtime": 1100.0571,
    "train_samples_per_second": 4.545,
    "train_steps_per_second": 0.564
}