{
    "NORMALIZABLES_f1": 0.9131767109295199,
    "NORMALIZABLES_number": 973,
    "NORMALIZABLES_precision": 0.9076142131979695,
    "NORMALIZABLES_recall": 0.9188078108941419,
    "NO_NORMALIZABLES_f1": 0.0,
    "NO_NORMALIZABLES_number": 10,
    "NO_NORMALIZABLES_precision": 0.0,
    "NO_NORMALIZABLES_recall": 0.0,
    "PROTEINAS_f1": 0.8692699490662139,
    "PROTEINAS_number": 859,
    "PROTEINAS_precision": 0.8458149779735683,
    "PROTEINAS_recall": 0.8940628637951106,
    "UNCLEAR_f1": 0.735294117647059,
    "UNCLEAR_number": 34,
    "UNCLEAR_precision": 0.7352941176470589,
    "UNCLEAR_recall": 0.7352941176470589,
    "overall_accuracy": 0.9955200027203019,
    "overall_f1": 0.8867279894875164,
    "overall_precision": 0.8745463970969414,
    "overall_recall": 0.8992537313432836
}