{
    "FAMILIAR_f1": 0.6140350877192983,
    "FAMILIAR_number": 51,
    "FAMILIAR_precision": 0.5555555555555556,
    "FAMILIAR_recall": 0.6862745098039216,
    "OTROS_f1": 0.72992700729927,
    "OTROS_number": 148,
    "OTROS_precision": 0.7936507936507936,
    "OTROS_recall": 0.6756756756756757,
    "PACIENTE_f1": 0.6848847139197268,
    "PACIENTE_number": 590,
    "PACIENTE_precision": 0.6901893287435457,
    "PACIENTE_recall": 0.6796610169491526,
    "SANITARIO_f1": 0.9025974025974027,
    "SANITARIO_number": 302,
    "SANITARIO_precision": 0.8853503184713376,
    "SANITARIO_recall": 0.9205298013245033,
    "epoch": 10.0,
    "eval_FAMILIAR_f1": 0.743801652892562,
    "eval_FAMILIAR_number": 57,
    "eval_FAMILIAR_precision": 0.703125,
    "eval_FAMILIAR_recall": 0.7894736842105263,
    "eval_OTROS_f1": 0.775244299674267,
    "eval_OTROS_number": 160,
    "eval_OTROS_precision": 0.8095238095238095,
    "eval_OTROS_recall": 0.74375,
    "eval_PACIENTE_f1": 0.6939890710382514,
    "eval_PACIENTE_number": 351,
    "eval_PACIENTE_precision": 0.6666666666666666,
    "eval_PACIENTE_recall": 0.7236467236467237,
    "eval_SANITARIO_f1": 0.8808777429467085,
    "eval_SANITARIO_number": 306,
    "eval_SANITARIO_precision": 0.8463855421686747,
    "eval_SANITARIO_recall": 0.9183006535947712,
    "eval_loss": 0.016602354124188423,
    "eval_overall_accuracy": 0.9971438387882228,
    "eval_overall_f1": 0.7775305895439378,
    "eval_overall_precision": 0.7564935064935064,
    "eval_overall_recall": 0.799771167048055,
    "eval_runtime": 17.8803,
    "eval_samples_per_second": 42.561,
    "eval_steps_per_second": 5.369,
    "overall_accuracy": 0.9962562572355655,
    "overall_f1": 0.7485057471264368,
    "overall_precision": 0.7509225092250923,
    "overall_recall": 0.7461044912923923,
    "total_flos": 2.968217991794688e+16,
    "train_loss": 0.004608641382306814,
    "train_runtime": 3441.5422,
    "train_samples_per_second": 9.287,
    "train_steps_per_second": 1.162
}