{
    "epoch": 10.0,
    "eval_FAMILIAR_f1": 0.743801652892562,
    "eval_FAMILIAR_number": 57,
    "eval_FAMILIAR_precision": 0.703125,
    "eval_FAMILIAR_recall": 0.7894736842105263,
    "eval_OTROS_f1": 0.775244299674267,
    "eval_OTROS_number": 160,
    "eval_OTROS_precision": 0.8095238095238095,
    "eval_OTROS_recall": 0.74375,
    "eval_PACIENTE_f1": 0.6939890710382514,
    "eval_PACIENTE_number": 351,
    "eval_PACIENTE_precision": 0.6666666666666666,
    "eval_PACIENTE_recall": 0.7236467236467237,
    "eval_SANITARIO_f1": 0.8808777429467085,
    "eval_SANITARIO_number": 306,
    "eval_SANITARIO_precision": 0.8463855421686747,
    "eval_SANITARIO_recall": 0.9183006535947712,
    "eval_loss": 0.016602354124188423,
    "eval_overall_accuracy": 0.9971438387882228,
    "eval_overall_f1": 0.7775305895439378,
    "eval_overall_precision": 0.7564935064935064,
    "eval_overall_recall": 0.799771167048055,
    "eval_runtime": 17.8803,
    "eval_samples_per_second": 42.561,
    "eval_steps_per_second": 5.369
}