{
    "MORFOLOGIA_NEOPLASIA_f1": 0.8283602518477964,
    "MORFOLOGIA_NEOPLASIA_number": 3540,
    "MORFOLOGIA_NEOPLASIA_precision": 0.8035050451407328,
    "MORFOLOGIA_NEOPLASIA_recall": 0.8548022598870056,
    "epoch": 10.0,
    "eval_MORFOLOGIA_NEOPLASIA_f1": 0.824943551600478,
    "eval_MORFOLOGIA_NEOPLASIA_number": 7433,
    "eval_MORFOLOGIA_NEOPLASIA_precision": 0.8145573770491803,
    "eval_MORFOLOGIA_NEOPLASIA_recall": 0.8355980088793219,
    "eval_loss": 0.06698814779520035,
    "eval_overall_accuracy": 0.9891142031903546,
    "eval_overall_f1": 0.824943551600478,
    "eval_overall_precision": 0.8145573770491803,
    "eval_overall_recall": 0.8355980088793219,
    "eval_runtime": 23.6719,
    "eval_samples_per_second": 75.997,
    "eval_steps_per_second": 9.505,
    "overall_accuracy": 0.9893068593127354,
    "overall_f1": 0.8283602518477964,
    "overall_precision": 0.8035050451407328,
    "overall_recall": 0.8548022598870056,
    "total_flos": 5317533097113600.0,
    "train_loss": 0.013372481718805491,
    "train_runtime": 1432.4489,
    "train_samples_per_second": 14.206,
    "train_steps_per_second": 1.78
}