{
    "MORFOLOGIA_NEOPLASIA_f1": 0.8283602518477964,
    "MORFOLOGIA_NEOPLASIA_number": 3540,
    "MORFOLOGIA_NEOPLASIA_precision": 0.8035050451407328,
    "MORFOLOGIA_NEOPLASIA_recall": 0.8548022598870056,
    "overall_accuracy": 0.9893068593127354,
    "overall_f1": 0.8283602518477964,
    "overall_precision": 0.8035050451407328,
    "overall_recall": 0.8548022598870056
}