{
    "NORMALIZABLES_f1": 0.9297075423293997,
    "NORMALIZABLES_number": 973,
    "NORMALIZABLES_precision": 0.9282786885245902,
    "NORMALIZABLES_recall": 0.9311408016443987,
    "NO_NORMALIZABLES_f1": 0.0,
    "NO_NORMALIZABLES_number": 10,
    "NO_NORMALIZABLES_precision": 0.0,
    "NO_NORMALIZABLES_recall": 0.0,
    "PROTEINAS_f1": 0.8788571428571428,
    "PROTEINAS_number": 859,
    "PROTEINAS_precision": 0.8630751964085297,
    "PROTEINAS_recall": 0.8952270081490105,
    "UNCLEAR_f1": 0.7123287671232877,
    "UNCLEAR_number": 34,
    "UNCLEAR_precision": 0.6666666666666666,
    "UNCLEAR_recall": 0.7647058823529411,
    "epoch": 9.848,
    "eval_NORMALIZABLES_f1": 0.9236912156166814,
    "eval_NORMALIZABLES_number": 1121,
    "eval_NORMALIZABLES_precision": 0.9187996469549867,
    "eval_NORMALIZABLES_recall": 0.928635147190009,
    "eval_NO_NORMALIZABLES_f1": 0.13793103448275862,
    "eval_NO_NORMALIZABLES_number": 16,
    "eval_NO_NORMALIZABLES_precision": 0.15384615384615385,
    "eval_NO_NORMALIZABLES_recall": 0.125,
    "eval_PROTEINAS_f1": 0.8903654485049833,
    "eval_PROTEINAS_number": 745,
    "eval_PROTEINAS_precision": 0.881578947368421,
    "eval_PROTEINAS_recall": 0.8993288590604027,
    "eval_UNCLEAR_f1": 0.712871287128713,
    "eval_UNCLEAR_number": 44,
    "eval_UNCLEAR_precision": 0.631578947368421,
    "eval_UNCLEAR_recall": 0.8181818181818182,
    "eval_loss": 0.025014441460371017,
    "eval_overall_accuracy": 0.99509592061742,
    "eval_overall_f1": 0.8994600154281306,
    "eval_overall_precision": 0.890983188996434,
    "eval_overall_recall": 0.9080996884735203,
    "eval_runtime": 10.423,
    "eval_samples_per_second": 23.985,
    "eval_steps_per_second": 6.044,
    "overall_accuracy": 0.9957665300848394,
    "overall_f1": 0.8978622327790974,
    "overall_precision": 0.8891792995295348,
    "overall_recall": 0.9067164179104478,
    "total_flos": 2312689863955968.0,
    "train_loss": 0.020194459898817924,
    "train_runtime": 1212.1724,
    "train_samples_per_second": 4.125,
    "train_steps_per_second": 0.511
}