{
    "NORMALIZABLES_f1": 0.9297075423293997,
    "NORMALIZABLES_number": 973,
    "NORMALIZABLES_precision": 0.9282786885245902,
    "NORMALIZABLES_recall": 0.9311408016443987,
    "NO_NORMALIZABLES_f1": 0.0,
    "NO_NORMALIZABLES_number": 10,
    "NO_NORMALIZABLES_precision": 0.0,
    "NO_NORMALIZABLES_recall": 0.0,
    "PROTEINAS_f1": 0.8788571428571428,
    "PROTEINAS_number": 859,
    "PROTEINAS_precision": 0.8630751964085297,
    "PROTEINAS_recall": 0.8952270081490105,
    "UNCLEAR_f1": 0.7123287671232877,
    "UNCLEAR_number": 34,
    "UNCLEAR_precision": 0.6666666666666666,
    "UNCLEAR_recall": 0.7647058823529411,
    "overall_accuracy": 0.9957665300848394,
    "overall_f1": 0.8978622327790974,
    "overall_precision": 0.8891792995295348,
    "overall_recall": 0.9067164179104478
}