{
    "FARMACO_f1": 0.884153005464481,
    "FARMACO_number": 1834,
    "FARMACO_precision": 0.8860898138006572,
    "FARMACO_recall": 0.8822246455834242,
    "epoch": 10.0,
    "eval_FARMACO_f1": 0.8868656716417911,
    "eval_FARMACO_number": 3321,
    "eval_FARMACO_precision": 0.8792542172240307,
    "eval_FARMACO_recall": 0.8946100572116832,
    "eval_loss": 0.014089319854974747,
    "eval_overall_accuracy": 0.9977747032131351,
    "eval_overall_f1": 0.8868656716417911,
    "eval_overall_precision": 0.8792542172240307,
    "eval_overall_recall": 0.8946100572116832,
    "eval_runtime": 30.9429,
    "eval_samples_per_second": 42.239,
    "eval_steps_per_second": 5.3,
    "overall_accuracy": 0.9978005619641446,
    "overall_f1": 0.884153005464481,
    "overall_precision": 0.8860898138006572,
    "overall_recall": 0.8822246455834242,
    "total_flos": 1.6092921499535616e+16,
    "train_loss": 0.003564288214810433,
    "train_runtime": 2753.1246,
    "train_samples_per_second": 6.298,
    "train_steps_per_second": 0.788
}