{
    "epoch": 10.0,
    "eval_FARMACO_f1": 0.8868656716417911,
    "eval_FARMACO_number": 3321,
    "eval_FARMACO_precision": 0.8792542172240307,
    "eval_FARMACO_recall": 0.8946100572116832,
    "eval_loss": 0.014089319854974747,
    "eval_overall_accuracy": 0.9977747032131351,
    "eval_overall_f1": 0.8868656716417911,
    "eval_overall_precision": 0.8792542172240307,
    "eval_overall_recall": 0.8946100572116832,
    "eval_runtime": 30.9429,
    "eval_samples_per_second": 42.239,
    "eval_steps_per_second": 5.3
}