{
    "FARMACO_f1": 0.8988954970263382,
    "FARMACO_number": 1717,
    "FARMACO_precision": 0.8748621830209482,
    "FARMACO_recall": 0.9242865463016889,
    "epoch": 10.0,
    "eval_FARMACO_f1": 0.8990969768354927,
    "eval_FARMACO_number": 2509,
    "eval_FARMACO_precision": 0.8858800773694391,
    "eval_FARMACO_recall": 0.912714228776405,
    "eval_loss": 0.007232613395899534,
    "eval_overall_accuracy": 0.9981403571353631,
    "eval_overall_f1": 0.8990969768354927,
    "eval_overall_precision": 0.8858800773694391,
    "eval_overall_recall": 0.912714228776405,
    "eval_runtime": 14.1603,
    "eval_samples_per_second": 18.22,
    "eval_steps_per_second": 4.59,
    "overall_accuracy": 0.9980876211255434,
    "overall_f1": 0.8988954970263382,
    "overall_precision": 0.8748621830209482,
    "overall_recall": 0.9242865463016889,
    "total_flos": 4615462244332800.0,
    "train_loss": 0.004640115988254547,
    "train_runtime": 1182.0704,
    "train_samples_per_second": 8.46,
    "train_steps_per_second": 1.057
}