{
    "epoch": 10.0,
    "eval_FARMACO_f1": 0.8990969768354927,
    "eval_FARMACO_number": 2509,
    "eval_FARMACO_precision": 0.8858800773694391,
    "eval_FARMACO_recall": 0.912714228776405,
    "eval_loss": 0.007232613395899534,
    "eval_overall_accuracy": 0.9981403571353631,
    "eval_overall_f1": 0.8990969768354927,
    "eval_overall_precision": 0.8858800773694391,
    "eval_overall_recall": 0.912714228776405,
    "eval_runtime": 14.1603,
    "eval_samples_per_second": 18.22,
    "eval_steps_per_second": 4.59
}