{
    "CALLE_f1": 0.9461077844311376,
    "CALLE_number": 413,
    "CALLE_precision": 0.9360189573459715,
    "CALLE_recall": 0.9564164648910412,
    "CENTRO_SALUD_f1": 0.9090909090909091,
    "CENTRO_SALUD_number": 6,
    "CENTRO_SALUD_precision": 1.0,
    "CENTRO_SALUD_recall": 0.8333333333333334,
    "CORREO_ELECTRONICO_f1": 0.9880478087649401,
    "CORREO_ELECTRONICO_number": 249,
    "CORREO_ELECTRONICO_precision": 0.9802371541501976,
    "CORREO_ELECTRONICO_recall": 0.9959839357429718,
    "EDAD_SUJETO_ASISTENCIA_f1": 0.9790076335877863,
    "EDAD_SUJETO_ASISTENCIA_number": 518,
    "EDAD_SUJETO_ASISTENCIA_precision": 0.9679245283018868,
    "EDAD_SUJETO_ASISTENCIA_recall": 0.9903474903474904,
    "FAMILIARES_SUJETO_ASISTENCIA_f1": 0.7529411764705881,
    "FAMILIARES_SUJETO_ASISTENCIA_number": 81,
    "FAMILIARES_SUJETO_ASISTENCIA_precision": 0.7191011235955056,
    "FAMILIARES_SUJETO_ASISTENCIA_recall": 0.7901234567901234,
    "FECHAS_f1": 0.9869494290375203,
    "FECHAS_number": 611,
    "FECHAS_precision": 0.983739837398374,
    "FECHAS_recall": 0.9901800327332242,
    "HOSPITAL_f1": 0.9260700389105059,
    "HOSPITAL_number": 130,
    "HOSPITAL_precision": 0.937007874015748,
    "HOSPITAL_recall": 0.9153846153846154,
    "ID_ASEGURAMIENTO_f1": 0.9974683544303797,
    "ID_ASEGURAMIENTO_number": 198,
    "ID_ASEGURAMIENTO_precision": 1.0,
    "ID_ASEGURAMIENTO_recall": 0.9949494949494949,
    "ID_CONTACTO_ASISTENCIAL_f1": 1.0,
    "ID_CONTACTO_ASISTENCIAL_number": 39,
    "ID_CONTACTO_ASISTENCIAL_precision": 1.0,
    "ID_CONTACTO_ASISTENCIAL_recall": 1.0,
    "ID_SUJETO_ASISTENCIA_f1": 0.9929577464788732,
    "ID_SUJETO_ASISTENCIA_number": 283,
    "ID_SUJETO_ASISTENCIA_precision": 0.9894736842105263,
    "ID_SUJETO_ASISTENCIA_recall": 0.9964664310954063,
    "ID_TITULACION_PERSONAL_SANITARIO_f1": 0.9978678038379531,
    "ID_TITULACION_PERSONAL_SANITARIO_number": 234,
    "ID_TITULACION_PERSONAL_SANITARIO_precision": 0.9957446808510638,
    "ID_TITULACION_PERSONAL_SANITARIO_recall": 1.0,
    "INSTITUCION_f1": 0.5185185185185184,
    "INSTITUCION_number": 67,
    "INSTITUCION_precision": 0.5147058823529411,
    "INSTITUCION_recall": 0.5223880597014925,
    "NOMBRE_PERSONAL_SANITARIO_f1": 0.9940357852882703,
    "NOMBRE_PERSONAL_SANITARIO_number": 501,
    "NOMBRE_PERSONAL_SANITARIO_precision": 0.9900990099009901,
    "NOMBRE_PERSONAL_SANITARIO_recall": 0.998003992015968,
    "NOMBRE_SUJETO_ASISTENCIA_f1": 1.0,
    "NOMBRE_SUJETO_ASISTENCIA_number": 502,
    "NOMBRE_SUJETO_ASISTENCIA_precision": 1.0,
    "NOMBRE_SUJETO_ASISTENCIA_recall": 1.0,
    "NUMERO_FAX_f1": 0.923076923076923,
    "NUMERO_FAX_number": 7,
    "NUMERO_FAX_precision": 1.0,
    "NUMERO_FAX_recall": 0.8571428571428571,
    "NUMERO_TELEFONO_f1": 0.9259259259259259,
    "NUMERO_TELEFONO_number": 26,
    "NUMERO_TELEFONO_precision": 0.8928571428571429,
    "NUMERO_TELEFONO_recall": 0.9615384615384616,
    "OTROS_SUJETO_ASISTENCIA_f1": 0.0,
    "OTROS_SUJETO_ASISTENCIA_number": 7,
    "OTROS_SUJETO_ASISTENCIA_precision": 0.0,
    "OTROS_SUJETO_ASISTENCIA_recall": 0.0,
    "PAIS_f1": 0.9876880984952121,
    "PAIS_number": 363,
    "PAIS_precision": 0.9809782608695652,
    "PAIS_recall": 0.9944903581267218,
    "PROFESION_f1": 0.6086956521739131,
    "PROFESION_number": 9,
    "PROFESION_precision": 0.5,
    "PROFESION_recall": 0.7777777777777778,
    "SEXO_SUJETO_ASISTENCIA_f1": 0.9913606911447084,
    "SEXO_SUJETO_ASISTENCIA_number": 461,
    "SEXO_SUJETO_ASISTENCIA_precision": 0.9870967741935484,
    "SEXO_SUJETO_ASISTENCIA_recall": 0.9956616052060737,
    "TERRITORIO_f1": 0.9739854318418314,
    "TERRITORIO_number": 956,
    "TERRITORIO_precision": 0.968944099378882,
    "TERRITORIO_recall": 0.9790794979079498,
    "epoch": 10.0,
    "eval_CALLE_f1": 0.9030100334448159,
    "eval_CALLE_number": 446,
    "eval_CALLE_precision": 0.8980044345898004,
    "eval_CALLE_recall": 0.9080717488789237,
    "eval_CENTRO_SALUD_f1": 0.0,
    "eval_CENTRO_SALUD_number": 2,
    "eval_CENTRO_SALUD_precision": 0.0,
    "eval_CENTRO_SALUD_recall": 0.0,
    "eval_CORREO_ELECTRONICO_f1": 0.9713114754098361,
    "eval_CORREO_ELECTRONICO_number": 240,
    "eval_CORREO_ELECTRONICO_precision": 0.9556451612903226,
    "eval_CORREO_ELECTRONICO_recall": 0.9875,
    "eval_EDAD_SUJETO_ASISTENCIA_f1": 0.9576923076923076,
    "eval_EDAD_SUJETO_ASISTENCIA_number": 531,
    "eval_EDAD_SUJETO_ASISTENCIA_precision": 0.9783889980353635,
    "eval_EDAD_SUJETO_ASISTENCIA_recall": 0.9378531073446328,
    "eval_FAMILIARES_SUJETO_ASISTENCIA_f1": 0.7156862745098039,
    "eval_FAMILIARES_SUJETO_ASISTENCIA_number": 102,
    "eval_FAMILIARES_SUJETO_ASISTENCIA_precision": 0.7156862745098039,
    "eval_FAMILIARES_SUJETO_ASISTENCIA_recall": 0.7156862745098039,
    "eval_FECHAS_f1": 0.9545753785385122,
    "eval_FECHAS_number": 762,
    "eval_FECHAS_precision": 0.9577278731836195,
    "eval_FECHAS_recall": 0.9514435695538058,
    "eval_HOSPITAL_f1": 0.8851351351351352,
    "eval_HOSPITAL_number": 151,
    "eval_HOSPITAL_precision": 0.903448275862069,
    "eval_HOSPITAL_recall": 0.8675496688741722,
    "eval_ID_ASEGURAMIENTO_f1": 0.9869451697127937,
    "eval_ID_ASEGURAMIENTO_number": 194,
    "eval_ID_ASEGURAMIENTO_precision": 1.0,
    "eval_ID_ASEGURAMIENTO_recall": 0.9742268041237113,
    "eval_ID_CONTACTO_ASISTENCIAL_f1": 0.9393939393939394,
    "eval_ID_CONTACTO_ASISTENCIAL_number": 33,
    "eval_ID_CONTACTO_ASISTENCIAL_precision": 0.9393939393939394,
    "eval_ID_CONTACTO_ASISTENCIAL_recall": 0.9393939393939394,
    "eval_ID_SUJETO_ASISTENCIA_f1": 0.9464594127806563,
    "eval_ID_SUJETO_ASISTENCIA_number": 293,
    "eval_ID_SUJETO_ASISTENCIA_precision": 0.958041958041958,
    "eval_ID_SUJETO_ASISTENCIA_recall": 0.9351535836177475,
    "eval_ID_TITULACION_PERSONAL_SANITARIO_f1": 0.9647577092511014,
    "eval_ID_TITULACION_PERSONAL_SANITARIO_number": 229,
    "eval_ID_TITULACION_PERSONAL_SANITARIO_precision": 0.9733333333333334,
    "eval_ID_TITULACION_PERSONAL_SANITARIO_recall": 0.9563318777292577,
    "eval_INSTITUCION_f1": 0.75,
    "eval_INSTITUCION_number": 81,
    "eval_INSTITUCION_precision": 0.7241379310344828,
    "eval_INSTITUCION_recall": 0.7777777777777778,
    "eval_NOMBRE_PERSONAL_SANITARIO_f1": 0.9551954242135368,
    "eval_NOMBRE_PERSONAL_SANITARIO_number": 526,
    "eval_NOMBRE_PERSONAL_SANITARIO_precision": 0.9579349904397706,
    "eval_NOMBRE_PERSONAL_SANITARIO_recall": 0.9524714828897338,
    "eval_NOMBRE_SUJETO_ASISTENCIA_f1": 0.9818181818181819,
    "eval_NOMBRE_SUJETO_ASISTENCIA_number": 503,
    "eval_NOMBRE_SUJETO_ASISTENCIA_precision": 0.997946611909651,
    "eval_NOMBRE_SUJETO_ASISTENCIA_recall": 0.9662027833001988,
    "eval_NUMERO_FAX_f1": 0.9090909090909091,
    "eval_NUMERO_FAX_number": 6,
    "eval_NUMERO_FAX_precision": 1.0,
    "eval_NUMERO_FAX_recall": 0.8333333333333334,
    "eval_NUMERO_TELEFONO_f1": 0.830188679245283,
    "eval_NUMERO_TELEFONO_number": 25,
    "eval_NUMERO_TELEFONO_precision": 0.7857142857142857,
    "eval_NUMERO_TELEFONO_recall": 0.88,
    "eval_OTROS_SUJETO_ASISTENCIA_f1": 0.0,
    "eval_OTROS_SUJETO_ASISTENCIA_number": 6,
    "eval_OTROS_SUJETO_ASISTENCIA_precision": 0.0,
    "eval_OTROS_SUJETO_ASISTENCIA_recall": 0.0,
    "eval_PAIS_f1": 0.9742857142857143,
    "eval_PAIS_number": 353,
    "eval_PAIS_precision": 0.9827089337175793,
    "eval_PAIS_recall": 0.9660056657223796,
    "eval_PROFESION_f1": 0.75,
    "eval_PROFESION_number": 4,
    "eval_PROFESION_precision": 0.75,
    "eval_PROFESION_recall": 0.75,
    "eval_SEXO_SUJETO_ASISTENCIA_f1": 0.9683060109289617,
    "eval_SEXO_SUJETO_ASISTENCIA_number": 462,
    "eval_SEXO_SUJETO_ASISTENCIA_precision": 0.977924944812362,
    "eval_SEXO_SUJETO_ASISTENCIA_recall": 0.9588744588744589,
    "eval_TERRITORIO_f1": 0.963402571711177,
    "eval_TERRITORIO_number": 1006,
    "eval_TERRITORIO_precision": 0.9586614173228346,
    "eval_TERRITORIO_recall": 0.9681908548707754,
    "eval_loss": 0.05082060769200325,