{
    "epoch": 10.0,
    "eval_CALLE_f1": 0.9030100334448159,
    "eval_CALLE_number": 446,
    "eval_CALLE_precision": 0.8980044345898004,
    "eval_CALLE_recall": 0.9080717488789237,
    "eval_CENTRO_SALUD_f1": 0.0,
    "eval_CENTRO_SALUD_number": 2,
    "eval_CENTRO_SALUD_precision": 0.0,
    "eval_CENTRO_SALUD_recall": 0.0,
    "eval_CORREO_ELECTRONICO_f1": 0.9713114754098361,
    "eval_CORREO_ELECTRONICO_number": 240,
    "eval_CORREO_ELECTRONICO_precision": 0.9556451612903226,
    "eval_CORREO_ELECTRONICO_recall": 0.9875,
    "eval_EDAD_SUJETO_ASISTENCIA_f1": 0.9576923076923076,
    "eval_EDAD_SUJETO_ASISTENCIA_number": 531,
    "eval_EDAD_SUJETO_ASISTENCIA_precision": 0.9783889980353635,
    "eval_EDAD_SUJETO_ASISTENCIA_recall": 0.9378531073446328,
    "eval_FAMILIARES_SUJETO_ASISTENCIA_f1": 0.7156862745098039,
    "eval_FAMILIARES_SUJETO_ASISTENCIA_number": 102,
    "eval_FAMILIARES_SUJETO_ASISTENCIA_precision": 0.7156862745098039,
    "eval_FAMILIARES_SUJETO_ASISTENCIA_recall": 0.7156862745098039,
    "eval_FECHAS_f1": 0.9545753785385122,
    "eval_FECHAS_number": 762,
    "eval_FECHAS_precision": 0.9577278731836195,
    "eval_FECHAS_recall": 0.9514435695538058,
    "eval_HOSPITAL_f1": 0.8851351351351352,
    "eval_HOSPITAL_number": 151,
    "eval_HOSPITAL_precision": 0.903448275862069,
    "eval_HOSPITAL_recall": 0.8675496688741722,
    "eval_ID_ASEGURAMIENTO_f1": 0.9869451697127937,
    "eval_ID_ASEGURAMIENTO_number": 194,
    "eval_ID_ASEGURAMIENTO_precision": 1.0,
    "eval_ID_ASEGURAMIENTO_recall": 0.9742268041237113,
    "eval_ID_CONTACTO_ASISTENCIAL_f1": 0.9393939393939394,
    "eval_ID_CONTACTO_ASISTENCIAL_number": 33,
    "eval_ID_CONTACTO_ASISTENCIAL_precision": 0.9393939393939394,
    "eval_ID_CONTACTO_ASISTENCIAL_recall": 0.9393939393939394,
    "eval_ID_SUJETO_ASISTENCIA_f1": 0.9464594127806563,
    "eval_ID_SUJETO_ASISTENCIA_number": 293,
    "eval_ID_SUJETO_ASISTENCIA_precision": 0.958041958041958,
    "eval_ID_SUJETO_ASISTENCIA_recall": 0.9351535836177475,
    "eval_ID_TITULACION_PERSONAL_SANITARIO_f1": 0.9647577092511014,
    "eval_ID_TITULACION_PERSONAL_SANITARIO_number": 229,
    "eval_ID_TITULACION_PERSONAL_SANITARIO_precision": 0.9733333333333334,
    "eval_ID_TITULACION_PERSONAL_SANITARIO_recall": 0.9563318777292577,
    "eval_INSTITUCION_f1": 0.75,
    "eval_INSTITUCION_number": 81,
    "eval_INSTITUCION_precision": 0.7241379310344828,
    "eval_INSTITUCION_recall": 0.7777777777777778,
    "eval_NOMBRE_PERSONAL_SANITARIO_f1": 0.9551954242135368,
    "eval_NOMBRE_PERSONAL_SANITARIO_number": 526,
    "eval_NOMBRE_PERSONAL_SANITARIO_precision": 0.9579349904397706,
    "eval_NOMBRE_PERSONAL_SANITARIO_recall": 0.9524714828897338,
    "eval_NOMBRE_SUJETO_ASISTENCIA_f1": 0.9818181818181819,
    "eval_NOMBRE_SUJETO_ASISTENCIA_number": 503,
    "eval_NOMBRE_SUJETO_ASISTENCIA_precision": 0.997946611909651,
    "eval_NOMBRE_SUJETO_ASISTENCIA_recall": 0.9662027833001988,
    "eval_NUMERO_FAX_f1": 0.9090909090909091,
    "eval_NUMERO_FAX_number": 6,
    "eval_NUMERO_FAX_precision": 1.0,
    "eval_NUMERO_FAX_recall": 0.8333333333333334,
    "eval_NUMERO_TELEFONO_f1": 0.830188679245283,
    "eval_NUMERO_TELEFONO_number": 25,
    "eval_NUMERO_TELEFONO_precision": 0.7857142857142857,
    "eval_NUMERO_TELEFONO_recall": 0.88,
    "eval_OTROS_SUJETO_ASISTENCIA_f1": 0.0,
    "eval_OTROS_SUJETO_ASISTENCIA_number": 6,
    "eval_OTROS_SUJETO_ASISTENCIA_precision": 0.0,
    "eval_OTROS_SUJETO_ASISTENCIA_recall": 0.0,
    "eval_PAIS_f1": 0.9742857142857143,
    "eval_PAIS_number": 353,
    "eval_PAIS_precision": 0.9827089337175793,
    "eval_PAIS_recall": 0.9660056657223796,
    "eval_PROFESION_f1": 0.75,
    "eval_PROFESION_number": 4,
    "eval_PROFESION_precision": 0.75,
    "eval_PROFESION_recall": 0.75,
    "eval_SEXO_SUJETO_ASISTENCIA_f1": 0.9683060109289617,
    "eval_SEXO_SUJETO_ASISTENCIA_number": 462,
    "eval_SEXO_SUJETO_ASISTENCIA_precision": 0.977924944812362,
    "eval_SEXO_SUJETO_ASISTENCIA_recall": 0.9588744588744589,
    "eval_TERRITORIO_f1": 0.963402571711177,
    "eval_TERRITORIO_number": 1006,
    "eval_TERRITORIO_precision": 0.9586614173228346,
    "eval_TERRITORIO_recall": 0.9681908548707754,
    "eval_loss": 0.05082060769200325,
    "eval_overall_accuracy": 0.9921299256109467,
    "eval_overall_f1": 0.9482831350712899,
    "eval_overall_precision": 0.9528653780942692,
    "eval_overall_recall": 0.943744752308984,
    "eval_runtime": 6.927,
    "eval_samples_per_second": 70.738,
    "eval_steps_per_second": 8.95
}