{
    "epoch": 10.0,
    "eval_CALLE_f1": 0.9125138427464009,
    "eval_CALLE_number": 446,
    "eval_CALLE_precision": 0.9015317286652079,
    "eval_CALLE_recall": 0.9237668161434978,
    "eval_CENTRO_SALUD_f1": 0.5,
    "eval_CENTRO_SALUD_number": 2,
    "eval_CENTRO_SALUD_precision": 0.5,
    "eval_CENTRO_SALUD_recall": 0.5,
    "eval_CORREO_ELECTRONICO_f1": 0.9733059548254619,
    "eval_CORREO_ELECTRONICO_number": 240,
    "eval_CORREO_ELECTRONICO_precision": 0.9595141700404858,
    "eval_CORREO_ELECTRONICO_recall": 0.9875,
    "eval_EDAD_SUJETO_ASISTENCIA_f1": 0.9577735124760077,
    "eval_EDAD_SUJETO_ASISTENCIA_number": 531,
    "eval_EDAD_SUJETO_ASISTENCIA_precision": 0.9765166340508806,
    "eval_EDAD_SUJETO_ASISTENCIA_recall": 0.9397363465160076,
    "eval_FAMILIARES_SUJETO_ASISTENCIA_f1": 0.7192118226600985,
    "eval_FAMILIARES_SUJETO_ASISTENCIA_number": 102,
    "eval_FAMILIARES_SUJETO_ASISTENCIA_precision": 0.7227722772277227,
    "eval_FAMILIARES_SUJETO_ASISTENCIA_recall": 0.7156862745098039,
    "eval_FECHAS_f1": 0.9670184696569921,
    "eval_FECHAS_number": 762,
    "eval_FECHAS_precision": 0.9721485411140584,
    "eval_FECHAS_recall": 0.9619422572178478,
    "eval_HOSPITAL_f1": 0.868421052631579,
    "eval_HOSPITAL_number": 151,
    "eval_HOSPITAL_precision": 0.8627450980392157,
    "eval_HOSPITAL_recall": 0.8741721854304636,
    "eval_ID_ASEGURAMIENTO_f1": 0.9842931937172774,
    "eval_ID_ASEGURAMIENTO_number": 194,
    "eval_ID_ASEGURAMIENTO_precision": 1.0,
    "eval_ID_ASEGURAMIENTO_recall": 0.9690721649484536,
    "eval_ID_CONTACTO_ASISTENCIAL_f1": 0.9393939393939394,
    "eval_ID_CONTACTO_ASISTENCIAL_number": 33,
    "eval_ID_CONTACTO_ASISTENCIAL_precision": 0.9393939393939394,
    "eval_ID_CONTACTO_ASISTENCIAL_recall": 0.9393939393939394,
    "eval_ID_SUJETO_ASISTENCIA_f1": 0.9347079037800687,
    "eval_ID_SUJETO_ASISTENCIA_number": 293,
    "eval_ID_SUJETO_ASISTENCIA_precision": 0.9411764705882353,
    "eval_ID_SUJETO_ASISTENCIA_recall": 0.9283276450511946,
    "eval_ID_TITULACION_PERSONAL_SANITARIO_f1": 0.9647577092511014,
    "eval_ID_TITULACION_PERSONAL_SANITARIO_number": 229,
    "eval_ID_TITULACION_PERSONAL_SANITARIO_precision": 0.9733333333333334,
    "eval_ID_TITULACION_PERSONAL_SANITARIO_recall": 0.9563318777292577,
    "eval_INSTITUCION_f1": 0.6961325966850829,
    "eval_INSTITUCION_number": 81,
    "eval_INSTITUCION_precision": 0.63,
    "eval_INSTITUCION_recall": 0.7777777777777778,
    "eval_NOMBRE_PERSONAL_SANITARIO_f1": 0.9579349904397706,
    "eval_NOMBRE_PERSONAL_SANITARIO_number": 526,
    "eval_NOMBRE_PERSONAL_SANITARIO_precision": 0.9634615384615385,
    "eval_NOMBRE_PERSONAL_SANITARIO_recall": 0.9524714828897338,
    "eval_NOMBRE_SUJETO_ASISTENCIA_f1": 0.9768378650553878,
    "eval_NOMBRE_SUJETO_ASISTENCIA_number": 503,
    "eval_NOMBRE_SUJETO_ASISTENCIA_precision": 0.9897959183673469,
    "eval_NOMBRE_SUJETO_ASISTENCIA_recall": 0.9642147117296223,
    "eval_NUMERO_FAX_f1": 0.8333333333333334,
    "eval_NUMERO_FAX_number": 6,
    "eval_NUMERO_FAX_precision": 0.8333333333333334,
    "eval_NUMERO_FAX_recall": 0.8333333333333334,
    "eval_NUMERO_TELEFONO_f1": 0.9019607843137256,
    "eval_NUMERO_TELEFONO_number": 25,
    "eval_NUMERO_TELEFONO_precision": 0.8846153846153846,
    "eval_NUMERO_TELEFONO_recall": 0.92,
    "eval_OTROS_SUJETO_ASISTENCIA_f1": 0.0,
    "eval_OTROS_SUJETO_ASISTENCIA_number": 6,
    "eval_OTROS_SUJETO_ASISTENCIA_precision": 0.0,
    "eval_OTROS_SUJETO_ASISTENCIA_recall": 0.0,
    "eval_PAIS_f1": 0.9785407725321889,
    "eval_PAIS_number": 353,
    "eval_PAIS_precision": 0.9884393063583815,
    "eval_PAIS_recall": 0.9688385269121813,
    "eval_PROFESION_f1": 0.22222222222222224,
    "eval_PROFESION_number": 4,
    "eval_PROFESION_precision": 0.2,
    "eval_PROFESION_recall": 0.25,
    "eval_SEXO_SUJETO_ASISTENCIA_f1": 0.9650655021834061,
    "eval_SEXO_SUJETO_ASISTENCIA_number": 462,
    "eval_SEXO_SUJETO_ASISTENCIA_precision": 0.973568281938326,
    "eval_SEXO_SUJETO_ASISTENCIA_recall": 0.9567099567099567,
    "eval_TERRITORIO_f1": 0.962852897473997,
    "eval_TERRITORIO_number": 1006,
    "eval_TERRITORIO_precision": 0.9595261599210266,
    "eval_TERRITORIO_recall": 0.9662027833001988,
    "eval_loss": 0.050590649247169495,
    "eval_overall_accuracy": 0.9921993091383061,
    "eval_overall_f1": 0.9482192472846678,
    "eval_overall_precision": 0.9508611955420466,
    "eval_overall_recall": 0.9455919395465995,
    "eval_runtime": 7.1556,
    "eval_samples_per_second": 68.478,
    "eval_steps_per_second": 8.665
}