{
    "CALLE_f1": 0.9393579072532698,
    "CALLE_number": 413,
    "CALLE_precision": 0.9228971962616822,
    "CALLE_recall": 0.9564164648910412,
    "CENTRO_SALUD_f1": 0.7272727272727272,
    "CENTRO_SALUD_number": 6,
    "CENTRO_SALUD_precision": 0.8,
    "CENTRO_SALUD_recall": 0.6666666666666666,
    "CORREO_ELECTRONICO_f1": 0.9939879759519038,
    "CORREO_ELECTRONICO_number": 249,
    "CORREO_ELECTRONICO_precision": 0.992,
    "CORREO_ELECTRONICO_recall": 0.9959839357429718,
    "EDAD_SUJETO_ASISTENCIA_f1": 0.9790076335877863,
    "EDAD_SUJETO_ASISTENCIA_number": 518,
    "EDAD_SUJETO_ASISTENCIA_precision": 0.9679245283018868,
    "EDAD_SUJETO_ASISTENCIA_recall": 0.9903474903474904,
    "FAMILIARES_SUJETO_ASISTENCIA_f1": 0.7314285714285713,
    "FAMILIARES_SUJETO_ASISTENCIA_number": 81,
    "FAMILIARES_SUJETO_ASISTENCIA_precision": 0.6808510638297872,
    "FAMILIARES_SUJETO_ASISTENCIA_recall": 0.7901234567901234,
    "FECHAS_f1": 0.9926530612244898,
    "FECHAS_number": 611,
    "FECHAS_precision": 0.990228013029316,
    "FECHAS_recall": 0.9950900163666121,
    "HOSPITAL_f1": 0.9049429657794676,
    "HOSPITAL_number": 130,
    "HOSPITAL_precision": 0.8947368421052632,
    "HOSPITAL_recall": 0.9153846153846154,
    "ID_ASEGURAMIENTO_f1": 0.9974683544303797,
    "ID_ASEGURAMIENTO_number": 198,
    "ID_ASEGURAMIENTO_precision": 1.0,
    "ID_ASEGURAMIENTO_recall": 0.9949494949494949,
    "ID_CONTACTO_ASISTENCIAL_f1": 1.0,
    "ID_CONTACTO_ASISTENCIAL_number": 39,
    "ID_CONTACTO_ASISTENCIAL_precision": 1.0,
    "ID_CONTACTO_ASISTENCIAL_recall": 1.0,
    "ID_SUJETO_ASISTENCIA_f1": 0.9929078014184397,
    "ID_SUJETO_ASISTENCIA_number": 283,
    "ID_SUJETO_ASISTENCIA_precision": 0.99644128113879,
    "ID_SUJETO_ASISTENCIA_recall": 0.9893992932862191,
    "ID_TITULACION_PERSONAL_SANITARIO_f1": 0.9978678038379531,
    "ID_TITULACION_PERSONAL_SANITARIO_number": 234,
    "ID_TITULACION_PERSONAL_SANITARIO_precision": 0.9957446808510638,
    "ID_TITULACION_PERSONAL_SANITARIO_recall": 1.0,
    "INSTITUCION_f1": 0.4383561643835616,
    "INSTITUCION_number": 67,
    "INSTITUCION_precision": 0.4050632911392405,
    "INSTITUCION_recall": 0.47761194029850745,
    "NOMBRE_PERSONAL_SANITARIO_f1": 0.9930486593843098,
    "NOMBRE_PERSONAL_SANITARIO_number": 501,
    "NOMBRE_PERSONAL_SANITARIO_precision": 0.9881422924901185,
    "NOMBRE_PERSONAL_SANITARIO_recall": 0.998003992015968,
    "NOMBRE_SUJETO_ASISTENCIA_f1": 0.999004975124378,
    "NOMBRE_SUJETO_ASISTENCIA_number": 502,
    "NOMBRE_SUJETO_ASISTENCIA_precision": 0.9980119284294234,
    "NOMBRE_SUJETO_ASISTENCIA_recall": 1.0,
    "NUMERO_FAX_f1": 0.923076923076923,
    "NUMERO_FAX_number": 7,
    "NUMERO_FAX_precision": 1.0,
    "NUMERO_FAX_recall": 0.8571428571428571,
    "NUMERO_TELEFONO_f1": 0.9259259259259259,
    "NUMERO_TELEFONO_number": 26,
    "NUMERO_TELEFONO_precision": 0.8928571428571429,
    "NUMERO_TELEFONO_recall": 0.9615384615384616,
    "OTROS_SUJETO_ASISTENCIA_f1": 0.0,
    "OTROS_SUJETO_ASISTENCIA_number": 7,
    "OTROS_SUJETO_ASISTENCIA_precision": 0.0,
    "OTROS_SUJETO_ASISTENCIA_recall": 0.0,
    "PAIS_f1": 0.9849521203830369,
    "PAIS_number": 363,
    "PAIS_precision": 0.9782608695652174,
    "PAIS_recall": 0.9917355371900827,
    "PROFESION_f1": 0.4444444444444444,
    "PROFESION_number": 9,
    "PROFESION_precision": 0.3333333333333333,
    "PROFESION_recall": 0.6666666666666666,
    "SEXO_SUJETO_ASISTENCIA_f1": 0.9860064585575888,
    "SEXO_SUJETO_ASISTENCIA_number": 461,
    "SEXO_SUJETO_ASISTENCIA_precision": 0.9786324786324786,
    "SEXO_SUJETO_ASISTENCIA_recall": 0.9934924078091106,
    "TERRITORIO_f1": 0.9704203425012974,
    "TERRITORIO_number": 956,
    "TERRITORIO_precision": 0.9629248197734295,
    "TERRITORIO_recall": 0.9780334728033473,
    "overall_accuracy": 0.9968964491909705,
    "overall_f1": 0.9678549531400543,
    "overall_precision": 0.9598679638637942,
    "overall_recall": 0.975975975975976
}