{
    "SINTOMA_f1": 0.6962796664528543,
    "SINTOMA_number": 3081,
    "SINTOMA_precision": 0.6881141045958795,
    "SINTOMA_recall": 0.7046413502109705,
    "epoch": 9.87248322147651,
    "eval_SINTOMA_f1": 0.6837696335078535,
    "eval_SINTOMA_number": 1827,
    "eval_SINTOMA_precision": 0.65529352734571,
    "eval_SINTOMA_recall": 0.7148330596606459,
    "eval_loss": 0.30317166447639465,
    "eval_overall_accuracy": 0.9463842417701025,
    "eval_overall_f1": 0.6837696335078535,
    "eval_overall_precision": 0.65529352734571,
    "eval_overall_recall": 0.7148330596606459,
    "eval_runtime": 6.6713,
    "eval_samples_per_second": 22.334,
    "eval_steps_per_second": 5.696,
    "overall_accuracy": 0.9434693529110466,
    "overall_f1": 0.6962796664528543,
    "overall_precision": 0.6881141045958795,
    "overall_recall": 0.7046413502109705,
    "total_flos": 2700586367156160.0,
    "train_loss": 0.057333205197308515,
    "train_runtime": 1250.0823,
    "train_samples_per_second": 4.76,
    "train_steps_per_second": 0.592
}