{
    "epoch": 9.87248322147651,
    "total_flos": 2700586367156160.0,
    "train_loss": 0.057333205197308515,
    "train_runtime": 1250.0823,
    "train_samples_per_second": 4.76,
    "train_steps_per_second": 0.592
}