{
    "epoch": 9.87248322147651,
    "total_flos": 2700586367156160.0,
    "train_loss": 0.05485082590902174,
    "train_runtime": 1028.678,
    "train_samples_per_second": 5.784,
    "train_steps_per_second": 0.719
}