{
    "ACTIVIDAD_f1": 0.4067796610169491,
    "ACTIVIDAD_number": 28,
    "ACTIVIDAD_precision": 0.3870967741935484,
    "ACTIVIDAD_recall": 0.42857142857142855,
    "PROFESION_f1": 0.8427128427128427,
    "PROFESION_number": 695,
    "PROFESION_precision": 0.8451519536903039,
    "PROFESION_recall": 0.8402877697841726,
    "SITUACION_LABORAL_f1": 0.6694915254237289,
    "SITUACION_LABORAL_number": 356,
    "SITUACION_LABORAL_precision": 0.6732954545454546,
    "SITUACION_LABORAL_recall": 0.6657303370786517,
    "epoch": 10.0,
    "eval_ACTIVIDAD_f1": 0.39999999999999997,
    "eval_ACTIVIDAD_number": 21,
    "eval_ACTIVIDAD_precision": 0.375,
    "eval_ACTIVIDAD_recall": 0.42857142857142855,
    "eval_PROFESION_f1": 0.825531914893617,
    "eval_PROFESION_number": 574,
    "eval_PROFESION_precision": 0.8069883527454242,
    "eval_PROFESION_recall": 0.8449477351916377,
    "eval_SITUACION_LABORAL_f1": 0.6666666666666667,
    "eval_SITUACION_LABORAL_number": 196,
    "eval_SITUACION_LABORAL_precision": 0.606694560669456,
    "eval_SITUACION_LABORAL_recall": 0.7397959183673469,
    "eval_loss": 0.01724237948656082,
    "eval_overall_accuracy": 0.9971762054821048,
    "eval_overall_f1": 0.7722054380664652,
    "eval_overall_precision": 0.7395833333333334,
    "eval_overall_recall": 0.8078381795195955,
    "eval_runtime": 9.2025,
    "eval_samples_per_second": 70.525,
    "eval_steps_per_second": 8.911,
    "overall_accuracy": 0.9964046547370732,
    "overall_f1": 0.7738039944263817,
    "overall_precision": 0.7756052141527002,
    "overall_recall": 0.7720111214087118,
    "total_flos": 6895933124720640.0,
    "train_loss": 0.006030287076577996,
    "train_runtime": 1170.7269,
    "train_samples_per_second": 22.542,
    "train_steps_per_second": 2.819
}