{
    "ACTIVIDAD_f1": 0.4067796610169491,
    "ACTIVIDAD_number": 28,
    "ACTIVIDAD_precision": 0.3870967741935484,
    "ACTIVIDAD_recall": 0.42857142857142855,
    "PROFESION_f1": 0.8427128427128427,
    "PROFESION_number": 695,
    "PROFESION_precision": 0.8451519536903039,
    "PROFESION_recall": 0.8402877697841726,
    "SITUACION_LABORAL_f1": 0.6694915254237289,
    "SITUACION_LABORAL_number": 356,
    "SITUACION_LABORAL_precision": 0.6732954545454546,
    "SITUACION_LABORAL_recall": 0.6657303370786517,
    "overall_accuracy": 0.9964046547370732,
    "overall_f1": 0.7738039944263817,
    "overall_precision": 0.7756052141527002,
    "overall_recall": 0.7720111214087118
}