{
    "epoch": 10.0,
    "eval_ENFERMEDAD_f1": 0.7471371092541008,
    "eval_ENFERMEDAD_number": 1559,
    "eval_ENFERMEDAD_precision": 0.72188995215311,
    "eval_ENFERMEDAD_recall": 0.7742142398973701,
    "eval_loss": 0.17804765701293945,
    "eval_overall_accuracy": 0.9714774837511606,
    "eval_overall_f1": 0.7471371092541008,
    "eval_overall_precision": 0.72188995215311,
    "eval_overall_recall": 0.7742142398973701,
    "eval_runtime": 4.3765,
    "eval_samples_per_second": 34.274,
    "eval_steps_per_second": 8.683
}