{
    "SINTOMA_f1": 0.6332714904143475,
    "SINTOMA_number": 3077,
    "SINTOMA_precision": 0.6039516366853436,
    "SINTOMA_recall": 0.6655833604159896,
    "epoch": 10.0,
    "eval_SINTOMA_f1": 0.6148501953973078,
    "eval_SINTOMA_number": 2122,
    "eval_SINTOMA_precision": 0.5700483091787439,
    "eval_SINTOMA_recall": 0.6672950047125353,
    "eval_loss": 0.32015106081962585,
    "eval_overall_accuracy": 0.9379923618989789,
    "eval_overall_f1": 0.6148501953973078,
    "eval_overall_precision": 0.5700483091787439,
    "eval_overall_recall": 0.6672950047125353,
    "eval_runtime": 3.795,
    "eval_samples_per_second": 78.524,
    "eval_steps_per_second": 5.007,
    "overall_accuracy": 0.9358666682746228,
    "overall_f1": 0.6332714904143475,
    "overall_precision": 0.6039516366853436,
    "overall_recall": 0.6655833604159896,
    "total_flos": 2963185519472640.0,
    "train_loss": 0.07037391461117166,
    "train_runtime": 886.7852,
    "train_samples_per_second": 12.788,
    "train_steps_per_second": 0.801
}