{
    "epoch": 10.0,
    "eval_CALLE_f1": 0.9178852643419573,
    "eval_CALLE_number": 438,
    "eval_CALLE_precision": 0.9046563192904656,
    "eval_CALLE_recall": 0.9315068493150684,
    "eval_CENTRO_SALUD_f1": 0.0,
    "eval_CENTRO_SALUD_number": 2,
    "eval_CENTRO_SALUD_precision": 0.0,
    "eval_CENTRO_SALUD_recall": 0.0,
    "eval_CORREO_ELECTRONICO_f1": 0.9782178217821782,
    "eval_CORREO_ELECTRONICO_number": 250,
    "eval_CORREO_ELECTRONICO_precision": 0.9686274509803922,
    "eval_CORREO_ELECTRONICO_recall": 0.988,
    "eval_EDAD_SUJETO_ASISTENCIA_f1": 0.9525616698292222,
    "eval_EDAD_SUJETO_ASISTENCIA_number": 526,
    "eval_EDAD_SUJETO_ASISTENCIA_precision": 0.9507575757575758,
    "eval_EDAD_SUJETO_ASISTENCIA_recall": 0.9543726235741445,
    "eval_FAMILIARES_SUJETO_ASISTENCIA_f1": 0.7203791469194312,
    "eval_FAMILIARES_SUJETO_ASISTENCIA_number": 103,
    "eval_FAMILIARES_SUJETO_ASISTENCIA_precision": 0.7037037037037037,
    "eval_FAMILIARES_SUJETO_ASISTENCIA_recall": 0.7378640776699029,
    "eval_FECHAS_f1": 0.9577098243331165,
    "eval_FECHAS_number": 762,
    "eval_FECHAS_precision": 0.9496774193548387,
    "eval_FECHAS_recall": 0.9658792650918635,
    "eval_HOSPITAL_f1": 0.8675496688741722,
    "eval_HOSPITAL_number": 151,
    "eval_HOSPITAL_precision": 0.8675496688741722,
    "eval_HOSPITAL_recall": 0.8675496688741722,
    "eval_ID_ASEGURAMIENTO_f1": 0.9870129870129869,
    "eval_ID_ASEGURAMIENTO_number": 192,
    "eval_ID_ASEGURAMIENTO_precision": 0.9844559585492227,
    "eval_ID_ASEGURAMIENTO_recall": 0.9895833333333334,
    "eval_ID_CONTACTO_ASISTENCIAL_f1": 0.9459459459459458,
    "eval_ID_CONTACTO_ASISTENCIAL_number": 36,
    "eval_ID_CONTACTO_ASISTENCIAL_precision": 0.9210526315789473,
    "eval_ID_CONTACTO_ASISTENCIAL_recall": 0.9722222222222222,
    "eval_ID_SUJETO_ASISTENCIA_f1": 0.930722891566265,
    "eval_ID_SUJETO_ASISTENCIA_number": 325,
    "eval_ID_SUJETO_ASISTENCIA_precision": 0.911504424778761,
    "eval_ID_SUJETO_ASISTENCIA_recall": 0.9507692307692308,
    "eval_ID_TITULACION_PERSONAL_SANITARIO_f1": 0.962800875273523,
    "eval_ID_TITULACION_PERSONAL_SANITARIO_number": 227,
    "eval_ID_TITULACION_PERSONAL_SANITARIO_precision": 0.9565217391304348,
    "eval_ID_TITULACION_PERSONAL_SANITARIO_recall": 0.9691629955947136,
    "eval_INSTITUCION_f1": 0.711111111111111,
    "eval_INSTITUCION_number": 86,
    "eval_INSTITUCION_precision": 0.6808510638297872,
    "eval_INSTITUCION_recall": 0.7441860465116279,
    "eval_NOMBRE_PERSONAL_SANITARIO_f1": 0.9556840077071291,
    "eval_NOMBRE_PERSONAL_SANITARIO_number": 518,
    "eval_NOMBRE_PERSONAL_SANITARIO_precision": 0.9538461538461539,
    "eval_NOMBRE_PERSONAL_SANITARIO_recall": 0.9575289575289575,
    "eval_NOMBRE_SUJETO_ASISTENCIA_f1": 0.9818181818181819,
    "eval_NOMBRE_SUJETO_ASISTENCIA_number": 487,
    "eval_NOMBRE_SUJETO_ASISTENCIA_precision": 0.9662027833001988,
    "eval_NOMBRE_SUJETO_ASISTENCIA_recall": 0.997946611909651,
    "eval_NUMERO_FAX_f1": 0.0,
    "eval_NUMERO_FAX_number": 7,
    "eval_NUMERO_FAX_precision": 0.0,
    "eval_NUMERO_FAX_recall": 0.0,
    "eval_NUMERO_TELEFONO_f1": 0.7179487179487178,
    "eval_NUMERO_TELEFONO_number": 31,
    "eval_NUMERO_TELEFONO_precision": 0.5957446808510638,
    "eval_NUMERO_TELEFONO_recall": 0.9032258064516129,
    "eval_OTROS_SUJETO_ASISTENCIA_f1": 0.0,
    "eval_OTROS_SUJETO_ASISTENCIA_number": 7,
    "eval_OTROS_SUJETO_ASISTENCIA_precision": 0.0,
    "eval_OTROS_SUJETO_ASISTENCIA_recall": 0.0,
    "eval_PAIS_f1": 0.9689265536723164,
    "eval_PAIS_number": 352,
    "eval_PAIS_precision": 0.9634831460674157,
    "eval_PAIS_recall": 0.9744318181818182,
    "eval_PROFESION_f1": 0.4444444444444445,
    "eval_PROFESION_number": 4,
    "eval_PROFESION_precision": 0.4,
    "eval_PROFESION_recall": 0.5,
    "eval_SEXO_SUJETO_ASISTENCIA_f1": 0.9532100108813929,
    "eval_SEXO_SUJETO_ASISTENCIA_number": 455,
    "eval_SEXO_SUJETO_ASISTENCIA_precision": 0.9439655172413793,
    "eval_SEXO_SUJETO_ASISTENCIA_recall": 0.9626373626373627,
    "eval_TERRITORIO_f1": 0.9589718240237272,
    "eval_TERRITORIO_number": 999,
    "eval_TERRITORIO_precision": 0.947265625,
    "eval_TERRITORIO_recall": 0.970970970970971,
    "eval_loss": 0.04597902297973633,
    "eval_overall_accuracy": 0.9940148981072897,
    "eval_overall_f1": 0.9434526280827036,
    "eval_overall_precision": 0.933607230895645,
    "eval_overall_recall": 0.9535078885532058,
    "eval_runtime": 12.5808,
    "eval_samples_per_second": 44.671,
    "eval_steps_per_second": 1.431
}