{
    "CALLE_f1": 0.9507803121248499,
    "CALLE_number": 413,
    "CALLE_precision": 0.9428571428571428,
    "CALLE_recall": 0.9588377723970944,
    "CENTRO_SALUD_f1": 0.0,
    "CENTRO_SALUD_number": 6,
    "CENTRO_SALUD_precision": 0.0,
    "CENTRO_SALUD_recall": 0.0,
    "CORREO_ELECTRONICO_f1": 0.9717514124293785,
    "CORREO_ELECTRONICO_number": 265,
    "CORREO_ELECTRONICO_precision": 0.9699248120300752,
    "CORREO_ELECTRONICO_recall": 0.9735849056603774,
    "EDAD_SUJETO_ASISTENCIA_f1": 0.9827915869980879,
    "EDAD_SUJETO_ASISTENCIA_number": 518,
    "EDAD_SUJETO_ASISTENCIA_precision": 0.9734848484848485,
    "EDAD_SUJETO_ASISTENCIA_recall": 0.9922779922779923,
    "FAMILIARES_SUJETO_ASISTENCIA_f1": 0.689655172413793,
    "FAMILIARES_SUJETO_ASISTENCIA_number": 81,
    "FAMILIARES_SUJETO_ASISTENCIA_precision": 0.6451612903225806,
    "FAMILIARES_SUJETO_ASISTENCIA_recall": 0.7407407407407407,
    "FECHAS_f1": 0.9918433931484503,
    "FECHAS_number": 611,
    "FECHAS_precision": 0.9886178861788618,
    "FECHAS_recall": 0.9950900163666121,
    "HOSPITAL_f1": 0.8571428571428571,
    "HOSPITAL_number": 131,
    "HOSPITAL_precision": 0.823943661971831,
    "HOSPITAL_recall": 0.8931297709923665,
    "ID_ASEGURAMIENTO_f1": 0.9949494949494949,
    "ID_ASEGURAMIENTO_number": 199,
    "ID_ASEGURAMIENTO_precision": 1.0,
    "ID_ASEGURAMIENTO_recall": 0.9899497487437185,
    "ID_CONTACTO_ASISTENCIAL_f1": 1.0,
    "ID_CONTACTO_ASISTENCIAL_number": 44,
    "ID_CONTACTO_ASISTENCIAL_precision": 1.0,
    "ID_CONTACTO_ASISTENCIAL_recall": 1.0,
    "ID_SUJETO_ASISTENCIA_f1": 0.9795275590551181,
    "ID_SUJETO_ASISTENCIA_number": 316,
    "ID_SUJETO_ASISTENCIA_precision": 0.9749216300940439,
    "ID_SUJETO_ASISTENCIA_recall": 0.9841772151898734,
    "ID_TITULACION_PERSONAL_SANITARIO_f1": 0.9978678038379531,
    "ID_TITULACION_PERSONAL_SANITARIO_number": 234,
    "ID_TITULACION_PERSONAL_SANITARIO_precision": 0.9957446808510638,
    "ID_TITULACION_PERSONAL_SANITARIO_recall": 1.0,
    "INSTITUCION_f1": 0.5857142857142857,
    "INSTITUCION_number": 67,
    "INSTITUCION_precision": 0.5616438356164384,
    "INSTITUCION_recall": 0.6119402985074627,
    "NOMBRE_PERSONAL_SANITARIO_f1": 0.9950149551345963,
    "NOMBRE_PERSONAL_SANITARIO_number": 501,
    "NOMBRE_PERSONAL_SANITARIO_precision": 0.9940239043824701,
    "NOMBRE_PERSONAL_SANITARIO_recall": 0.9960079840319361,
    "NOMBRE_SUJETO_ASISTENCIA_f1": 0.999004975124378,
    "NOMBRE_SUJETO_ASISTENCIA_number": 502,
    "NOMBRE_SUJETO_ASISTENCIA_precision": 0.9980119284294234,
    "NOMBRE_SUJETO_ASISTENCIA_recall": 1.0,
    "NUMERO_FAX_f1": 0.0,
    "NUMERO_FAX_number": 10,
    "NUMERO_FAX_precision": 0.0,
    "NUMERO_FAX_recall": 0.0,
    "NUMERO_TELEFONO_f1": 0.8157894736842106,
    "NUMERO_TELEFONO_number": 32,
    "NUMERO_TELEFONO_precision": 0.7045454545454546,
    "NUMERO_TELEFONO_recall": 0.96875,
    "OTROS_SUJETO_ASISTENCIA_f1": 0.0,
    "OTROS_SUJETO_ASISTENCIA_number": 7,
    "OTROS_SUJETO_ASISTENCIA_precision": 0.0,
    "OTROS_SUJETO_ASISTENCIA_recall": 0.0,
    "PAIS_f1": 0.9890710382513662,
    "PAIS_number": 363,
    "PAIS_precision": 0.981029810298103,
    "PAIS_recall": 0.9972451790633609,
    "PROFESION_f1": 0.34782608695652173,
    "PROFESION_number": 10,
    "PROFESION_precision": 0.3076923076923077,
    "PROFESION_recall": 0.4,
    "SEXO_SUJETO_ASISTENCIA_f1": 0.9860064585575888,
    "SEXO_SUJETO_ASISTENCIA_number": 461,
    "SEXO_SUJETO_ASISTENCIA_precision": 0.9786324786324786,
    "SEXO_SUJETO_ASISTENCIA_recall": 0.9934924078091106,
    "TERRITORIO_f1": 0.9722792607802875,
    "TERRITORIO_number": 974,
    "TERRITORIO_precision": 0.9722792607802875,
    "TERRITORIO_recall": 0.9722792607802875,
    "overall_accuracy": 0.9971083751394271,
    "overall_f1": 0.966251298026999,
    "overall_precision": 0.9607640681466185,
    "overall_recall": 0.9718015665796345
}