{
    "epoch": 9.746666666666666,
    "eval_PROCEDIMIENTO_f1": 0.7686996547756041,
    "eval_PROCEDIMIENTO_number": 2084,
    "eval_PROCEDIMIENTO_precision": 0.7386112339672711,
    "eval_PROCEDIMIENTO_recall": 0.8013435700575816,
    "eval_loss": 0.15817494690418243,
    "eval_overall_accuracy": 0.9660316397665585,
    "eval_overall_f1": 0.7686996547756041,
    "eval_overall_precision": 0.7386112339672711,
    "eval_overall_recall": 0.8013435700575816,
    "eval_runtime": 5.3365,
    "eval_samples_per_second": 28.108,
    "eval_steps_per_second": 7.121
}