{
    "epoch": 10.0,
    "eval_PROCEDIMIENTO_f1": 0.7557507319113342,
    "eval_PROCEDIMIENTO_number": 2308,
    "eval_PROCEDIMIENTO_precision": 0.7303961196443007,
    "eval_PROCEDIMIENTO_recall": 0.7829289428076257,
    "eval_loss": 0.16459138691425323,
    "eval_overall_accuracy": 0.9657583049890432,
    "eval_overall_f1": 0.7557507319113342,
    "eval_overall_precision": 0.7303961196443007,
    "eval_overall_recall": 0.7829289428076257,
    "eval_runtime": 4.0114,
    "eval_samples_per_second": 51.852,
    "eval_steps_per_second": 3.241
}