{
    "NORMALIZABLES_f1": 0.9102889001520528,
    "NORMALIZABLES_number": 973,
    "NORMALIZABLES_precision": 0.898,
    "NORMALIZABLES_recall": 0.9229188078108942,
    "NO_NORMALIZABLES_f1": 0.0,
    "NO_NORMALIZABLES_number": 10,
    "NO_NORMALIZABLES_precision": 0.0,
    "NO_NORMALIZABLES_recall": 0.0,
    "PROTEINAS_f1": 0.8587507034327517,
    "PROTEINAS_number": 862,
    "PROTEINAS_precision": 0.833879781420765,
    "PROTEINAS_recall": 0.8851508120649652,
    "UNCLEAR_f1": 0.5494505494505495,
    "UNCLEAR_number": 34,
    "UNCLEAR_precision": 0.43859649122807015,
    "UNCLEAR_recall": 0.7352941176470589,
    "epoch": 10.0,
    "eval_NORMALIZABLES_f1": 0.9000382995021065,
    "eval_NORMALIZABLES_number": 1284,
    "eval_NORMALIZABLES_precision": 0.8854559155990958,
    "eval_NORMALIZABLES_recall": 0.9151090342679128,
    "eval_NO_NORMALIZABLES_f1": 0.0,
    "eval_NO_NORMALIZABLES_number": 19,
    "eval_NO_NORMALIZABLES_precision": 0.0,
    "eval_NO_NORMALIZABLES_recall": 0.0,
    "eval_PROTEINAS_f1": 0.8689574839836925,
    "eval_PROTEINAS_number": 850,
    "eval_PROTEINAS_precision": 0.8604382929642446,
    "eval_PROTEINAS_recall": 0.8776470588235294,
    "eval_UNCLEAR_f1": 0.6605504587155964,
    "eval_UNCLEAR_number": 45,
    "eval_UNCLEAR_precision": 0.5625,
    "eval_UNCLEAR_recall": 0.8,
    "eval_loss": 0.029829218983650208,
    "eval_overall_accuracy": 0.993666197194565,
    "eval_overall_f1": 0.8762032684128052,
    "eval_overall_precision": 0.8624944909651829,
    "eval_overall_recall": 0.8903548680618745,
    "eval_runtime": 4.4326,
    "eval_samples_per_second": 77.381,
    "eval_steps_per_second": 9.701,
    "overall_accuracy": 0.9947733981594027,
    "overall_f1": 0.8740279937791602,
    "overall_precision": 0.8519454269833249,
    "overall_recall": 0.8972857903139968,
    "total_flos": 1822104930102912.0,
    "train_loss": 0.04363490465012464,
    "train_runtime": 761.3323,
    "train_samples_per_second": 9.221,
    "train_steps_per_second": 1.156
}