{
    "epoch": 9.990654205607477,
    "eval_NORMALIZABLES_f1": 0.9249658935879944,
    "eval_NORMALIZABLES_number": 1104,
    "eval_NORMALIZABLES_precision": 0.9287671232876712,
    "eval_NORMALIZABLES_recall": 0.9211956521739131,
    "eval_NO_NORMALIZABLES_f1": 0.17391304347826086,
    "eval_NO_NORMALIZABLES_number": 16,
    "eval_NO_NORMALIZABLES_precision": 0.2857142857142857,
    "eval_NO_NORMALIZABLES_recall": 0.125,
    "eval_PROTEINAS_f1": 0.8925950633755837,
    "eval_PROTEINAS_number": 736,
    "eval_PROTEINAS_precision": 0.8768020969855832,
    "eval_PROTEINAS_recall": 0.9089673913043478,
    "eval_UNCLEAR_f1": 0.8817204301075268,
    "eval_UNCLEAR_number": 44,
    "eval_UNCLEAR_precision": 0.8367346938775511,
    "eval_UNCLEAR_recall": 0.9318181818181818,
    "eval_loss": 0.03628676384687424,
    "eval_overall_accuracy": 0.9954173836291825,
    "eval_overall_f1": 0.9066596748820137,
    "eval_overall_precision": 0.9033437826541275,
    "eval_overall_recall": 0.91,
    "eval_runtime": 138.8427,
    "eval_samples_per_second": 27.275,
    "eval_steps_per_second": 6.821
}