{
    "NORMALIZABLES_f1": 0.9361924686192469,
    "NORMALIZABLES_number": 961,
    "NORMALIZABLES_precision": 0.9411146161934806,
    "NORMALIZABLES_recall": 0.931321540062435,
    "NO_NORMALIZABLES_f1": 0.13333333333333333,
    "NO_NORMALIZABLES_number": 10,
    "NO_NORMALIZABLES_precision": 0.2,
    "NO_NORMALIZABLES_recall": 0.1,
    "PROTEINAS_f1": 0.8623315758640892,
    "PROTEINAS_number": 835,
    "PROTEINAS_precision": 0.8440366972477065,
    "PROTEINAS_recall": 0.881437125748503,
    "UNCLEAR_f1": 0.8571428571428571,
    "UNCLEAR_number": 34,
    "UNCLEAR_precision": 0.8333333333333334,
    "UNCLEAR_recall": 0.8823529411764706,
    "overall_accuracy": 0.9951845768876889,
    "overall_f1": 0.8974082073434125,
    "overall_precision": 0.8916309012875536,
    "overall_recall": 0.9032608695652173
}