{
    "epoch": 9.990654205607477,
    "total_flos": 2832324460224480.0,
    "train_loss": 0.008829446770360795,
    "train_runtime": 12738.144,
    "train_samples_per_second": 6.382,
    "train_steps_per_second": 0.798
}