{
    "NORMALIZABLES_f1": 0.9250780437044746,
    "NORMALIZABLES_number": 961,
    "NORMALIZABLES_precision": 0.9250780437044746,
    "NORMALIZABLES_recall": 0.9250780437044746,
    "NO_NORMALIZABLES_f1": 0.10000000000000002,
    "NO_NORMALIZABLES_number": 10,
    "NO_NORMALIZABLES_precision": 0.1,
    "NO_NORMALIZABLES_recall": 0.1,
    "PROTEINAS_f1": 0.8588166373755126,
    "PROTEINAS_number": 835,
    "PROTEINAS_precision": 0.8405963302752294,
    "PROTEINAS_recall": 0.8778443113772455,
    "UNCLEAR_f1": 0.8285714285714286,
    "UNCLEAR_number": 34,
    "UNCLEAR_precision": 0.8055555555555556,
    "UNCLEAR_recall": 0.8529411764705882,
    "epoch": 9.990654205607477,
    "eval_NORMALIZABLES_f1": 0.9139492753623188,
    "eval_NORMALIZABLES_number": 1104,
    "eval_NORMALIZABLES_precision": 0.9139492753623188,
    "eval_NORMALIZABLES_recall": 0.9139492753623188,
    "eval_NO_NORMALIZABLES_f1": 0.19047619047619047,
    "eval_NO_NORMALIZABLES_number": 16,
    "eval_NO_NORMALIZABLES_precision": 0.4,
    "eval_NO_NORMALIZABLES_recall": 0.125,
    "eval_PROTEINAS_f1": 0.9018280297901152,
    "eval_PROTEINAS_number": 736,
    "eval_PROTEINAS_precision": 0.8987854251012146,
    "eval_PROTEINAS_recall": 0.904891304347826,
    "eval_UNCLEAR_f1": 0.8333333333333333,
    "eval_UNCLEAR_number": 44,
    "eval_UNCLEAR_precision": 0.7692307692307693,
    "eval_UNCLEAR_recall": 0.9090909090909091,
    "eval_loss": 0.04221198335289955,
    "eval_overall_accuracy": 0.9948200386936868,
    "eval_overall_f1": 0.9032088374539716,
    "eval_overall_precision": 0.9027339642481599,
    "eval_overall_recall": 0.9036842105263158,
    "eval_runtime": 138.5352,
    "eval_samples_per_second": 27.336,
    "eval_steps_per_second": 6.836,
    "overall_accuracy": 0.9953651552544005,
    "overall_f1": 0.8884108631352514,
    "overall_precision": 0.8791910590739755,
    "overall_recall": 0.8978260869565218,
    "total_flos": 2832324460224480.0,
    "train_loss": 0.008598587848246098,
    "train_runtime": 12732.0618,
    "train_samples_per_second": 6.385,
    "train_steps_per_second": 0.798
}