{
    "NORMALIZABLES_f1": 0.9250780437044746,
    "NORMALIZABLES_number": 961,
    "NORMALIZABLES_precision": 0.9250780437044746,
    "NORMALIZABLES_recall": 0.9250780437044746,
    "NO_NORMALIZABLES_f1": 0.10000000000000002,
    "NO_NORMALIZABLES_number": 10,
    "NO_NORMALIZABLES_precision": 0.1,
    "NO_NORMALIZABLES_recall": 0.1,
    "PROTEINAS_f1": 0.8588166373755126,
    "PROTEINAS_number": 835,
    "PROTEINAS_precision": 0.8405963302752294,
    "PROTEINAS_recall": 0.8778443113772455,
    "UNCLEAR_f1": 0.8285714285714286,
    "UNCLEAR_number": 34,
    "UNCLEAR_precision": 0.8055555555555556,
    "UNCLEAR_recall": 0.8529411764705882,
    "overall_accuracy": 0.9953651552544005,
    "overall_f1": 0.8884108631352514,
    "overall_precision": 0.8791910590739755,
    "overall_recall": 0.8978260869565218
}