{
    "epoch": 9.990654205607477,
    "total_flos": 2832324460224480.0,
    "train_loss": 0.008598587848246098,
    "train_runtime": 12732.0618,
    "train_samples_per_second": 6.385,
    "train_steps_per_second": 0.798
}