{
    "epoch": 10.0,
    "eval_ENFERMEDAD_f1": 0.7477165354330708,
    "eval_ENFERMEDAD_number": 1559,
    "eval_ENFERMEDAD_precision": 0.7345297029702971,
    "eval_ENFERMEDAD_recall": 0.7613855035279025,
    "eval_loss": 0.1762174516916275,
    "eval_overall_accuracy": 0.9713614206128134,
    "eval_overall_f1": 0.7477165354330708,
    "eval_overall_precision": 0.7345297029702971,
    "eval_overall_recall": 0.7613855035279025,
    "eval_runtime": 5.2062,
    "eval_samples_per_second": 28.812,
    "eval_steps_per_second": 7.299
}