{
    "NORMALIZABLES_f1": 0.9281250000000001,
    "NORMALIZABLES_number": 961,
    "NORMALIZABLES_precision": 0.9290928050052137,
    "NORMALIZABLES_recall": 0.927159209157128,
    "NO_NORMALIZABLES_f1": 0.2105263157894737,
    "NO_NORMALIZABLES_number": 10,
    "NO_NORMALIZABLES_precision": 0.2222222222222222,
    "NO_NORMALIZABLES_recall": 0.2,
    "PROTEINAS_f1": 0.8636363636363638,
    "PROTEINAS_number": 835,
    "PROTEINAS_precision": 0.8410896708286039,
    "PROTEINAS_recall": 0.8874251497005988,
    "UNCLEAR_f1": 0.8358208955223881,
    "UNCLEAR_number": 34,
    "UNCLEAR_precision": 0.8484848484848485,
    "UNCLEAR_recall": 0.8235294117647058,
    "epoch": 9.990654205607477,
    "eval_NORMALIZABLES_f1": 0.9215419501133787,
    "eval_NORMALIZABLES_number": 1104,
    "eval_NORMALIZABLES_precision": 0.9227974568574023,
    "eval_NORMALIZABLES_recall": 0.9202898550724637,
    "eval_NO_NORMALIZABLES_f1": 0.15384615384615385,
    "eval_NO_NORMALIZABLES_number": 16,
    "eval_NO_NORMALIZABLES_precision": 0.2,
    "eval_NO_NORMALIZABLES_recall": 0.125,
    "eval_PROTEINAS_f1": 0.8939597315436242,
    "eval_PROTEINAS_number": 736,
    "eval_PROTEINAS_precision": 0.883289124668435,
    "eval_PROTEINAS_recall": 0.904891304347826,
    "eval_UNCLEAR_f1": 0.9010989010989012,
    "eval_UNCLEAR_number": 44,
    "eval_UNCLEAR_precision": 0.8723404255319149,
    "eval_UNCLEAR_recall": 0.9318181818181818,
    "eval_loss": 0.03885265067219734,
    "eval_overall_accuracy": 0.994980519422626,
    "eval_overall_f1": 0.9050367261280168,
    "eval_overall_precision": 0.9021966527196653,
    "eval_overall_recall": 0.9078947368421053,
    "eval_runtime": 42.7492,
    "eval_samples_per_second": 88.586,
    "eval_steps_per_second": 22.152,
    "overall_accuracy": 0.9952361707067493,
    "overall_f1": 0.893068242880172,
    "overall_precision": 0.8831030818278427,
    "overall_recall": 0.9032608695652173,
    "total_flos": 2832324460224480.0,
    "train_loss": 0.008297899507231804,
    "train_runtime": 4031.1754,
    "train_samples_per_second": 20.165,
    "train_steps_per_second": 2.52
}