{
    "epoch": 9.990654205607477,
    "eval_NORMALIZABLES_f1": 0.9215419501133787,
    "eval_NORMALIZABLES_number": 1104,
    "eval_NORMALIZABLES_precision": 0.9227974568574023,
    "eval_NORMALIZABLES_recall": 0.9202898550724637,
    "eval_NO_NORMALIZABLES_f1": 0.15384615384615385,
    "eval_NO_NORMALIZABLES_number": 16,
    "eval_NO_NORMALIZABLES_precision": 0.2,
    "eval_NO_NORMALIZABLES_recall": 0.125,
    "eval_PROTEINAS_f1": 0.8939597315436242,
    "eval_PROTEINAS_number": 736,
    "eval_PROTEINAS_precision": 0.883289124668435,
    "eval_PROTEINAS_recall": 0.904891304347826,
    "eval_UNCLEAR_f1": 0.9010989010989012,
    "eval_UNCLEAR_number": 44,
    "eval_UNCLEAR_precision": 0.8723404255319149,
    "eval_UNCLEAR_recall": 0.9318181818181818,
    "eval_loss": 0.03885265067219734,
    "eval_overall_accuracy": 0.994980519422626,
    "eval_overall_f1": 0.9050367261280168,
    "eval_overall_precision": 0.9021966527196653,
    "eval_overall_recall": 0.9078947368421053,
    "eval_runtime": 42.7492,
    "eval_samples_per_second": 88.586,
    "eval_steps_per_second": 22.152
}