{
    "NORMALIZABLES_f1": 0.9281250000000001,
    "NORMALIZABLES_number": 961,
    "NORMALIZABLES_precision": 0.9290928050052137,
    "NORMALIZABLES_recall": 0.927159209157128,
    "NO_NORMALIZABLES_f1": 0.2105263157894737,
    "NO_NORMALIZABLES_number": 10,
    "NO_NORMALIZABLES_precision": 0.2222222222222222,
    "NO_NORMALIZABLES_recall": 0.2,
    "PROTEINAS_f1": 0.8636363636363638,
    "PROTEINAS_number": 835,
    "PROTEINAS_precision": 0.8410896708286039,
    "PROTEINAS_recall": 0.8874251497005988,
    "UNCLEAR_f1": 0.8358208955223881,
    "UNCLEAR_number": 34,
    "UNCLEAR_precision": 0.8484848484848485,
    "UNCLEAR_recall": 0.8235294117647058,
    "overall_accuracy": 0.9952361707067493,
    "overall_f1": 0.893068242880172,
    "overall_precision": 0.8831030818278427,
    "overall_recall": 0.9032608695652173
}