{
    "epoch": 9.990654205607477,
    "total_flos": 2832324460224480.0,
    "train_loss": 0.008297899507231804,
    "train_runtime": 4031.1754,
    "train_samples_per_second": 20.165,
    "train_steps_per_second": 2.52
}