{
    "ENFERMEDAD_f1": 0.7463423902717081,
    "ENFERMEDAD_number": 2550,
    "ENFERMEDAD_precision": 0.7239218577220788,
    "ENFERMEDAD_recall": 0.7701960784313725,
    "epoch": 10.0,
    "eval_ENFERMEDAD_f1": 0.7413846631480906,
    "eval_ENFERMEDAD_number": 1559,
    "eval_ENFERMEDAD_precision": 0.7184115523465704,
    "eval_ENFERMEDAD_recall": 0.7658755612572161,
    "eval_loss": 0.16412054002285004,
    "eval_overall_accuracy": 0.9702152971216341,
    "eval_overall_f1": 0.7413846631480906,
    "eval_overall_precision": 0.7184115523465704,
    "eval_overall_recall": 0.7658755612572161,
    "eval_runtime": 6.3206,
    "eval_samples_per_second": 23.732,
    "eval_steps_per_second": 6.012,
    "overall_accuracy": 0.9720932217858972,
    "overall_f1": 0.7463423902717081,
    "overall_precision": 0.7239218577220788,
    "overall_recall": 0.7701960784313725,
    "total_flos": 2782933889020992.0,
    "train_loss": 0.03240928324063619,
    "train_runtime": 1196.4949,
    "train_samples_per_second": 5.015,
    "train_steps_per_second": 0.627
}