{
    "FARMACO_f1": 0.9036658141517477,
    "FARMACO_number": 1716,
    "FARMACO_precision": 0.8818635607321131,
    "FARMACO_recall": 0.9265734265734266,
    "epoch": 10.0,
    "eval_FARMACO_f1": 0.9024238657551275,
    "eval_FARMACO_number": 3137,
    "eval_FARMACO_precision": 0.8802667474992422,
    "eval_FARMACO_recall": 0.9257252151737329,
    "eval_loss": 0.012393400073051453,
    "eval_overall_accuracy": 0.9981906483683181,
    "eval_overall_f1": 0.9024238657551275,
    "eval_overall_precision": 0.8802667474992422,
    "eval_overall_recall": 0.9257252151737329,
    "eval_runtime": 18.6445,
    "eval_samples_per_second": 75.84,
    "eval_steps_per_second": 9.493,
    "overall_accuracy": 0.9983155211341684,
    "overall_f1": 0.9036658141517477,
    "overall_precision": 0.8818635607321131,
    "overall_recall": 0.9265734265734266,
    "total_flos": 5017866589745856.0,
    "train_loss": 0.005769201222791711,
    "train_runtime": 1273.8214,
    "train_samples_per_second": 15.088,
    "train_steps_per_second": 1.892
}