{
    "epoch": 10.0,
    "eval_FARMACO_f1": 0.9024238657551275,
    "eval_FARMACO_number": 3137,
    "eval_FARMACO_precision": 0.8802667474992422,
    "eval_FARMACO_recall": 0.9257252151737329,
    "eval_loss": 0.012393400073051453,
    "eval_overall_accuracy": 0.9981906483683181,
    "eval_overall_f1": 0.9024238657551275,
    "eval_overall_precision": 0.8802667474992422,
    "eval_overall_recall": 0.9257252151737329,
    "eval_runtime": 18.6445,
    "eval_samples_per_second": 75.84,
    "eval_steps_per_second": 9.493
}