{
    "FAMILIAR_f1": 0.27368421052631586,
    "FAMILIAR_number": 51,
    "FAMILIAR_precision": 0.29545454545454547,
    "FAMILIAR_recall": 0.2549019607843137,
    "OTROS_f1": 0.6285714285714286,
    "OTROS_number": 146,
    "OTROS_precision": 0.6567164179104478,
    "OTROS_recall": 0.6027397260273972,
    "PACIENTE_f1": 0.6350789692435579,
    "PACIENTE_number": 590,
    "PACIENTE_precision": 0.6231647634584013,
    "PACIENTE_recall": 0.6474576271186441,
    "SANITARIO_f1": 0.9021558872305141,
    "SANITARIO_number": 291,
    "SANITARIO_precision": 0.8717948717948718,
    "SANITARIO_recall": 0.9347079037800687,
    "epoch": 9.97338403041825,
    "eval_FAMILIAR_f1": 0.4657534246575343,
    "eval_FAMILIAR_number": 41,
    "eval_FAMILIAR_precision": 0.53125,
    "eval_FAMILIAR_recall": 0.4146341463414634,
    "eval_OTROS_f1": 0.7125506072874495,
    "eval_OTROS_number": 132,
    "eval_OTROS_precision": 0.7652173913043478,
    "eval_OTROS_recall": 0.6666666666666666,
    "eval_PACIENTE_f1": 0.6128133704735376,
    "eval_PACIENTE_number": 326,
    "eval_PACIENTE_precision": 0.5612244897959183,
    "eval_PACIENTE_recall": 0.6748466257668712,
    "eval_SANITARIO_f1": 0.8543307086614174,
    "eval_SANITARIO_number": 239,
    "eval_SANITARIO_precision": 0.8066914498141264,
    "eval_SANITARIO_recall": 0.9079497907949791,
    "eval_loss": 0.018188558518886566,
    "eval_overall_accuracy": 0.995977975267014,
    "eval_overall_f1": 0.7011642949547219,
    "eval_overall_precision": 0.6707920792079208,
    "eval_overall_recall": 0.7344173441734417,
    "eval_runtime": 17.6287,
    "eval_samples_per_second": 14.579,
    "eval_steps_per_second": 3.687,
    "overall_accuracy": 0.9952441070840456,
    "overall_f1": 0.6923429619440624,
    "overall_precision": 0.6844968268359021,
    "overall_recall": 0.7003710575139147,
    "total_flos": 9865065149155584.0,
    "train_loss": 0.027176693081855774,
    "train_runtime": 2979.2179,
    "train_samples_per_second": 3.531,
    "train_steps_per_second": 0.107
}