{
    "FAMILIAR_f1": 0.27368421052631586,
    "FAMILIAR_number": 51,
    "FAMILIAR_precision": 0.29545454545454547,
    "FAMILIAR_recall": 0.2549019607843137,
    "OTROS_f1": 0.6285714285714286,
    "OTROS_number": 146,
    "OTROS_precision": 0.6567164179104478,
    "OTROS_recall": 0.6027397260273972,
    "PACIENTE_f1": 0.6350789692435579,
    "PACIENTE_number": 590,
    "PACIENTE_precision": 0.6231647634584013,
    "PACIENTE_recall": 0.6474576271186441,
    "SANITARIO_f1": 0.9021558872305141,
    "SANITARIO_number": 291,
    "SANITARIO_precision": 0.8717948717948718,
    "SANITARIO_recall": 0.9347079037800687,
    "overall_accuracy": 0.9952441070840456,
    "overall_f1": 0.6923429619440624,
    "overall_precision": 0.6844968268359021,
    "overall_recall": 0.7003710575139147
}