{
    "epoch": 9.97338403041825,
    "total_flos": 9865065149155584.0,
    "train_loss": 0.027176693081855774,
    "train_runtime": 2979.2179,
    "train_samples_per_second": 3.531,
    "train_steps_per_second": 0.107
}