{
    "FAMILIAR_f1": 0.11764705882352941,
    "FAMILIAR_number": 51,
    "FAMILIAR_precision": 0.23529411764705882,
    "FAMILIAR_recall": 0.0784313725490196,
    "OTROS_f1": 0.5412541254125414,
    "OTROS_number": 146,
    "OTROS_precision": 0.5222929936305732,
    "OTROS_recall": 0.5616438356164384,
    "PACIENTE_f1": 0.5237315875613748,
    "PACIENTE_number": 590,
    "PACIENTE_precision": 0.5063291139240507,
    "PACIENTE_recall": 0.5423728813559322,
    "SANITARIO_f1": 0.8607999999999999,
    "SANITARIO_number": 291,
    "SANITARIO_precision": 0.8053892215568862,
    "SANITARIO_recall": 0.9243986254295533,
    "epoch": 9.97338403041825,
    "eval_FAMILIAR_f1": 0.10526315789473682,
    "eval_FAMILIAR_number": 41,
    "eval_FAMILIAR_precision": 0.1875,
    "eval_FAMILIAR_recall": 0.07317073170731707,
    "eval_OTROS_f1": 0.7315175097276264,
    "eval_OTROS_number": 132,
    "eval_OTROS_precision": 0.752,
    "eval_OTROS_recall": 0.7121212121212122,
    "eval_PACIENTE_f1": 0.516914749661705,
    "eval_PACIENTE_number": 326,
    "eval_PACIENTE_precision": 0.46246973365617433,
    "eval_PACIENTE_recall": 0.5858895705521472,
    "eval_SANITARIO_f1": 0.803883495145631,
    "eval_SANITARIO_number": 239,
    "eval_SANITARIO_precision": 0.75,
    "eval_SANITARIO_recall": 0.8661087866108786,
    "eval_loss": 0.01710554026067257,
    "eval_overall_accuracy": 0.9954578472078988,
    "eval_overall_f1": 0.6313775510204082,
    "eval_overall_precision": 0.5963855421686747,
    "eval_overall_recall": 0.6707317073170732,
    "eval_runtime": 17.6024,
    "eval_samples_per_second": 14.6,
    "eval_steps_per_second": 3.693,
    "overall_accuracy": 0.994318805576902,
    "overall_f1": 0.6086564472497745,
    "overall_precision": 0.5921052631578947,
    "overall_recall": 0.6261595547309833,
    "total_flos": 9865065149155584.0,
    "train_loss": 0.03930030465126037,
    "train_runtime": 2974.0638,
    "train_samples_per_second": 3.537,
    "train_steps_per_second": 0.108
}