{
    "epoch": 9.97338403041825,
    "eval_FAMILIAR_f1": 0.10526315789473682,
    "eval_FAMILIAR_number": 41,
    "eval_FAMILIAR_precision": 0.1875,
    "eval_FAMILIAR_recall": 0.07317073170731707,
    "eval_OTROS_f1": 0.7315175097276264,
    "eval_OTROS_number": 132,
    "eval_OTROS_precision": 0.752,
    "eval_OTROS_recall": 0.7121212121212122,
    "eval_PACIENTE_f1": 0.516914749661705,
    "eval_PACIENTE_number": 326,
    "eval_PACIENTE_precision": 0.46246973365617433,
    "eval_PACIENTE_recall": 0.5858895705521472,
    "eval_SANITARIO_f1": 0.803883495145631,
    "eval_SANITARIO_number": 239,
    "eval_SANITARIO_precision": 0.75,
    "eval_SANITARIO_recall": 0.8661087866108786,
    "eval_loss": 0.01710554026067257,
    "eval_overall_accuracy": 0.9954578472078988,
    "eval_overall_f1": 0.6313775510204082,
    "eval_overall_precision": 0.5963855421686747,
    "eval_overall_recall": 0.6707317073170732,
    "eval_runtime": 17.6024,
    "eval_samples_per_second": 14.6,
    "eval_steps_per_second": 3.693
}