{
    "FAMILIAR_f1": 0.11764705882352941,
    "FAMILIAR_number": 51,
    "FAMILIAR_precision": 0.23529411764705882,
    "FAMILIAR_recall": 0.0784313725490196,
    "OTROS_f1": 0.5412541254125414,
    "OTROS_number": 146,
    "OTROS_precision": 0.5222929936305732,
    "OTROS_recall": 0.5616438356164384,
    "PACIENTE_f1": 0.5237315875613748,
    "PACIENTE_number": 590,
    "PACIENTE_precision": 0.5063291139240507,
    "PACIENTE_recall": 0.5423728813559322,
    "SANITARIO_f1": 0.8607999999999999,
    "SANITARIO_number": 291,
    "SANITARIO_precision": 0.8053892215568862,
    "SANITARIO_recall": 0.9243986254295533,
    "overall_accuracy": 0.994318805576902,
    "overall_f1": 0.6086564472497745,
    "overall_precision": 0.5921052631578947,
    "overall_recall": 0.6261595547309833
}