{
    "NORMALIZABLES_f1": 0.9237156201349248,
    "NORMALIZABLES_number": 961,
    "NORMALIZABLES_precision": 0.9213250517598344,
    "NORMALIZABLES_recall": 0.9261186264308012,
    "NO_NORMALIZABLES_f1": 0.4444444444444445,
    "NO_NORMALIZABLES_number": 10,
    "NO_NORMALIZABLES_precision": 0.5,
    "NO_NORMALIZABLES_recall": 0.4,
    "PROTEINAS_f1": 0.8483439860546195,
    "PROTEINAS_number": 835,
    "PROTEINAS_precision": 0.8239277652370203,
    "PROTEINAS_recall": 0.874251497005988,
    "UNCLEAR_f1": 0.8656716417910447,
    "UNCLEAR_number": 34,
    "UNCLEAR_precision": 0.8787878787878788,
    "UNCLEAR_recall": 0.8529411764705882,
    "epoch": 9.990654205607477,
    "eval_NORMALIZABLES_f1": 0.9203619909502263,
    "eval_NORMALIZABLES_number": 1104,
    "eval_NORMALIZABLES_precision": 0.9195298372513563,
    "eval_NORMALIZABLES_recall": 0.9211956521739131,
    "eval_NO_NORMALIZABLES_f1": 0.09523809523809523,
    "eval_NO_NORMALIZABLES_number": 16,
    "eval_NO_NORMALIZABLES_precision": 0.2,
    "eval_NO_NORMALIZABLES_recall": 0.0625,
    "eval_PROTEINAS_f1": 0.885752688172043,
    "eval_PROTEINAS_number": 736,
    "eval_PROTEINAS_precision": 0.8763297872340425,
    "eval_PROTEINAS_recall": 0.8953804347826086,
    "eval_UNCLEAR_f1": 0.888888888888889,
    "eval_UNCLEAR_number": 44,
    "eval_UNCLEAR_precision": 0.8695652173913043,
    "eval_UNCLEAR_recall": 0.9090909090909091,
    "eval_loss": 0.04013845697045326,
    "eval_overall_accuracy": 0.9949181102502608,
    "eval_overall_f1": 0.90154896298241,
    "eval_overall_precision": 0.8994237820848612,
    "eval_overall_recall": 0.9036842105263158,
    "eval_runtime": 60.516,
    "eval_samples_per_second": 62.578,
    "eval_steps_per_second": 15.649,
    "overall_accuracy": 0.9950813892495679,
    "overall_f1": 0.8856147870345566,
    "overall_precision": 0.873217115689382,
    "overall_recall": 0.8983695652173913,
    "total_flos": 2832324460224480.0,
    "train_loss": 0.008560985255221962,
    "train_runtime": 5084.7002,
    "train_samples_per_second": 15.987,
    "train_steps_per_second": 1.998
}