{
    "epoch": 9.990654205607477,
    "eval_NORMALIZABLES_f1": 0.9203619909502263,
    "eval_NORMALIZABLES_number": 1104,
    "eval_NORMALIZABLES_precision": 0.9195298372513563,
    "eval_NORMALIZABLES_recall": 0.9211956521739131,
    "eval_NO_NORMALIZABLES_f1": 0.09523809523809523,
    "eval_NO_NORMALIZABLES_number": 16,
    "eval_NO_NORMALIZABLES_precision": 0.2,
    "eval_NO_NORMALIZABLES_recall": 0.0625,
    "eval_PROTEINAS_f1": 0.885752688172043,
    "eval_PROTEINAS_number": 736,
    "eval_PROTEINAS_precision": 0.8763297872340425,
    "eval_PROTEINAS_recall": 0.8953804347826086,
    "eval_UNCLEAR_f1": 0.888888888888889,
    "eval_UNCLEAR_number": 44,
    "eval_UNCLEAR_precision": 0.8695652173913043,
    "eval_UNCLEAR_recall": 0.9090909090909091,
    "eval_loss": 0.04013845697045326,
    "eval_overall_accuracy": 0.9949181102502608,
    "eval_overall_f1": 0.90154896298241,
    "eval_overall_precision": 0.8994237820848612,
    "eval_overall_recall": 0.9036842105263158,
    "eval_runtime": 60.516,
    "eval_samples_per_second": 62.578,
    "eval_steps_per_second": 15.649
}