{
    "NORMALIZABLES_f1": 0.9237156201349248,
    "NORMALIZABLES_number": 961,
    "NORMALIZABLES_precision": 0.9213250517598344,
    "NORMALIZABLES_recall": 0.9261186264308012,
    "NO_NORMALIZABLES_f1": 0.4444444444444445,
    "NO_NORMALIZABLES_number": 10,
    "NO_NORMALIZABLES_precision": 0.5,
    "NO_NORMALIZABLES_recall": 0.4,
    "PROTEINAS_f1": 0.8483439860546195,
    "PROTEINAS_number": 835,
    "PROTEINAS_precision": 0.8239277652370203,
    "PROTEINAS_recall": 0.874251497005988,
    "UNCLEAR_f1": 0.8656716417910447,
    "UNCLEAR_number": 34,
    "UNCLEAR_precision": 0.8787878787878788,
    "UNCLEAR_recall": 0.8529411764705882,
    "overall_accuracy": 0.9950813892495679,
    "overall_f1": 0.8856147870345566,
    "overall_precision": 0.873217115689382,
    "overall_recall": 0.8983695652173913
}