{
    "epoch": 9.990654205607477,
    "total_flos": 2832324460224480.0,
    "train_loss": 0.008560985255221962,
    "train_runtime": 5084.7002,
    "train_samples_per_second": 15.987,
    "train_steps_per_second": 1.998
}