{
    "epoch": 9.990654205607477,
    "eval_NORMALIZABLES_f1": 0.9221014492753623,
    "eval_NORMALIZABLES_number": 1104,
    "eval_NORMALIZABLES_precision": 0.9221014492753623,
    "eval_NORMALIZABLES_recall": 0.9221014492753623,
    "eval_NO_NORMALIZABLES_f1": 0.17391304347826086,
    "eval_NO_NORMALIZABLES_number": 16,
    "eval_NO_NORMALIZABLES_precision": 0.2857142857142857,
    "eval_NO_NORMALIZABLES_recall": 0.125,
    "eval_PROTEINAS_f1": 0.8973843058350102,
    "eval_PROTEINAS_number": 736,
    "eval_PROTEINAS_precision": 0.8860927152317881,
    "eval_PROTEINAS_recall": 0.9089673913043478,
    "eval_UNCLEAR_f1": 0.8723404255319149,
    "eval_UNCLEAR_number": 44,
    "eval_UNCLEAR_precision": 0.82,
    "eval_UNCLEAR_recall": 0.9318181818181818,
    "eval_loss": 0.03760971873998642,
    "eval_overall_accuracy": 0.9951677469397217,
    "eval_overall_f1": 0.9067085953878407,
    "eval_overall_precision": 0.9029227557411273,
    "eval_overall_recall": 0.9105263157894737,
    "eval_runtime": 139.2992,
    "eval_samples_per_second": 27.186,
    "eval_steps_per_second": 6.798
}