{
    "NORMALIZABLES_f1": 0.9293873312564901,
    "NORMALIZABLES_number": 961,
    "NORMALIZABLES_precision": 0.927461139896373,
    "NORMALIZABLES_recall": 0.931321540062435,
    "NO_NORMALIZABLES_f1": 0.11764705882352941,
    "NO_NORMALIZABLES_number": 10,
    "NO_NORMALIZABLES_precision": 0.14285714285714285,
    "NO_NORMALIZABLES_recall": 0.1,
    "PROTEINAS_f1": 0.8502024291497976,
    "PROTEINAS_number": 835,
    "PROTEINAS_precision": 0.8221476510067114,
    "PROTEINAS_recall": 0.8802395209580839,
    "UNCLEAR_f1": 0.8405797101449276,
    "UNCLEAR_number": 34,
    "UNCLEAR_precision": 0.8285714285714286,
    "UNCLEAR_recall": 0.8529411764705882,
    "overall_accuracy": 0.9951845768876889,
    "overall_f1": 0.8874632451216252,
    "overall_precision": 0.873224618621778,
    "overall_recall": 0.9021739130434783
}