{
    "FAMILIAR_f1": 0.495049504950495,
    "FAMILIAR_number": 51,
    "FAMILIAR_precision": 0.5,
    "FAMILIAR_recall": 0.49019607843137253,
    "OTROS_f1": 0.6813186813186813,
    "OTROS_number": 146,
    "OTROS_precision": 0.7322834645669292,
    "OTROS_recall": 0.636986301369863,
    "PACIENTE_f1": 0.636755823986195,
    "PACIENTE_number": 592,
    "PACIENTE_precision": 0.6507936507936508,
    "PACIENTE_recall": 0.6233108108108109,
    "SANITARIO_f1": 0.9240924092409241,
    "SANITARIO_number": 292,
    "SANITARIO_precision": 0.89171974522293,
    "SANITARIO_recall": 0.958904109589041,
    "epoch": 10.0,
    "eval_FAMILIAR_f1": 0.6259541984732824,
    "eval_FAMILIAR_number": 59,
    "eval_FAMILIAR_precision": 0.5694444444444444,
    "eval_FAMILIAR_recall": 0.6949152542372882,
    "eval_OTROS_f1": 0.7328767123287672,
    "eval_OTROS_number": 159,
    "eval_OTROS_precision": 0.8045112781954887,
    "eval_OTROS_recall": 0.6729559748427673,
    "eval_PACIENTE_f1": 0.6483660130718955,
    "eval_PACIENTE_number": 358,
    "eval_PACIENTE_precision": 0.6093366093366094,
    "eval_PACIENTE_recall": 0.6927374301675978,
    "eval_SANITARIO_f1": 0.8726003490401395,
    "eval_SANITARIO_number": 270,
    "eval_SANITARIO_precision": 0.8250825082508251,
    "eval_SANITARIO_recall": 0.9259259259259259,
    "eval_loss": 0.016852177679538727,
    "eval_overall_accuracy": 0.9966831236721031,
    "eval_overall_f1": 0.7336740488358887,
    "eval_overall_precision": 0.7060109289617487,
    "eval_overall_recall": 0.7635933806146572,
    "eval_runtime": 9.598,
    "eval_samples_per_second": 63.347,
    "eval_steps_per_second": 7.918,
    "overall_accuracy": 0.995435791437786,
    "overall_f1": 0.7171575502571295,
    "overall_precision": 0.724952741020794,
    "overall_recall": 0.7095282146160962,
    "total_flos": 6783415449005376.0,
    "train_loss": 0.013969052855785076,
    "train_runtime": 1401.7432,
    "train_samples_per_second": 18.52,
    "train_steps_per_second": 2.319
}