{
    "epoch": 10.0,
    "eval_FAMILIAR_f1": 0.6259541984732824,
    "eval_FAMILIAR_number": 59,
    "eval_FAMILIAR_precision": 0.5694444444444444,
    "eval_FAMILIAR_recall": 0.6949152542372882,
    "eval_OTROS_f1": 0.7328767123287672,
    "eval_OTROS_number": 159,
    "eval_OTROS_precision": 0.8045112781954887,
    "eval_OTROS_recall": 0.6729559748427673,
    "eval_PACIENTE_f1": 0.6483660130718955,
    "eval_PACIENTE_number": 358,
    "eval_PACIENTE_precision": 0.6093366093366094,
    "eval_PACIENTE_recall": 0.6927374301675978,
    "eval_SANITARIO_f1": 0.8726003490401395,
    "eval_SANITARIO_number": 270,
    "eval_SANITARIO_precision": 0.8250825082508251,
    "eval_SANITARIO_recall": 0.9259259259259259,
    "eval_loss": 0.016852177679538727,
    "eval_overall_accuracy": 0.9966831236721031,
    "eval_overall_f1": 0.7336740488358887,
    "eval_overall_precision": 0.7060109289617487,
    "eval_overall_recall": 0.7635933806146572,
    "eval_runtime": 9.598,
    "eval_samples_per_second": 63.347,
    "eval_steps_per_second": 7.918
}