{
    "FAMILIAR_f1": 0.38532110091743116,
    "FAMILIAR_number": 51,
    "FAMILIAR_precision": 0.3620689655172414,
    "FAMILIAR_recall": 0.4117647058823529,
    "OTROS_f1": 0.6829268292682927,
    "OTROS_number": 146,
    "OTROS_precision": 0.6950354609929078,
    "OTROS_recall": 0.6712328767123288,
    "PACIENTE_f1": 0.6210970464135022,
    "PACIENTE_number": 590,
    "PACIENTE_precision": 0.6184873949579832,
    "PACIENTE_recall": 0.6237288135593221,
    "SANITARIO_f1": 0.9108910891089108,
    "SANITARIO_number": 291,
    "SANITARIO_precision": 0.8761904761904762,
    "SANITARIO_recall": 0.9484536082474226,
    "epoch": 10.0,
    "eval_FAMILIAR_f1": 0.596774193548387,
    "eval_FAMILIAR_number": 56,
    "eval_FAMILIAR_precision": 0.5441176470588235,
    "eval_FAMILIAR_recall": 0.6607142857142857,
    "eval_OTROS_f1": 0.7637540453074433,
    "eval_OTROS_number": 162,
    "eval_OTROS_precision": 0.8027210884353742,
    "eval_OTROS_recall": 0.7283950617283951,
    "eval_PACIENTE_f1": 0.6191709844559585,
    "eval_PACIENTE_number": 362,
    "eval_PACIENTE_precision": 0.5829268292682926,
    "eval_PACIENTE_recall": 0.6602209944751382,
    "eval_SANITARIO_f1": 0.867595818815331,
    "eval_SANITARIO_number": 277,
    "eval_SANITARIO_precision": 0.8383838383838383,
    "eval_SANITARIO_recall": 0.8989169675090253,
    "eval_loss": 0.019971119239926338,
    "eval_overall_accuracy": 0.9964464371734539,
    "eval_overall_f1": 0.7228780213603148,
    "eval_overall_precision": 0.6973969631236443,
    "eval_overall_recall": 0.750291715285881,
    "eval_runtime": 8.2404,
    "eval_samples_per_second": 75.604,
    "eval_steps_per_second": 2.427,
    "overall_accuracy": 0.9953029186205166,
    "overall_f1": 0.6977594878829446,
    "overall_precision": 0.6880072137060415,
    "overall_recall": 0.7077922077922078,
    "total_flos": 6963999266764800.0,
    "train_loss": 0.014947595340864999,
    "train_runtime": 1069.2109,
    "train_samples_per_second": 24.925,
    "train_steps_per_second": 0.786
}