{
    "epoch": 10.0,
    "eval_FAMILIAR_f1": 0.596774193548387,
    "eval_FAMILIAR_number": 56,
    "eval_FAMILIAR_precision": 0.5441176470588235,
    "eval_FAMILIAR_recall": 0.6607142857142857,
    "eval_OTROS_f1": 0.7637540453074433,
    "eval_OTROS_number": 162,
    "eval_OTROS_precision": 0.8027210884353742,
    "eval_OTROS_recall": 0.7283950617283951,
    "eval_PACIENTE_f1": 0.6191709844559585,
    "eval_PACIENTE_number": 362,
    "eval_PACIENTE_precision": 0.5829268292682926,
    "eval_PACIENTE_recall": 0.6602209944751382,
    "eval_SANITARIO_f1": 0.867595818815331,
    "eval_SANITARIO_number": 277,
    "eval_SANITARIO_precision": 0.8383838383838383,
    "eval_SANITARIO_recall": 0.8989169675090253,
    "eval_loss": 0.019971119239926338,
    "eval_overall_accuracy": 0.9964464371734539,
    "eval_overall_f1": 0.7228780213603148,
    "eval_overall_precision": 0.6973969631236443,
    "eval_overall_recall": 0.750291715285881,
    "eval_runtime": 8.2404,
    "eval_samples_per_second": 75.604,
    "eval_steps_per_second": 2.427
}