{
    "FAMILIAR_f1": 0.38532110091743116,
    "FAMILIAR_number": 51,
    "FAMILIAR_precision": 0.3620689655172414,
    "FAMILIAR_recall": 0.4117647058823529,
    "OTROS_f1": 0.6829268292682927,
    "OTROS_number": 146,
    "OTROS_precision": 0.6950354609929078,
    "OTROS_recall": 0.6712328767123288,
    "PACIENTE_f1": 0.6210970464135022,
    "PACIENTE_number": 590,
    "PACIENTE_precision": 0.6184873949579832,
    "PACIENTE_recall": 0.6237288135593221,
    "SANITARIO_f1": 0.9108910891089108,
    "SANITARIO_number": 291,
    "SANITARIO_precision": 0.8761904761904762,
    "SANITARIO_recall": 0.9484536082474226,
    "overall_accuracy": 0.9953029186205166,
    "overall_f1": 0.6977594878829446,
    "overall_precision": 0.6880072137060415,
    "overall_recall": 0.7077922077922078
}