{
    "epoch": 9.848,
    "eval_NORMALIZABLES_f1": 0.9156732891832229,
    "eval_NORMALIZABLES_number": 1121,
    "eval_NORMALIZABLES_precision": 0.9064685314685315,
    "eval_NORMALIZABLES_recall": 0.9250669045495094,
    "eval_NO_NORMALIZABLES_f1": 0.09090909090909091,
    "eval_NO_NORMALIZABLES_number": 16,
    "eval_NO_NORMALIZABLES_precision": 0.16666666666666666,
    "eval_NO_NORMALIZABLES_recall": 0.0625,
    "eval_PROTEINAS_f1": 0.8977423638778219,
    "eval_PROTEINAS_number": 745,
    "eval_PROTEINAS_precision": 0.8883048620236531,
    "eval_PROTEINAS_recall": 0.9073825503355705,
    "eval_UNCLEAR_f1": 0.736842105263158,
    "eval_UNCLEAR_number": 44,
    "eval_UNCLEAR_precision": 0.6862745098039216,
    "eval_UNCLEAR_recall": 0.7954545454545454,
    "eval_loss": 0.025053953751921654,
    "eval_overall_accuracy": 0.9951929437706726,
    "eval_overall_f1": 0.8996913580246914,
    "eval_overall_precision": 0.8914373088685015,
    "eval_overall_recall": 0.9080996884735203,
    "eval_runtime": 5.8096,
    "eval_samples_per_second": 43.032,
    "eval_steps_per_second": 10.844
}