{
    "NORMALIZABLES_f1": 0.9333333333333333,
    "NORMALIZABLES_number": 973,
    "NORMALIZABLES_precision": 0.9243951612903226,
    "NORMALIZABLES_recall": 0.9424460431654677,
    "NO_NORMALIZABLES_f1": 0.0,
    "NO_NORMALIZABLES_number": 10,
    "NO_NORMALIZABLES_precision": 0.0,
    "NO_NORMALIZABLES_recall": 0.0,
    "PROTEINAS_f1": 0.8848346636259977,
    "PROTEINAS_number": 859,
    "PROTEINAS_precision": 0.8670391061452514,
    "PROTEINAS_recall": 0.9033760186263097,
    "UNCLEAR_f1": 0.7945205479452054,
    "UNCLEAR_number": 34,
    "UNCLEAR_precision": 0.7435897435897436,
    "UNCLEAR_recall": 0.8529411764705882,
    "overall_accuracy": 0.9960810649982148,
    "overall_f1": 0.9039370078740158,
    "overall_precision": 0.890382626680455,
    "overall_recall": 0.917910447761194
}