{
    "SINTOMA_f1": 0.6743634350782857,
    "SINTOMA_number": 3098,
    "SINTOMA_precision": 0.6610852713178295,
    "SINTOMA_recall": 0.6881859264041317,
    "epoch": 10.0,
    "eval_SINTOMA_f1": 0.6510851419031719,
    "eval_SINTOMA_number": 2009,
    "eval_SINTOMA_precision": 0.625,
    "eval_SINTOMA_recall": 0.6794425087108014,
    "eval_loss": 0.285867303609848,
    "eval_overall_accuracy": 0.9436206515601601,
    "eval_overall_f1": 0.6510851419031719,
    "eval_overall_precision": 0.625,
    "eval_overall_recall": 0.6794425087108014,
    "eval_runtime": 4.0379,
    "eval_samples_per_second": 54.236,
    "eval_steps_per_second": 6.934,
    "overall_accuracy": 0.9420716012110953,
    "overall_f1": 0.6743634350782857,
    "overall_precision": 0.6610852713178295,
    "overall_recall": 0.6881859264041317,
    "total_flos": 2114309987827488.0,
    "train_loss": 0.07987391628763255,
    "train_runtime": 798.9523,
    "train_samples_per_second": 10.188,
    "train_steps_per_second": 1.277
}