{
    "epoch": 10.0,
    "eval_SINTOMA_f1": 0.6510851419031719,
    "eval_SINTOMA_number": 2009,
    "eval_SINTOMA_precision": 0.625,
    "eval_SINTOMA_recall": 0.6794425087108014,
    "eval_loss": 0.285867303609848,
    "eval_overall_accuracy": 0.9436206515601601,
    "eval_overall_f1": 0.6510851419031719,
    "eval_overall_precision": 0.625,
    "eval_overall_recall": 0.6794425087108014,
    "eval_runtime": 4.0379,
    "eval_samples_per_second": 54.236,
    "eval_steps_per_second": 6.934
}