{
    "SINTOMA_f1": 0.6743634350782857,
    "SINTOMA_number": 3098,
    "SINTOMA_precision": 0.6610852713178295,
    "SINTOMA_recall": 0.6881859264041317,
    "overall_accuracy": 0.9420716012110953,
    "overall_f1": 0.6743634350782857,
    "overall_precision": 0.6610852713178295,
    "overall_recall": 0.6881859264041317
}