{
    "CALLE_f1": 0.9543269230769231,
    "CALLE_number": 413,
    "CALLE_precision": 0.9474940334128878,
    "CALLE_recall": 0.9612590799031477,
    "CENTRO_SALUD_f1": 0.0,
    "CENTRO_SALUD_number": 6,
    "CENTRO_SALUD_precision": 0.0,
    "CENTRO_SALUD_recall": 0.0,
    "CORREO_ELECTRONICO_f1": 0.9939148073022313,
    "CORREO_ELECTRONICO_number": 246,
    "CORREO_ELECTRONICO_precision": 0.9919028340080972,
    "CORREO_ELECTRONICO_recall": 0.9959349593495935,
    "EDAD_SUJETO_ASISTENCIA_f1": 0.9875835721107928,
    "EDAD_SUJETO_ASISTENCIA_number": 518,
    "EDAD_SUJETO_ASISTENCIA_precision": 0.9773156899810964,
    "EDAD_SUJETO_ASISTENCIA_recall": 0.9980694980694981,
    "FAMILIARES_SUJETO_ASISTENCIA_f1": 0.7602339181286549,
    "FAMILIARES_SUJETO_ASISTENCIA_number": 80,
    "FAMILIARES_SUJETO_ASISTENCIA_precision": 0.7142857142857143,
    "FAMILIARES_SUJETO_ASISTENCIA_recall": 0.8125,
    "FECHAS_f1": 0.9893877551020409,
    "FECHAS_number": 611,
    "FECHAS_precision": 0.9869706840390879,
    "FECHAS_recall": 0.9918166939443536,
    "HOSPITAL_f1": 0.9027237354085603,
    "HOSPITAL_number": 130,
    "HOSPITAL_precision": 0.9133858267716536,
    "HOSPITAL_recall": 0.8923076923076924,
    "ID_ASEGURAMIENTO_f1": 0.9974683544303797,
    "ID_ASEGURAMIENTO_number": 198,
    "ID_ASEGURAMIENTO_precision": 1.0,
    "ID_ASEGURAMIENTO_recall": 0.9949494949494949,
    "ID_CONTACTO_ASISTENCIAL_f1": 1.0,
    "ID_CONTACTO_ASISTENCIAL_number": 39,
    "ID_CONTACTO_ASISTENCIAL_precision": 1.0,
    "ID_CONTACTO_ASISTENCIAL_recall": 1.0,
    "ID_SUJETO_ASISTENCIA_f1": 0.9787985865724381,
    "ID_SUJETO_ASISTENCIA_number": 283,
    "ID_SUJETO_ASISTENCIA_precision": 0.9787985865724381,
    "ID_SUJETO_ASISTENCIA_recall": 0.9787985865724381,
    "ID_TITULACION_PERSONAL_SANITARIO_f1": 0.9978678038379531,
    "ID_TITULACION_PERSONAL_SANITARIO_number": 234,
    "ID_TITULACION_PERSONAL_SANITARIO_precision": 0.9957446808510638,
    "ID_TITULACION_PERSONAL_SANITARIO_recall": 1.0,
    "INSTITUCION_f1": 0.41250000000000003,
    "INSTITUCION_number": 67,
    "INSTITUCION_precision": 0.3548387096774194,
    "INSTITUCION_recall": 0.4925373134328358,
    "NOMBRE_PERSONAL_SANITARIO_f1": 0.9960159362549801,
    "NOMBRE_PERSONAL_SANITARIO_number": 501,
    "NOMBRE_PERSONAL_SANITARIO_precision": 0.9940357852882704,
    "NOMBRE_PERSONAL_SANITARIO_recall": 0.998003992015968,
    "NOMBRE_SUJETO_ASISTENCIA_f1": 0.999004975124378,
    "NOMBRE_SUJETO_ASISTENCIA_number": 502,
    "NOMBRE_SUJETO_ASISTENCIA_precision": 0.9980119284294234,
    "NOMBRE_SUJETO_ASISTENCIA_recall": 1.0,
    "NUMERO_FAX_f1": 0.8571428571428571,
    "NUMERO_FAX_number": 7,
    "NUMERO_FAX_precision": 0.8571428571428571,
    "NUMERO_FAX_recall": 0.8571428571428571,
    "NUMERO_TELEFONO_f1": 0.9811320754716981,
    "NUMERO_TELEFONO_number": 26,
    "NUMERO_TELEFONO_precision": 0.9629629629629629,
    "NUMERO_TELEFONO_recall": 1.0,
    "OTROS_SUJETO_ASISTENCIA_f1": 0.0,
    "OTROS_SUJETO_ASISTENCIA_number": 7,
    "OTROS_SUJETO_ASISTENCIA_precision": 0.0,
    "OTROS_SUJETO_ASISTENCIA_recall": 0.0,
    "PAIS_f1": 0.9740791268758526,
    "PAIS_number": 363,
    "PAIS_precision": 0.9648648648648649,
    "PAIS_recall": 0.9834710743801653,
    "PROFESION_f1": 0.6666666666666666,
    "PROFESION_number": 9,
    "PROFESION_precision": 0.5,
    "PROFESION_recall": 1.0,
    "SEXO_SUJETO_ASISTENCIA_f1": 0.9805615550755941,
    "SEXO_SUJETO_ASISTENCIA_number": 461,
    "SEXO_SUJETO_ASISTENCIA_precision": 0.9763440860215054,
    "SEXO_SUJETO_ASISTENCIA_recall": 0.9848156182212582,
    "TERRITORIO_f1": 0.9752564876282439,
    "TERRITORIO_number": 829,
    "TERRITORIO_precision": 0.9758454106280193,
    "TERRITORIO_recall": 0.9746682750301568,
    "epoch": 10.0,
    "eval_CALLE_f1": 0.9171396140749148,
    "eval_CALLE_number": 435,
    "eval_CALLE_precision": 0.905829596412556,
    "eval_CALLE_recall": 0.9287356321839081,
    "eval_CENTRO_SALUD_f1": 0.3333333333333333,
    "eval_CENTRO_SALUD_number": 2,
    "eval_CENTRO_SALUD_precision": 0.25,
    "eval_CENTRO_SALUD_recall": 0.5,
    "eval_CORREO_ELECTRONICO_f1": 0.9751037344398341,
    "eval_CORREO_ELECTRONICO_number": 239,
    "eval_CORREO_ELECTRONICO_precision": 0.9670781893004116,
    "eval_CORREO_ELECTRONICO_recall": 0.9832635983263598,
    "eval_EDAD_SUJETO_ASISTENCIA_f1": 0.9506641366223909,
    "eval_EDAD_SUJETO_ASISTENCIA_number": 527,
    "eval_EDAD_SUJETO_ASISTENCIA_precision": 0.9506641366223909,
    "eval_EDAD_SUJETO_ASISTENCIA_recall": 0.9506641366223909,
    "eval_FAMILIARES_SUJETO_ASISTENCIA_f1": 0.8217821782178217,
    "eval_FAMILIARES_SUJETO_ASISTENCIA_number": 101,
    "eval_FAMILIARES_SUJETO_ASISTENCIA_precision": 0.8217821782178217,
    "eval_FAMILIARES_SUJETO_ASISTENCIA_recall": 0.8217821782178217,
    "eval_FECHAS_f1": 0.9647519582245431,
    "eval_FECHAS_number": 762,
    "eval_FECHAS_precision": 0.9597402597402598,
    "eval_FECHAS_recall": 0.9698162729658792,
    "eval_HOSPITAL_f1": 0.8064516129032259,
    "eval_HOSPITAL_number": 149,
    "eval_HOSPITAL_precision": 0.7763975155279503,
    "eval_HOSPITAL_recall": 0.8389261744966443,
    "eval_ID_ASEGURAMIENTO_f1": 0.9818181818181819,
    "eval_ID_ASEGURAMIENTO_number": 192,
    "eval_ID_ASEGURAMIENTO_precision": 0.9792746113989638,
    "eval_ID_ASEGURAMIENTO_recall": 0.984375,
    "eval_ID_CONTACTO_ASISTENCIAL_f1": 0.9538461538461539,
    "eval_ID_CONTACTO_ASISTENCIAL_number": 32,
    "eval_ID_CONTACTO_ASISTENCIAL_precision": 0.9393939393939394,
    "eval_ID_CONTACTO_ASISTENCIAL_recall": 0.96875,
    "eval_ID_SUJETO_ASISTENCIA_f1": 0.9333333333333333,
    "eval_ID_SUJETO_ASISTENCIA_number": 285,
    "eval_ID_SUJETO_ASISTENCIA_precision": 0.91,
    "eval_ID_SUJETO_ASISTENCIA_recall": 0.9578947368421052,
    "eval_ID_TITULACION_PERSONAL_SANITARIO_f1": 0.9626373626373625,
    "eval_ID_TITULACION_PERSONAL_SANITARIO_number": 226,
    "eval_ID_TITULACION_PERSONAL_SANITARIO_precision": 0.9563318777292577,
    "eval_ID_TITULACION_PERSONAL_SANITARIO_recall": 0.9690265486725663,
    "eval_INSTITUCION_f1": 0.6067415730337079,
    "eval_INSTITUCION_number": 85,
    "eval_INSTITUCION_precision": 0.5806451612903226,
    "eval_INSTITUCION_recall": 0.6352941176470588,
    "eval_NOMBRE_PERSONAL_SANITARIO_f1": 0.9558541266794626,
    "eval_NOMBRE_PERSONAL_SANITARIO_number": 520,
    "eval_NOMBRE_PERSONAL_SANITARIO_precision": 0.9540229885057471,
    "eval_NOMBRE_PERSONAL_SANITARIO_recall": 0.9576923076923077,
    "eval_NOMBRE_SUJETO_ASISTENCIA_f1": 0.9808660624370594,
    "eval_NOMBRE_SUJETO_ASISTENCIA_number": 488,
    "eval_NOMBRE_SUJETO_ASISTENCIA_precision": 0.9643564356435643,
    "eval_NOMBRE_SUJETO_ASISTENCIA_recall": 0.9979508196721312,
    "eval_NUMERO_FAX_f1": 0.7272727272727272,
    "eval_NUMERO_FAX_number": 6,
    "eval_NUMERO_FAX_precision": 0.8,
    "eval_NUMERO_FAX_recall": 0.6666666666666666,
    "eval_NUMERO_TELEFONO_f1": 0.8679245283018867,
    "eval_NUMERO_TELEFONO_number": 25,
    "eval_NUMERO_TELEFONO_precision": 0.8214285714285714,
    "eval_NUMERO_TELEFONO_recall": 0.92,
    "eval_OTROS_SUJETO_ASISTENCIA_f1": 0.0,
    "eval_OTROS_SUJETO_ASISTENCIA_number": 7,
    "eval_OTROS_SUJETO_ASISTENCIA_precision": 0.0,
    "eval_OTROS_SUJETO_ASISTENCIA_recall": 0.0,
    "eval_PAIS_f1": 0.9659090909090909,
    "eval_PAIS_number": 351,
    "eval_PAIS_precision": 0.9631728045325779,
    "eval_PAIS_recall": 0.9686609686609686,
    "eval_PROFESION_f1": 0.75,
    "eval_PROFESION_number": 4,
    "eval_PROFESION_precision": 0.75,
    "eval_PROFESION_recall": 0.75,
    "eval_SEXO_SUJETO_ASISTENCIA_f1": 0.9553862894450491,
    "eval_SEXO_SUJETO_ASISTENCIA_number": 456,
    "eval_SEXO_SUJETO_ASISTENCIA_precision": 0.9481641468682506,
    "eval_SEXO_SUJETO_ASISTENCIA_recall": 0.9627192982456141,
    "eval_TERRITORIO_f1": 0.9592656339644292,
    "eval_TERRITORIO_number": 863,
    "eval_TERRITORIO_precision": 0.95,
    "eval_TERRITORIO_recall": 0.9687137891077636,
    "eval_loss": 0.04096643254160881,