{
    "CALLE_f1": 0.9543269230769231,
    "CALLE_number": 413,
    "CALLE_precision": 0.9474940334128878,
    "CALLE_recall": 0.9612590799031477,
    "CENTRO_SALUD_f1": 0.0,
    "CENTRO_SALUD_number": 6,
    "CENTRO_SALUD_precision": 0.0,
    "CENTRO_SALUD_recall": 0.0,
    "CORREO_ELECTRONICO_f1": 0.9939148073022313,
    "CORREO_ELECTRONICO_number": 246,
    "CORREO_ELECTRONICO_precision": 0.9919028340080972,
    "CORREO_ELECTRONICO_recall": 0.9959349593495935,
    "EDAD_SUJETO_ASISTENCIA_f1": 0.9875835721107928,
    "EDAD_SUJETO_ASISTENCIA_number": 518,
    "EDAD_SUJETO_ASISTENCIA_precision": 0.9773156899810964,
    "EDAD_SUJETO_ASISTENCIA_recall": 0.9980694980694981,
    "FAMILIARES_SUJETO_ASISTENCIA_f1": 0.7602339181286549,
    "FAMILIARES_SUJETO_ASISTENCIA_number": 80,
    "FAMILIARES_SUJETO_ASISTENCIA_precision": 0.7142857142857143,
    "FAMILIARES_SUJETO_ASISTENCIA_recall": 0.8125,
    "FECHAS_f1": 0.9893877551020409,
    "FECHAS_number": 611,
    "FECHAS_precision": 0.9869706840390879,
    "FECHAS_recall": 0.9918166939443536,
    "HOSPITAL_f1": 0.9027237354085603,
    "HOSPITAL_number": 130,
    "HOSPITAL_precision": 0.9133858267716536,
    "HOSPITAL_recall": 0.8923076923076924,
    "ID_ASEGURAMIENTO_f1": 0.9974683544303797,
    "ID_ASEGURAMIENTO_number": 198,
    "ID_ASEGURAMIENTO_precision": 1.0,
    "ID_ASEGURAMIENTO_recall": 0.9949494949494949,
    "ID_CONTACTO_ASISTENCIAL_f1": 1.0,
    "ID_CONTACTO_ASISTENCIAL_number": 39,
    "ID_CONTACTO_ASISTENCIAL_precision": 1.0,
    "ID_CONTACTO_ASISTENCIAL_recall": 1.0,
    "ID_SUJETO_ASISTENCIA_f1": 0.9787985865724381,
    "ID_SUJETO_ASISTENCIA_number": 283,
    "ID_SUJETO_ASISTENCIA_precision": 0.9787985865724381,
    "ID_SUJETO_ASISTENCIA_recall": 0.9787985865724381,
    "ID_TITULACION_PERSONAL_SANITARIO_f1": 0.9978678038379531,
    "ID_TITULACION_PERSONAL_SANITARIO_number": 234,
    "ID_TITULACION_PERSONAL_SANITARIO_precision": 0.9957446808510638,
    "ID_TITULACION_PERSONAL_SANITARIO_recall": 1.0,
    "INSTITUCION_f1": 0.41250000000000003,
    "INSTITUCION_number": 67,
    "INSTITUCION_precision": 0.3548387096774194,
    "INSTITUCION_recall": 0.4925373134328358,
    "NOMBRE_PERSONAL_SANITARIO_f1": 0.9960159362549801,
    "NOMBRE_PERSONAL_SANITARIO_number": 501,
    "NOMBRE_PERSONAL_SANITARIO_precision": 0.9940357852882704,
    "NOMBRE_PERSONAL_SANITARIO_recall": 0.998003992015968,
    "NOMBRE_SUJETO_ASISTENCIA_f1": 0.999004975124378,
    "NOMBRE_SUJETO_ASISTENCIA_number": 502,
    "NOMBRE_SUJETO_ASISTENCIA_precision": 0.9980119284294234,
    "NOMBRE_SUJETO_ASISTENCIA_recall": 1.0,
    "NUMERO_FAX_f1": 0.8571428571428571,
    "NUMERO_FAX_number": 7,
    "NUMERO_FAX_precision": 0.8571428571428571,
    "NUMERO_FAX_recall": 0.8571428571428571,
    "NUMERO_TELEFONO_f1": 0.9811320754716981,
    "NUMERO_TELEFONO_number": 26,
    "NUMERO_TELEFONO_precision": 0.9629629629629629,
    "NUMERO_TELEFONO_recall": 1.0,
    "OTROS_SUJETO_ASISTENCIA_f1": 0.0,
    "OTROS_SUJETO_ASISTENCIA_number": 7,
    "OTROS_SUJETO_ASISTENCIA_precision": 0.0,
    "OTROS_SUJETO_ASISTENCIA_recall": 0.0,
    "PAIS_f1": 0.9740791268758526,
    "PAIS_number": 363,
    "PAIS_precision": 0.9648648648648649,
    "PAIS_recall": 0.9834710743801653,
    "PROFESION_f1": 0.6666666666666666,
    "PROFESION_number": 9,
    "PROFESION_precision": 0.5,
    "PROFESION_recall": 1.0,
    "SEXO_SUJETO_ASISTENCIA_f1": 0.9805615550755941,
    "SEXO_SUJETO_ASISTENCIA_number": 461,
    "SEXO_SUJETO_ASISTENCIA_precision": 0.9763440860215054,
    "SEXO_SUJETO_ASISTENCIA_recall": 0.9848156182212582,
    "TERRITORIO_f1": 0.9752564876282439,
    "TERRITORIO_number": 829,
    "TERRITORIO_precision": 0.9758454106280193,
    "TERRITORIO_recall": 0.9746682750301568,
    "overall_accuracy": 0.9975139808523632,
    "overall_f1": 0.9680201221703199,
    "overall_precision": 0.961799357372367,
    "overall_recall": 0.9743218806509946
}