{
    "NORMALIZABLES_f1": 0.921875,
    "NORMALIZABLES_number": 961,
    "NORMALIZABLES_precision": 0.9228362877997914,
    "NORMALIZABLES_recall": 0.9209157127991675,
    "NO_NORMALIZABLES_f1": 0.08333333333333333,
    "NO_NORMALIZABLES_number": 10,
    "NO_NORMALIZABLES_precision": 0.07142857142857142,
    "NO_NORMALIZABLES_recall": 0.1,
    "PROTEINAS_f1": 0.8489373923032739,
    "PROTEINAS_number": 835,
    "PROTEINAS_precision": 0.8156732891832229,
    "PROTEINAS_recall": 0.8850299401197604,
    "UNCLEAR_f1": 0.8157894736842106,
    "UNCLEAR_number": 34,
    "UNCLEAR_precision": 0.7380952380952381,
    "UNCLEAR_recall": 0.9117647058823529,
    "epoch": 10.0,
    "eval_NORMALIZABLES_f1": 0.9033423667570009,
    "eval_NORMALIZABLES_number": 1104,
    "eval_NORMALIZABLES_precision": 0.9009009009009009,
    "eval_NORMALIZABLES_recall": 0.9057971014492754,
    "eval_NO_NORMALIZABLES_f1": 0.24242424242424243,
    "eval_NO_NORMALIZABLES_number": 16,
    "eval_NO_NORMALIZABLES_precision": 0.23529411764705882,
    "eval_NO_NORMALIZABLES_recall": 0.25,
    "eval_PROTEINAS_f1": 0.8865153538050734,
    "eval_PROTEINAS_number": 736,
    "eval_PROTEINAS_precision": 0.8713910761154856,
    "eval_PROTEINAS_recall": 0.9021739130434783,
    "eval_UNCLEAR_f1": 0.8247422680412373,
    "eval_UNCLEAR_number": 44,
    "eval_UNCLEAR_precision": 0.7547169811320755,
    "eval_UNCLEAR_recall": 0.9090909090909091,
    "eval_loss": 0.03515559807419777,
    "eval_overall_accuracy": 0.9943598214856121,
    "eval_overall_f1": 0.8891202498698594,
    "eval_overall_precision": 0.8795056642636457,
    "eval_overall_recall": 0.8989473684210526,
    "eval_runtime": 7.8027,
    "eval_samples_per_second": 485.344,
    "eval_steps_per_second": 30.374,
    "overall_accuracy": 0.994772829272156,
    "overall_f1": 0.8806168572188249,
    "overall_precision": 0.862051015096304,
    "overall_recall": 0.9,
    "total_flos": 3166925212991664.0,
    "train_loss": 0.011314058574630142,
    "train_runtime": 940.3093,
    "train_samples_per_second": 86.45,
    "train_steps_per_second": 5.413
}