{
    "epoch": 10.0,
    "eval_NORMALIZABLES_f1": 0.9033423667570009,
    "eval_NORMALIZABLES_number": 1104,
    "eval_NORMALIZABLES_precision": 0.9009009009009009,
    "eval_NORMALIZABLES_recall": 0.9057971014492754,
    "eval_NO_NORMALIZABLES_f1": 0.24242424242424243,
    "eval_NO_NORMALIZABLES_number": 16,
    "eval_NO_NORMALIZABLES_precision": 0.23529411764705882,
    "eval_NO_NORMALIZABLES_recall": 0.25,
    "eval_PROTEINAS_f1": 0.8865153538050734,
    "eval_PROTEINAS_number": 736,
    "eval_PROTEINAS_precision": 0.8713910761154856,
    "eval_PROTEINAS_recall": 0.9021739130434783,
    "eval_UNCLEAR_f1": 0.8247422680412373,
    "eval_UNCLEAR_number": 44,
    "eval_UNCLEAR_precision": 0.7547169811320755,
    "eval_UNCLEAR_recall": 0.9090909090909091,
    "eval_loss": 0.03515559807419777,
    "eval_overall_accuracy": 0.9943598214856121,
    "eval_overall_f1": 0.8891202498698594,
    "eval_overall_precision": 0.8795056642636457,
    "eval_overall_recall": 0.8989473684210526,
    "eval_runtime": 7.8027,
    "eval_samples_per_second": 485.344,
    "eval_steps_per_second": 30.374
}