{
    "NORMALIZABLES_f1": 0.921875,
    "NORMALIZABLES_number": 961,
    "NORMALIZABLES_precision": 0.9228362877997914,
    "NORMALIZABLES_recall": 0.9209157127991675,
    "NO_NORMALIZABLES_f1": 0.08333333333333333,
    "NO_NORMALIZABLES_number": 10,
    "NO_NORMALIZABLES_precision": 0.07142857142857142,
    "NO_NORMALIZABLES_recall": 0.1,
    "PROTEINAS_f1": 0.8489373923032739,
    "PROTEINAS_number": 835,
    "PROTEINAS_precision": 0.8156732891832229,
    "PROTEINAS_recall": 0.8850299401197604,
    "UNCLEAR_f1": 0.8157894736842106,
    "UNCLEAR_number": 34,
    "UNCLEAR_precision": 0.7380952380952381,
    "UNCLEAR_recall": 0.9117647058823529,
    "overall_accuracy": 0.994772829272156,
    "overall_f1": 0.8806168572188249,
    "overall_precision": 0.862051015096304,
    "overall_recall": 0.9
}