{
    "MORFOLOGIA_NEOPLASIA_f1": 0.8413643746616134,
    "MORFOLOGIA_NEOPLASIA_number": 3562,
    "MORFOLOGIA_NEOPLASIA_precision": 0.8123366440146367,
    "MORFOLOGIA_NEOPLASIA_recall": 0.8725435148792813,
    "epoch": 10.0,
    "eval_MORFOLOGIA_NEOPLASIA_f1": 0.8422269948785727,
    "eval_MORFOLOGIA_NEOPLASIA_number": 5908,
    "eval_MORFOLOGIA_NEOPLASIA_precision": 0.8225233946434334,
    "eval_MORFOLOGIA_NEOPLASIA_recall": 0.8628977657413677,
    "eval_loss": 0.050307746976614,
    "eval_overall_accuracy": 0.9914379281035948,
    "eval_overall_f1": 0.8422269948785727,
    "eval_overall_precision": 0.8225233946434334,
    "eval_overall_recall": 0.8628977657413677,
    "eval_runtime": 32.1104,
    "eval_samples_per_second": 15.82,
    "eval_steps_per_second": 3.955,
    "overall_accuracy": 0.9914703856749312,
    "overall_f1": 0.8413643746616134,
    "overall_precision": 0.8123366440146367,
    "overall_recall": 0.8725435148792813,
    "total_flos": 4645918987670016.0,
    "train_loss": 0.019165007048286498,
    "train_runtime": 1704.0771,
    "train_samples_per_second": 2.987,
    "train_steps_per_second": 0.376
}