{
    "epoch": 10.0,
    "eval_MORFOLOGIA_NEOPLASIA_f1": 0.8422269948785727,
    "eval_MORFOLOGIA_NEOPLASIA_number": 5908,
    "eval_MORFOLOGIA_NEOPLASIA_precision": 0.8225233946434334,
    "eval_MORFOLOGIA_NEOPLASIA_recall": 0.8628977657413677,
    "eval_loss": 0.050307746976614,
    "eval_overall_accuracy": 0.9914379281035948,
    "eval_overall_f1": 0.8422269948785727,
    "eval_overall_precision": 0.8225233946434334,
    "eval_overall_recall": 0.8628977657413677,
    "eval_runtime": 32.1104,
    "eval_samples_per_second": 15.82,
    "eval_steps_per_second": 3.955
}