{
    "MORFOLOGIA_NEOPLASIA_f1": 0.8413643746616134,
    "MORFOLOGIA_NEOPLASIA_number": 3562,
    "MORFOLOGIA_NEOPLASIA_precision": 0.8123366440146367,
    "MORFOLOGIA_NEOPLASIA_recall": 0.8725435148792813,
    "overall_accuracy": 0.9914703856749312,
    "overall_f1": 0.8413643746616134,
    "overall_precision": 0.8123366440146367,
    "overall_recall": 0.8725435148792813
}