{
    "SINTOMA_f1": 0.6755862898376428,
    "SINTOMA_number": 3124,
    "SINTOMA_precision": 0.6369047619047619,
    "SINTOMA_recall": 0.719270166453265,
    "epoch": 10.0,
    "eval_SINTOMA_f1": 0.650248433786995,
    "eval_SINTOMA_number": 2091,
    "eval_SINTOMA_precision": 0.5929866036249015,
    "eval_SINTOMA_recall": 0.7197513151602104,
    "eval_loss": 0.34751173853874207,
    "eval_overall_accuracy": 0.9400335768410545,
    "eval_overall_f1": 0.650248433786995,
    "eval_overall_precision": 0.5929866036249015,
    "eval_overall_recall": 0.7197513151602104,
    "eval_runtime": 6.5318,
    "eval_samples_per_second": 41.642,
    "eval_steps_per_second": 5.205,
    "overall_accuracy": 0.9375227539339024,
    "overall_f1": 0.6755862898376428,
    "overall_precision": 0.6369047619047619,
    "overall_recall": 0.719270166453265,
    "total_flos": 9548417225183616.0,
    "train_loss": 0.055941717014756316,
    "train_runtime": 1489.2165,
    "train_samples_per_second": 6.91,
    "train_steps_per_second": 0.866
}