{
    "epoch": 10.0,
    "eval_SINTOMA_f1": 0.650248433786995,
    "eval_SINTOMA_number": 2091,
    "eval_SINTOMA_precision": 0.5929866036249015,
    "eval_SINTOMA_recall": 0.7197513151602104,
    "eval_loss": 0.34751173853874207,
    "eval_overall_accuracy": 0.9400335768410545,
    "eval_overall_f1": 0.650248433786995,
    "eval_overall_precision": 0.5929866036249015,
    "eval_overall_recall": 0.7197513151602104,
    "eval_runtime": 6.5318,
    "eval_samples_per_second": 41.642,
    "eval_steps_per_second": 5.205
}