{
    "ENFERMEDAD_f1": 0.7246679783571077,
    "ENFERMEDAD_number": 7784,
    "ENFERMEDAD_precision": 0.6949292452830189,
    "ENFERMEDAD_recall": 0.757065775950668,
    "epoch": 10.0,
    "eval_ENFERMEDAD_f1": 0.7250898090376252,
    "eval_ENFERMEDAD_number": 10184,
    "eval_ENFERMEDAD_precision": 0.6990521327014217,
    "eval_ENFERMEDAD_recall": 0.7531421838177533,
    "eval_loss": 0.20331807434558868,
    "eval_overall_accuracy": 0.9656608682879745,
    "eval_overall_f1": 0.7250898090376252,
    "eval_overall_precision": 0.6990521327014217,
    "eval_overall_recall": 0.7531421838177533,
    "eval_runtime": 14.3633,
    "eval_samples_per_second": 17.963,
    "eval_steps_per_second": 4.525,
    "overall_accuracy": 0.966802811394098,
    "overall_f1": 0.7246679783571077,
    "overall_precision": 0.6949292452830189,
    "overall_recall": 0.757065775950668,
    "total_flos": 4615462244332800.0,
    "train_loss": 0.027917359399795533,
    "train_runtime": 1120.2759,
    "train_samples_per_second": 8.926,
    "train_steps_per_second": 1.116
}