{
    "epoch": 10.0,
    "eval_ENFERMEDAD_f1": 0.7250898090376252,
    "eval_ENFERMEDAD_number": 10184,
    "eval_ENFERMEDAD_precision": 0.6990521327014217,
    "eval_ENFERMEDAD_recall": 0.7531421838177533,
    "eval_loss": 0.20331807434558868,
    "eval_overall_accuracy": 0.9656608682879745,
    "eval_overall_f1": 0.7250898090376252,
    "eval_overall_precision": 0.6990521327014217,
    "eval_overall_recall": 0.7531421838177533,
    "eval_runtime": 14.3633,
    "eval_samples_per_second": 17.963,
    "eval_steps_per_second": 4.525
}