{
    "NORMALIZABLES_f1": 0.9264475743348982,
    "NORMALIZABLES_number": 961,
    "NORMALIZABLES_precision": 0.9288702928870293,
    "NORMALIZABLES_recall": 0.9240374609781478,
    "NO_NORMALIZABLES_f1": 0.0,
    "NO_NORMALIZABLES_number": 10,
    "NO_NORMALIZABLES_precision": 0.0,
    "NO_NORMALIZABLES_recall": 0.0,
    "PROTEINAS_f1": 0.8485895221646518,
    "PROTEINAS_number": 835,
    "PROTEINAS_precision": 0.8170731707317073,
    "PROTEINAS_recall": 0.8826347305389222,
    "UNCLEAR_f1": 0.8656716417910447,
    "UNCLEAR_number": 34,
    "UNCLEAR_precision": 0.8787878787878788,
    "UNCLEAR_recall": 0.8529411764705882,
    "epoch": 9.990654205607477,
    "eval_NORMALIZABLES_f1": 0.9211242067089755,
    "eval_NORMALIZABLES_number": 1104,
    "eval_NORMALIZABLES_precision": 0.9219600725952813,
    "eval_NORMALIZABLES_recall": 0.9202898550724637,
    "eval_NO_NORMALIZABLES_f1": 0.19047619047619047,
    "eval_NO_NORMALIZABLES_number": 16,
    "eval_NO_NORMALIZABLES_precision": 0.4,
    "eval_NO_NORMALIZABLES_recall": 0.125,
    "eval_PROTEINAS_f1": 0.8846407382992749,
    "eval_PROTEINAS_number": 736,
    "eval_PROTEINAS_precision": 0.8591549295774648,
    "eval_PROTEINAS_recall": 0.9116847826086957,
    "eval_UNCLEAR_f1": 0.8936170212765958,
    "eval_UNCLEAR_number": 44,
    "eval_UNCLEAR_precision": 0.84,
    "eval_UNCLEAR_recall": 0.9545454545454546,
    "eval_loss": 0.04169093444943428,
    "eval_overall_accuracy": 0.9949181102502608,
    "eval_overall_f1": 0.9020323084940073,
    "eval_overall_precision": 0.8931888544891641,
    "eval_overall_recall": 0.9110526315789473,
    "eval_runtime": 138.4143,
    "eval_samples_per_second": 27.36,
    "eval_steps_per_second": 6.842,
    "overall_accuracy": 0.9949782016114469,
    "overall_f1": 0.8856760374832664,
    "overall_precision": 0.8728232189973615,
    "overall_recall": 0.8989130434782608,
    "total_flos": 2832324460224480.0,
    "train_loss": 0.008781959635286232,
    "train_runtime": 12725.757,
    "train_samples_per_second": 6.388,
    "train_steps_per_second": 0.798
}