{
    "epoch": 9.990654205607477,
    "eval_NORMALIZABLES_f1": 0.9211242067089755,
    "eval_NORMALIZABLES_number": 1104,
    "eval_NORMALIZABLES_precision": 0.9219600725952813,
    "eval_NORMALIZABLES_recall": 0.9202898550724637,
    "eval_NO_NORMALIZABLES_f1": 0.19047619047619047,
    "eval_NO_NORMALIZABLES_number": 16,
    "eval_NO_NORMALIZABLES_precision": 0.4,
    "eval_NO_NORMALIZABLES_recall": 0.125,
    "eval_PROTEINAS_f1": 0.8846407382992749,
    "eval_PROTEINAS_number": 736,
    "eval_PROTEINAS_precision": 0.8591549295774648,
    "eval_PROTEINAS_recall": 0.9116847826086957,
    "eval_UNCLEAR_f1": 0.8936170212765958,
    "eval_UNCLEAR_number": 44,
    "eval_UNCLEAR_precision": 0.84,
    "eval_UNCLEAR_recall": 0.9545454545454546,
    "eval_loss": 0.04169093444943428,
    "eval_overall_accuracy": 0.9949181102502608,
    "eval_overall_f1": 0.9020323084940073,
    "eval_overall_precision": 0.8931888544891641,
    "eval_overall_recall": 0.9110526315789473,
    "eval_runtime": 138.4143,
    "eval_samples_per_second": 27.36,
    "eval_steps_per_second": 6.842
}