{
    "NORMALIZABLES_f1": 0.9264475743348982,
    "NORMALIZABLES_number": 961,
    "NORMALIZABLES_precision": 0.9288702928870293,
    "NORMALIZABLES_recall": 0.9240374609781478,
    "NO_NORMALIZABLES_f1": 0.0,
    "NO_NORMALIZABLES_number": 10,
    "NO_NORMALIZABLES_precision": 0.0,
    "NO_NORMALIZABLES_recall": 0.0,
    "PROTEINAS_f1": 0.8485895221646518,
    "PROTEINAS_number": 835,
    "PROTEINAS_precision": 0.8170731707317073,
    "PROTEINAS_recall": 0.8826347305389222,
    "UNCLEAR_f1": 0.8656716417910447,
    "UNCLEAR_number": 34,
    "UNCLEAR_precision": 0.8787878787878788,
    "UNCLEAR_recall": 0.8529411764705882,
    "overall_accuracy": 0.9949782016114469,
    "overall_f1": 0.8856760374832664,
    "overall_precision": 0.8728232189973615,
    "overall_recall": 0.8989130434782608
}