{
    "FAMILIAR_f1": 0.47058823529411764,
    "FAMILIAR_number": 51,
    "FAMILIAR_precision": 0.47058823529411764,
    "FAMILIAR_recall": 0.47058823529411764,
    "OTROS_f1": 0.6906474820143884,
    "OTROS_number": 146,
    "OTROS_precision": 0.7272727272727273,
    "OTROS_recall": 0.6575342465753424,
    "PACIENTE_f1": 0.6387434554973822,
    "PACIENTE_number": 590,
    "PACIENTE_precision": 0.658273381294964,
    "PACIENTE_recall": 0.6203389830508474,
    "SANITARIO_f1": 0.9051580698835274,
    "SANITARIO_number": 291,
    "SANITARIO_precision": 0.8774193548387097,
    "SANITARIO_recall": 0.9347079037800687,
    "epoch": 10.0,
    "eval_FAMILIAR_f1": 0.6666666666666667,
    "eval_FAMILIAR_number": 56,
    "eval_FAMILIAR_precision": 0.639344262295082,
    "eval_FAMILIAR_recall": 0.6964285714285714,
    "eval_OTROS_f1": 0.758169934640523,
    "eval_OTROS_number": 162,
    "eval_OTROS_precision": 0.8055555555555556,
    "eval_OTROS_recall": 0.7160493827160493,
    "eval_PACIENTE_f1": 0.6273458445040214,
    "eval_PACIENTE_number": 362,
    "eval_PACIENTE_precision": 0.609375,
    "eval_PACIENTE_recall": 0.6464088397790055,
    "eval_SANITARIO_f1": 0.8715277777777777,
    "eval_SANITARIO_number": 277,
    "eval_SANITARIO_precision": 0.8394648829431438,
    "eval_SANITARIO_recall": 0.9061371841155235,
    "eval_loss": 0.021375223994255066,
    "eval_overall_accuracy": 0.9965057249786935,
    "eval_overall_f1": 0.7335243553008597,
    "eval_overall_precision": 0.7207207207207207,
    "eval_overall_recall": 0.7467911318553092,
    "eval_runtime": 8.2483,
    "eval_samples_per_second": 75.53,
    "eval_steps_per_second": 2.425,
    "overall_accuracy": 0.9953891755406741,
    "overall_f1": 0.7127409496944054,
    "overall_precision": 0.7225929456625357,
    "overall_recall": 0.7031539888682746,
    "total_flos": 6963999266764800.0,
    "train_loss": 0.014125785018716539,
    "train_runtime": 1045.9376,
    "train_samples_per_second": 25.48,
    "train_steps_per_second": 0.803
}