{
    "FAMILIAR_f1": 0.47058823529411764,
    "FAMILIAR_number": 51,
    "FAMILIAR_precision": 0.47058823529411764,
    "FAMILIAR_recall": 0.47058823529411764,
    "OTROS_f1": 0.6906474820143884,
    "OTROS_number": 146,
    "OTROS_precision": 0.7272727272727273,
    "OTROS_recall": 0.6575342465753424,
    "PACIENTE_f1": 0.6387434554973822,
    "PACIENTE_number": 590,
    "PACIENTE_precision": 0.658273381294964,
    "PACIENTE_recall": 0.6203389830508474,
    "SANITARIO_f1": 0.9051580698835274,
    "SANITARIO_number": 291,
    "SANITARIO_precision": 0.8774193548387097,
    "SANITARIO_recall": 0.9347079037800687,
    "overall_accuracy": 0.9953891755406741,
    "overall_f1": 0.7127409496944054,
    "overall_precision": 0.7225929456625357,
    "overall_recall": 0.7031539888682746
}