{
    "epoch": 10.0,
    "eval_NORMALIZABLES_f1": 0.8979591836734694,
    "eval_NORMALIZABLES_number": 1348,
    "eval_NORMALIZABLES_precision": 0.8825214899713467,
    "eval_NORMALIZABLES_recall": 0.913946587537092,
    "eval_NO_NORMALIZABLES_f1": 0.14814814814814814,
    "eval_NO_NORMALIZABLES_number": 18,
    "eval_NO_NORMALIZABLES_precision": 0.2222222222222222,
    "eval_NO_NORMALIZABLES_recall": 0.1111111111111111,
    "eval_PROTEINAS_f1": 0.8710217755443885,
    "eval_PROTEINAS_number": 887,
    "eval_PROTEINAS_precision": 0.8628318584070797,
    "eval_PROTEINAS_recall": 0.8793686583990981,
    "eval_UNCLEAR_f1": 0.8125,
    "eval_UNCLEAR_number": 45,
    "eval_UNCLEAR_precision": 0.7647058823529411,
    "eval_UNCLEAR_recall": 0.8666666666666667,
    "eval_loss": 0.02395845390856266,
    "eval_overall_accuracy": 0.995573965243537,
    "eval_overall_f1": 0.8814942035208243,
    "eval_overall_precision": 0.8699152542372881,
    "eval_overall_recall": 0.8933855526544822,
    "eval_runtime": 6.903,
    "eval_samples_per_second": 68.087,
    "eval_steps_per_second": 8.547
}