{
    "NORMALIZABLES_f1": 0.8990918264379414,
    "NORMALIZABLES_number": 973,
    "NORMALIZABLES_precision": 0.8830525272547076,
    "NORMALIZABLES_recall": 0.9157245632065776,
    "NO_NORMALIZABLES_f1": 0.0,
    "NO_NORMALIZABLES_number": 10,
    "NO_NORMALIZABLES_precision": 0.0,
    "NO_NORMALIZABLES_recall": 0.0,
    "PROTEINAS_f1": 0.8530092592592593,
    "PROTEINAS_number": 840,
    "PROTEINAS_precision": 0.829954954954955,
    "PROTEINAS_recall": 0.8773809523809524,
    "UNCLEAR_f1": 0.6133333333333334,
    "UNCLEAR_number": 34,
    "UNCLEAR_precision": 0.5609756097560976,
    "UNCLEAR_recall": 0.6764705882352942,
    "overall_accuracy": 0.9958078269775862,
    "overall_f1": 0.8691760989734141,
    "overall_precision": 0.8501544799176107,
    "overall_recall": 0.8890683898761443
}