{
    "FARMACO_f1": 0.8958274198126598,
    "FARMACO_number": 1716,
    "FARMACO_precision": 0.8732706142778085,
    "FARMACO_recall": 0.9195804195804196,
    "epoch": 10.0,
    "eval_FARMACO_f1": 0.880012338062924,
    "eval_FARMACO_number": 3137,
    "eval_FARMACO_precision": 0.8524051389303854,
    "eval_FARMACO_recall": 0.9094676442460949,
    "eval_loss": 0.013683014549314976,
    "eval_overall_accuracy": 0.9979962061503113,
    "eval_overall_f1": 0.880012338062924,
    "eval_overall_precision": 0.8524051389303854,
    "eval_overall_recall": 0.9094676442460949,
    "eval_runtime": 18.7237,
    "eval_samples_per_second": 75.519,
    "eval_steps_per_second": 9.453,
    "overall_accuracy": 0.9982302310650124,
    "overall_f1": 0.8958274198126598,
    "overall_precision": 0.8732706142778085,
    "overall_recall": 0.9195804195804196,
    "total_flos": 5017866589745856.0,
    "train_loss": 0.0039039621029157362,
    "train_runtime": 1224.5649,
    "train_samples_per_second": 15.695,
    "train_steps_per_second": 1.968
}