{
    "NORMALIZABLES_f1": 0.9125821121778677,
    "NORMALIZABLES_number": 978,
    "NORMALIZABLES_precision": 0.9020979020979021,
    "NORMALIZABLES_recall": 0.9233128834355828,
    "NO_NORMALIZABLES_f1": 0.0,
    "NO_NORMALIZABLES_number": 10,
    "NO_NORMALIZABLES_precision": 0.0,
    "NO_NORMALIZABLES_recall": 0.0,
    "PROTEINAS_f1": 0.8453494771601541,
    "PROTEINAS_number": 869,
    "PROTEINAS_precision": 0.810126582278481,
    "PROTEINAS_recall": 0.8837744533947065,
    "UNCLEAR_f1": 0.8450704225352113,
    "UNCLEAR_number": 35,
    "UNCLEAR_precision": 0.8333333333333334,
    "UNCLEAR_recall": 0.8571428571428571,
    "epoch": 10.0,
    "eval_NORMALIZABLES_f1": 0.9013333333333332,
    "eval_NORMALIZABLES_number": 1122,
    "eval_NORMALIZABLES_precision": 0.898936170212766,
    "eval_NORMALIZABLES_recall": 0.9037433155080213,
    "eval_NO_NORMALIZABLES_f1": 0.13793103448275862,
    "eval_NO_NORMALIZABLES_number": 16,
    "eval_NO_NORMALIZABLES_precision": 0.15384615384615385,
    "eval_NO_NORMALIZABLES_recall": 0.125,
    "eval_PROTEINAS_f1": 0.8742058449809402,
    "eval_PROTEINAS_number": 757,
    "eval_PROTEINAS_precision": 0.8421052631578947,
    "eval_PROTEINAS_recall": 0.9088507265521797,
    "eval_UNCLEAR_f1": 0.8282828282828283,
    "eval_UNCLEAR_number": 44,
    "eval_UNCLEAR_precision": 0.7454545454545455,
    "eval_UNCLEAR_recall": 0.9318181818181818,
    "eval_loss": 0.03763099014759064,
    "eval_overall_accuracy": 0.99471257853376,
    "eval_overall_f1": 0.8830971659919028,
    "eval_overall_precision": 0.8668653750620964,
    "eval_overall_recall": 0.8999484270242393,
    "eval_runtime": 16.588,
    "eval_samples_per_second": 228.298,
    "eval_steps_per_second": 14.287,
    "overall_accuracy": 0.9950295620803687,
    "overall_f1": 0.8750000000000001,
    "overall_precision": 0.8522044088176353,
    "overall_recall": 0.8990486257928119,
    "total_flos": 1.415861923309488e+16,
    "train_loss": 0.009882408228642463,
    "train_runtime": 2366.1642,
    "train_samples_per_second": 34.355,
    "train_steps_per_second": 2.151
}