{
    "epoch": 10.0,
    "eval_NORMALIZABLES_f1": 0.9013333333333332,
    "eval_NORMALIZABLES_number": 1122,
    "eval_NORMALIZABLES_precision": 0.898936170212766,
    "eval_NORMALIZABLES_recall": 0.9037433155080213,
    "eval_NO_NORMALIZABLES_f1": 0.13793103448275862,
    "eval_NO_NORMALIZABLES_number": 16,
    "eval_NO_NORMALIZABLES_precision": 0.15384615384615385,
    "eval_NO_NORMALIZABLES_recall": 0.125,
    "eval_PROTEINAS_f1": 0.8742058449809402,
    "eval_PROTEINAS_number": 757,
    "eval_PROTEINAS_precision": 0.8421052631578947,
    "eval_PROTEINAS_recall": 0.9088507265521797,
    "eval_UNCLEAR_f1": 0.8282828282828283,
    "eval_UNCLEAR_number": 44,
    "eval_UNCLEAR_precision": 0.7454545454545455,
    "eval_UNCLEAR_recall": 0.9318181818181818,
    "eval_loss": 0.03763099014759064,
    "eval_overall_accuracy": 0.99471257853376,
    "eval_overall_f1": 0.8830971659919028,
    "eval_overall_precision": 0.8668653750620964,
    "eval_overall_recall": 0.8999484270242393,
    "eval_runtime": 16.588,
    "eval_samples_per_second": 228.298,
    "eval_steps_per_second": 14.287
}