{
    "NORMALIZABLES_f1": 0.9125821121778677,
    "NORMALIZABLES_number": 978,
    "NORMALIZABLES_precision": 0.9020979020979021,
    "NORMALIZABLES_recall": 0.9233128834355828,
    "NO_NORMALIZABLES_f1": 0.0,
    "NO_NORMALIZABLES_number": 10,
    "NO_NORMALIZABLES_precision": 0.0,
    "NO_NORMALIZABLES_recall": 0.0,
    "PROTEINAS_f1": 0.8453494771601541,
    "PROTEINAS_number": 869,
    "PROTEINAS_precision": 0.810126582278481,
    "PROTEINAS_recall": 0.8837744533947065,
    "UNCLEAR_f1": 0.8450704225352113,
    "UNCLEAR_number": 35,
    "UNCLEAR_precision": 0.8333333333333334,
    "UNCLEAR_recall": 0.8571428571428571,
    "overall_accuracy": 0.9950295620803687,
    "overall_f1": 0.8750000000000001,
    "overall_precision": 0.8522044088176353,
    "overall_recall": 0.8990486257928119
}