{
    "epoch": 10.0,
    "total_flos": 1.415861923309488e+16,
    "train_loss": 0.009882408228642463,
    "train_runtime": 2366.1642,
    "train_samples_per_second": 34.355,
    "train_steps_per_second": 2.151
}