{
    "ENFERMEDAD_f1": 0.7557137504683402,
    "ENFERMEDAD_number": 2611,
    "ENFERMEDAD_precision": 0.7396406307297396,
    "ENFERMEDAD_recall": 0.7725009574875527,
    "epoch": 10.0,
    "eval_ENFERMEDAD_f1": 0.735038084874864,
    "eval_ENFERMEDAD_number": 1801,
    "eval_ENFERMEDAD_precision": 0.7205333333333334,
    "eval_ENFERMEDAD_recall": 0.7501388117712382,
    "eval_loss": 0.2451392412185669,
    "eval_overall_accuracy": 0.9654744532793313,
    "eval_overall_f1": 0.735038084874864,
    "eval_overall_precision": 0.7205333333333334,
    "eval_overall_recall": 0.7501388117712382,
    "eval_runtime": 5.9669,
    "eval_samples_per_second": 42.4,
    "eval_steps_per_second": 5.363,
    "overall_accuracy": 0.9665803702654963,
    "overall_f1": 0.7557137504683402,
    "overall_precision": 0.7396406307297396,
    "overall_recall": 0.7725009574875527,
    "total_flos": 9777634496841408.0,
    "train_loss": 0.03465882819710356,
    "train_runtime": 1947.2543,
    "train_samples_per_second": 5.413,
    "train_steps_per_second": 0.678
}