{
    "FAMILIAR_f1": 0.6607142857142857,
    "FAMILIAR_number": 51,
    "FAMILIAR_precision": 0.6065573770491803,
    "FAMILIAR_recall": 0.7254901960784313,
    "OTROS_f1": 0.6763636363636364,
    "OTROS_number": 148,
    "OTROS_precision": 0.7322834645669292,
    "OTROS_recall": 0.6283783783783784,
    "PACIENTE_f1": 0.6780238500851788,
    "PACIENTE_number": 590,
    "PACIENTE_precision": 0.6815068493150684,
    "PACIENTE_recall": 0.6745762711864407,
    "SANITARIO_f1": 0.9123376623376622,
    "SANITARIO_number": 302,
    "SANITARIO_precision": 0.8949044585987261,
    "SANITARIO_recall": 0.9304635761589404,
    "epoch": 10.0,
    "eval_FAMILIAR_f1": 0.7833333333333334,
    "eval_FAMILIAR_number": 57,
    "eval_FAMILIAR_precision": 0.746031746031746,
    "eval_FAMILIAR_recall": 0.8245614035087719,
    "eval_OTROS_f1": 0.75,
    "eval_OTROS_number": 160,
    "eval_OTROS_precision": 0.8161764705882353,
    "eval_OTROS_recall": 0.69375,
    "eval_PACIENTE_f1": 0.6984993178717599,
    "eval_PACIENTE_number": 351,
    "eval_PACIENTE_precision": 0.6701570680628273,
    "eval_PACIENTE_recall": 0.7293447293447294,
    "eval_SANITARIO_f1": 0.8850393700787402,
    "eval_SANITARIO_number": 306,
    "eval_SANITARIO_precision": 0.8541033434650456,
    "eval_SANITARIO_recall": 0.9183006535947712,
    "eval_loss": 0.0180410984903574,
    "eval_overall_accuracy": 0.9972304796618018,
    "eval_overall_f1": 0.7791479820627804,
    "eval_overall_precision": 0.7637362637362637,
    "eval_overall_recall": 0.7951945080091534,
    "eval_runtime": 17.8559,
    "eval_samples_per_second": 42.619,
    "eval_steps_per_second": 5.376,
    "overall_accuracy": 0.9960475468375483,
    "overall_f1": 0.7432246210381259,
    "overall_precision": 0.7449355432780848,
    "overall_recall": 0.7415215398716773,
    "total_flos": 2.968217991794688e+16,
    "train_loss": 0.005326043792068958,
    "train_runtime": 3641.0708,
    "train_samples_per_second": 8.778,
    "train_steps_per_second": 1.099
}