{
    "FAMILIAR_f1": 0.6607142857142857,
    "FAMILIAR_number": 51,
    "FAMILIAR_precision": 0.6065573770491803,
    "FAMILIAR_recall": 0.7254901960784313,
    "OTROS_f1": 0.6763636363636364,
    "OTROS_number": 148,
    "OTROS_precision": 0.7322834645669292,
    "OTROS_recall": 0.6283783783783784,
    "PACIENTE_f1": 0.6780238500851788,
    "PACIENTE_number": 590,
    "PACIENTE_precision": 0.6815068493150684,
    "PACIENTE_recall": 0.6745762711864407,
    "SANITARIO_f1": 0.9123376623376622,
    "SANITARIO_number": 302,
    "SANITARIO_precision": 0.8949044585987261,
    "SANITARIO_recall": 0.9304635761589404,
    "overall_accuracy": 0.9960475468375483,
    "overall_f1": 0.7432246210381259,
    "overall_precision": 0.7449355432780848,
    "overall_recall": 0.7415215398716773
}