{
    "epoch": 9.848,
    "eval_CALLE_f1": 0.9078498293515358,
    "eval_CALLE_number": 434,
    "eval_CALLE_precision": 0.8966292134831461,
    "eval_CALLE_recall": 0.9193548387096774,
    "eval_CENTRO_SALUD_f1": 0.0,
    "eval_CENTRO_SALUD_number": 2,
    "eval_CENTRO_SALUD_precision": 0.0,
    "eval_CENTRO_SALUD_recall": 0.0,
    "eval_CORREO_ELECTRONICO_f1": 0.9768421052631578,
    "eval_CORREO_ELECTRONICO_number": 235,
    "eval_CORREO_ELECTRONICO_precision": 0.9666666666666667,
    "eval_CORREO_ELECTRONICO_recall": 0.9872340425531915,
    "eval_EDAD_SUJETO_ASISTENCIA_f1": 0.9678048780487805,
    "eval_EDAD_SUJETO_ASISTENCIA_number": 521,
    "eval_EDAD_SUJETO_ASISTENCIA_precision": 0.9841269841269841,
    "eval_EDAD_SUJETO_ASISTENCIA_recall": 0.9520153550863724,
    "eval_FAMILIARES_SUJETO_ASISTENCIA_f1": 0.7127659574468085,
    "eval_FAMILIARES_SUJETO_ASISTENCIA_number": 92,
    "eval_FAMILIARES_SUJETO_ASISTENCIA_precision": 0.6979166666666666,
    "eval_FAMILIARES_SUJETO_ASISTENCIA_recall": 0.7282608695652174,
    "eval_FECHAS_f1": 0.9623955431754874,
    "eval_FECHAS_number": 724,
    "eval_FECHAS_precision": 0.9705056179775281,
    "eval_FECHAS_recall": 0.9544198895027625,
    "eval_HOSPITAL_f1": 0.8540925266903915,
    "eval_HOSPITAL_number": 140,
    "eval_HOSPITAL_precision": 0.851063829787234,
    "eval_HOSPITAL_recall": 0.8571428571428571,
    "eval_ID_ASEGURAMIENTO_f1": 0.987012987012987,
    "eval_ID_ASEGURAMIENTO_number": 194,
    "eval_ID_ASEGURAMIENTO_precision": 0.9947643979057592,
    "eval_ID_ASEGURAMIENTO_recall": 0.979381443298969,
    "eval_ID_CONTACTO_ASISTENCIAL_f1": 0.96875,
    "eval_ID_CONTACTO_ASISTENCIAL_number": 32,
    "eval_ID_CONTACTO_ASISTENCIAL_precision": 0.96875,
    "eval_ID_CONTACTO_ASISTENCIAL_recall": 0.96875,
    "eval_ID_SUJETO_ASISTENCIA_f1": 0.9517241379310345,
    "eval_ID_SUJETO_ASISTENCIA_number": 292,
    "eval_ID_SUJETO_ASISTENCIA_precision": 0.9583333333333334,
    "eval_ID_SUJETO_ASISTENCIA_recall": 0.9452054794520548,
    "eval_ID_TITULACION_PERSONAL_SANITARIO_f1": 0.9755011135857461,
    "eval_ID_TITULACION_PERSONAL_SANITARIO_number": 226,
    "eval_ID_TITULACION_PERSONAL_SANITARIO_precision": 0.9820627802690582,
    "eval_ID_TITULACION_PERSONAL_SANITARIO_recall": 0.9690265486725663,
    "eval_INSTITUCION_f1": 0.6913580246913581,
    "eval_INSTITUCION_number": 72,
    "eval_INSTITUCION_precision": 0.6222222222222222,
    "eval_INSTITUCION_recall": 0.7777777777777778,
    "eval_NOMBRE_PERSONAL_SANITARIO_f1": 0.9594320486815416,
    "eval_NOMBRE_PERSONAL_SANITARIO_number": 497,
    "eval_NOMBRE_PERSONAL_SANITARIO_precision": 0.967280163599182,
    "eval_NOMBRE_PERSONAL_SANITARIO_recall": 0.9517102615694165,
    "eval_NOMBRE_SUJETO_ASISTENCIA_f1": 0.9797979797979798,
    "eval_NOMBRE_SUJETO_ASISTENCIA_number": 503,
    "eval_NOMBRE_SUJETO_ASISTENCIA_precision": 0.9958932238193019,
    "eval_NOMBRE_SUJETO_ASISTENCIA_recall": 0.9642147117296223,
    "eval_NUMERO_FAX_f1": 0.7272727272727272,
    "eval_NUMERO_FAX_number": 6,
    "eval_NUMERO_FAX_precision": 0.8,
    "eval_NUMERO_FAX_recall": 0.6666666666666666,
    "eval_NUMERO_TELEFONO_f1": 0.8400000000000001,
    "eval_NUMERO_TELEFONO_number": 24,
    "eval_NUMERO_TELEFONO_precision": 0.8076923076923077,
    "eval_NUMERO_TELEFONO_recall": 0.875,
    "eval_OTROS_SUJETO_ASISTENCIA_f1": 0.0,
    "eval_OTROS_SUJETO_ASISTENCIA_number": 6,
    "eval_OTROS_SUJETO_ASISTENCIA_precision": 0.0,
    "eval_OTROS_SUJETO_ASISTENCIA_recall": 0.0,
    "eval_PAIS_f1": 0.979591836734694,
    "eval_PAIS_number": 347,
    "eval_PAIS_precision": 0.9911504424778761,
    "eval_PAIS_recall": 0.968299711815562,
    "eval_PROFESION_f1": 0.6666666666666665,
    "eval_PROFESION_number": 4,
    "eval_PROFESION_precision": 0.6,
    "eval_PROFESION_recall": 0.75,
    "eval_SEXO_SUJETO_ASISTENCIA_f1": 0.9711111111111111,
    "eval_SEXO_SUJETO_ASISTENCIA_number": 455,
    "eval_SEXO_SUJETO_ASISTENCIA_precision": 0.9820224719101124,
    "eval_SEXO_SUJETO_ASISTENCIA_recall": 0.9604395604395605,
    "eval_TERRITORIO_f1": 0.9632277834525025,
    "eval_TERRITORIO_number": 975,
    "eval_TERRITORIO_precision": 0.9593082400813835,
    "eval_TERRITORIO_recall": 0.9671794871794872,
    "eval_loss": 0.04865913838148117,
    "eval_overall_accuracy": 0.9916109834733452,
    "eval_overall_f1": 0.9506376333824932,
    "eval_overall_precision": 0.9535328924469196,
    "eval_overall_recall": 0.9477599031309462,
    "eval_runtime": 7.4521,
    "eval_samples_per_second": 33.548,
    "eval_steps_per_second": 8.454
}