{
    "CALLE_f1": 0.9404761904761906,
    "CALLE_number": 413,
    "CALLE_precision": 0.9250585480093677,
    "CALLE_recall": 0.9564164648910412,
    "CENTRO_SALUD_f1": 0.3636363636363636,
    "CENTRO_SALUD_number": 6,
    "CENTRO_SALUD_precision": 0.4,
    "CENTRO_SALUD_recall": 0.3333333333333333,
    "CORREO_ELECTRONICO_f1": 0.9900199600798402,
    "CORREO_ELECTRONICO_number": 249,
    "CORREO_ELECTRONICO_precision": 0.9841269841269841,
    "CORREO_ELECTRONICO_recall": 0.9959839357429718,
    "EDAD_SUJETO_ASISTENCIA_f1": 0.9808795411089866,
    "EDAD_SUJETO_ASISTENCIA_number": 518,
    "EDAD_SUJETO_ASISTENCIA_precision": 0.9715909090909091,
    "EDAD_SUJETO_ASISTENCIA_recall": 0.9903474903474904,
    "FAMILIARES_SUJETO_ASISTENCIA_f1": 0.7314285714285713,
    "FAMILIARES_SUJETO_ASISTENCIA_number": 81,
    "FAMILIARES_SUJETO_ASISTENCIA_precision": 0.6808510638297872,
    "FAMILIARES_SUJETO_ASISTENCIA_recall": 0.7901234567901234,
    "FECHAS_f1": 0.9853420195439738,
    "FECHAS_number": 611,
    "FECHAS_precision": 0.9805510534846029,
    "FECHAS_recall": 0.9901800327332242,
    "HOSPITAL_f1": 0.8988764044943821,
    "HOSPITAL_number": 130,
    "HOSPITAL_precision": 0.8759124087591241,
    "HOSPITAL_recall": 0.9230769230769231,
    "ID_ASEGURAMIENTO_f1": 0.9949494949494949,
    "ID_ASEGURAMIENTO_number": 198,
    "ID_ASEGURAMIENTO_precision": 0.9949494949494949,
    "ID_ASEGURAMIENTO_recall": 0.9949494949494949,
    "ID_CONTACTO_ASISTENCIAL_f1": 1.0,
    "ID_CONTACTO_ASISTENCIAL_number": 39,
    "ID_CONTACTO_ASISTENCIAL_precision": 1.0,
    "ID_CONTACTO_ASISTENCIAL_recall": 1.0,
    "ID_SUJETO_ASISTENCIA_f1": 0.9825174825174825,
    "ID_SUJETO_ASISTENCIA_number": 283,
    "ID_SUJETO_ASISTENCIA_precision": 0.972318339100346,
    "ID_SUJETO_ASISTENCIA_recall": 0.9929328621908127,
    "ID_TITULACION_PERSONAL_SANITARIO_f1": 0.9978678038379531,
    "ID_TITULACION_PERSONAL_SANITARIO_number": 234,
    "ID_TITULACION_PERSONAL_SANITARIO_precision": 0.9957446808510638,
    "ID_TITULACION_PERSONAL_SANITARIO_recall": 1.0,
    "INSTITUCION_f1": 0.4817518248175182,
    "INSTITUCION_number": 67,
    "INSTITUCION_precision": 0.4714285714285714,
    "INSTITUCION_recall": 0.4925373134328358,
    "NOMBRE_PERSONAL_SANITARIO_f1": 0.9940357852882703,
    "NOMBRE_PERSONAL_SANITARIO_number": 501,
    "NOMBRE_PERSONAL_SANITARIO_precision": 0.9900990099009901,
    "NOMBRE_PERSONAL_SANITARIO_recall": 0.998003992015968,
    "NOMBRE_SUJETO_ASISTENCIA_f1": 1.0,
    "NOMBRE_SUJETO_ASISTENCIA_number": 502,
    "NOMBRE_SUJETO_ASISTENCIA_precision": 1.0,
    "NOMBRE_SUJETO_ASISTENCIA_recall": 1.0,
    "NUMERO_FAX_f1": 0.7999999999999999,
    "NUMERO_FAX_number": 7,
    "NUMERO_FAX_precision": 0.75,
    "NUMERO_FAX_recall": 0.8571428571428571,
    "NUMERO_TELEFONO_f1": 0.8727272727272727,
    "NUMERO_TELEFONO_number": 26,
    "NUMERO_TELEFONO_precision": 0.8275862068965517,
    "NUMERO_TELEFONO_recall": 0.9230769230769231,
    "OTROS_SUJETO_ASISTENCIA_f1": 0.0,
    "OTROS_SUJETO_ASISTENCIA_number": 7,
    "OTROS_SUJETO_ASISTENCIA_precision": 0.0,
    "OTROS_SUJETO_ASISTENCIA_recall": 0.0,
    "PAIS_f1": 0.9794801641586868,
    "PAIS_number": 363,
    "PAIS_precision": 0.9728260869565217,
    "PAIS_recall": 0.9862258953168044,
    "PROFESION_f1": 0.5384615384615384,
    "PROFESION_number": 9,
    "PROFESION_precision": 0.4117647058823529,
    "PROFESION_recall": 0.7777777777777778,
    "SEXO_SUJETO_ASISTENCIA_f1": 0.9881081081081081,
    "SEXO_SUJETO_ASISTENCIA_number": 461,
    "SEXO_SUJETO_ASISTENCIA_precision": 0.9849137931034483,
    "SEXO_SUJETO_ASISTENCIA_recall": 0.9913232104121475,
    "TERRITORIO_f1": 0.9708636836628513,
    "TERRITORIO_number": 956,
    "TERRITORIO_precision": 0.9658385093167702,
    "TERRITORIO_recall": 0.9759414225941423,
    "overall_accuracy": 0.9968221126446465,
    "overall_f1": 0.9671369730961353,
    "overall_precision": 0.9596521739130435,
    "overall_recall": 0.9747394453276806
}