{
    "epoch": 10.0,
    "eval_ENFERMEDAD_f1": 0.7122847301951779,
    "eval_ENFERMEDAD_number": 10305,
    "eval_ENFERMEDAD_precision": 0.6761115954664342,
    "eval_ENFERMEDAD_recall": 0.75254730713246,
    "eval_loss": 0.22442729771137238,
    "eval_overall_accuracy": 0.9628710051573083,
    "eval_overall_f1": 0.7122847301951779,
    "eval_overall_precision": 0.6761115954664342,
    "eval_overall_recall": 0.75254730713246,
    "eval_runtime": 23.1758,
    "eval_samples_per_second": 12.815,
    "eval_steps_per_second": 3.236
}