{
    "epoch": 10.0,
    "eval_ENFERMEDAD_f1": 0.7085561497326204,
    "eval_ENFERMEDAD_number": 12522,
    "eval_ENFERMEDAD_precision": 0.6979085979860573,
    "eval_ENFERMEDAD_recall": 0.7195336208273438,
    "eval_loss": 0.20915573835372925,
    "eval_overall_accuracy": 0.9645756087784347,
    "eval_overall_f1": 0.7085561497326204,
    "eval_overall_precision": 0.6979085979860573,
    "eval_overall_recall": 0.7195336208273438,
    "eval_runtime": 13.8741,
    "eval_samples_per_second": 72.077,
    "eval_steps_per_second": 9.01
}