{
    "ENFERMEDAD_f1": 0.7523629489603024,
    "ENFERMEDAD_number": 2550,
    "ENFERMEDAD_precision": 0.7262773722627737,
    "ENFERMEDAD_recall": 0.7803921568627451,
    "epoch": 10.0,
    "eval_ENFERMEDAD_f1": 0.7482148401117665,
    "eval_ENFERMEDAD_number": 1559,
    "eval_ENFERMEDAD_precision": 0.7250300842358605,
    "eval_ENFERMEDAD_recall": 0.7729313662604234,
    "eval_loss": 0.15815269947052002,
    "eval_overall_accuracy": 0.9702152971216341,
    "eval_overall_f1": 0.7482148401117665,
    "eval_overall_precision": 0.7250300842358605,
    "eval_overall_recall": 0.7729313662604234,
    "eval_runtime": 3.4989,
    "eval_samples_per_second": 42.87,
    "eval_steps_per_second": 10.86,
    "overall_accuracy": 0.9706761140515622,
    "overall_f1": 0.7523629489603024,
    "overall_precision": 0.7262773722627737,
    "overall_recall": 0.7803921568627451,
    "total_flos": 2782933889020992.0,
    "train_loss": 0.032660448948542274,
    "train_runtime": 763.6598,
    "train_samples_per_second": 7.857,
    "train_steps_per_second": 0.982
}