{
    "ACTIVIDAD_f1": 0.3461538461538462,
    "ACTIVIDAD_number": 28,
    "ACTIVIDAD_precision": 0.375,
    "ACTIVIDAD_recall": 0.32142857142857145,
    "PROFESION_f1": 0.8277340957827019,
    "PROFESION_number": 695,
    "PROFESION_precision": 0.8224431818181818,
    "PROFESION_recall": 0.8330935251798561,
    "SITUACION_LABORAL_f1": 0.5919778699861687,
    "SITUACION_LABORAL_number": 356,
    "SITUACION_LABORAL_precision": 0.5831062670299727,
    "SITUACION_LABORAL_recall": 0.601123595505618,
    "epoch": 10.0,
    "eval_ACTIVIDAD_f1": 0.37837837837837834,
    "eval_ACTIVIDAD_number": 18,
    "eval_ACTIVIDAD_precision": 0.3684210526315789,
    "eval_ACTIVIDAD_recall": 0.3888888888888889,
    "eval_PROFESION_f1": 0.8352941176470587,
    "eval_PROFESION_number": 495,
    "eval_PROFESION_precision": 0.8114285714285714,
    "eval_PROFESION_recall": 0.8606060606060606,
    "eval_SITUACION_LABORAL_f1": 0.6416040100250625,
    "eval_SITUACION_LABORAL_number": 175,
    "eval_SITUACION_LABORAL_precision": 0.5714285714285714,
    "eval_SITUACION_LABORAL_recall": 0.7314285714285714,
    "eval_loss": 0.014449556358158588,
    "eval_overall_accuracy": 0.9968850143588037,
    "eval_overall_f1": 0.7706043956043955,
    "eval_overall_precision": 0.73046875,
    "eval_overall_recall": 0.815406976744186,
    "eval_runtime": 16.0403,
    "eval_samples_per_second": 16.272,
    "eval_steps_per_second": 4.115,
    "overall_accuracy": 0.9958047770650691,
    "overall_f1": 0.7378104875804968,
    "overall_precision": 0.7324200913242009,
    "overall_recall": 0.7432808155699722,
    "total_flos": 9905464568611200.0,
    "train_loss": 0.01231044617318015,
    "train_runtime": 2779.9665,
    "train_samples_per_second": 3.77,
    "train_steps_per_second": 0.471
}