{
    "ACTIVIDAD_f1": 0.3461538461538462,
    "ACTIVIDAD_number": 28,
    "ACTIVIDAD_precision": 0.375,
    "ACTIVIDAD_recall": 0.32142857142857145,
    "PROFESION_f1": 0.8277340957827019,
    "PROFESION_number": 695,
    "PROFESION_precision": 0.8224431818181818,
    "PROFESION_recall": 0.8330935251798561,
    "SITUACION_LABORAL_f1": 0.5919778699861687,
    "SITUACION_LABORAL_number": 356,
    "SITUACION_LABORAL_precision": 0.5831062670299727,
    "SITUACION_LABORAL_recall": 0.601123595505618,
    "overall_accuracy": 0.9958047770650691,
    "overall_f1": 0.7378104875804968,
    "overall_precision": 0.7324200913242009,
    "overall_recall": 0.7432808155699722
}