{
    "NORMALIZABLES_f1": 0.9290123456790123,
    "NORMALIZABLES_number": 961,
    "NORMALIZABLES_precision": 0.9186164801627671,
    "NORMALIZABLES_recall": 0.9396462018730489,
    "NO_NORMALIZABLES_f1": 0.0,
    "NO_NORMALIZABLES_number": 10,
    "NO_NORMALIZABLES_precision": 0.0,
    "NO_NORMALIZABLES_recall": 0.0,
    "PROTEINAS_f1": 0.853302162478083,
    "PROTEINAS_number": 835,
    "PROTEINAS_precision": 0.8333333333333334,
    "PROTEINAS_recall": 0.874251497005988,
    "UNCLEAR_f1": 0.8378378378378379,
    "UNCLEAR_number": 34,
    "UNCLEAR_precision": 0.775,
    "UNCLEAR_recall": 0.9117647058823529,
    "epoch": 9.990654205607477,
    "eval_NORMALIZABLES_f1": 0.9207207207207208,
    "eval_NORMALIZABLES_number": 1104,
    "eval_NORMALIZABLES_precision": 0.9157706093189965,
    "eval_NORMALIZABLES_recall": 0.9257246376811594,
    "eval_NO_NORMALIZABLES_f1": 0.17391304347826086,
    "eval_NO_NORMALIZABLES_number": 16,
    "eval_NO_NORMALIZABLES_precision": 0.2857142857142857,
    "eval_NO_NORMALIZABLES_recall": 0.125,
    "eval_PROTEINAS_f1": 0.8930987821380243,
    "eval_PROTEINAS_number": 736,
    "eval_PROTEINAS_precision": 0.889487870619946,
    "eval_PROTEINAS_recall": 0.8967391304347826,
    "eval_UNCLEAR_f1": 0.8631578947368421,
    "eval_UNCLEAR_number": 44,
    "eval_UNCLEAR_precision": 0.803921568627451,
    "eval_UNCLEAR_recall": 0.9318181818181818,
    "eval_loss": 0.038491420447826385,
    "eval_overall_accuracy": 0.9948557010778956,
    "eval_overall_f1": 0.9040880503144654,
    "eval_overall_precision": 0.9003131524008351,
    "eval_overall_recall": 0.9078947368421053,
    "eval_runtime": 42.753,
    "eval_samples_per_second": 88.579,
    "eval_steps_per_second": 22.151,
    "overall_accuracy": 0.9951759779178454,
    "overall_f1": 0.8896017107725206,
    "overall_precision": 0.8753287743293003,
    "overall_recall": 0.9043478260869565,
    "total_flos": 2832324460224480.0,
    "train_loss": 0.00829325723498473,
    "train_runtime": 3996.1422,
    "train_samples_per_second": 20.342,
    "train_steps_per_second": 2.542
}