{
    "epoch": 9.990654205607477,
    "eval_NORMALIZABLES_f1": 0.9207207207207208,
    "eval_NORMALIZABLES_number": 1104,
    "eval_NORMALIZABLES_precision": 0.9157706093189965,
    "eval_NORMALIZABLES_recall": 0.9257246376811594,
    "eval_NO_NORMALIZABLES_f1": 0.17391304347826086,
    "eval_NO_NORMALIZABLES_number": 16,
    "eval_NO_NORMALIZABLES_precision": 0.2857142857142857,
    "eval_NO_NORMALIZABLES_recall": 0.125,
    "eval_PROTEINAS_f1": 0.8930987821380243,
    "eval_PROTEINAS_number": 736,
    "eval_PROTEINAS_precision": 0.889487870619946,
    "eval_PROTEINAS_recall": 0.8967391304347826,
    "eval_UNCLEAR_f1": 0.8631578947368421,
    "eval_UNCLEAR_number": 44,
    "eval_UNCLEAR_precision": 0.803921568627451,
    "eval_UNCLEAR_recall": 0.9318181818181818,
    "eval_loss": 0.038491420447826385,
    "eval_overall_accuracy": 0.9948557010778956,
    "eval_overall_f1": 0.9040880503144654,
    "eval_overall_precision": 0.9003131524008351,
    "eval_overall_recall": 0.9078947368421053,
    "eval_runtime": 42.753,
    "eval_samples_per_second": 88.579,
    "eval_steps_per_second": 22.151
}