{
    "epoch": 9.990654205607477,
    "total_flos": 2832324460224480.0,
    "train_loss": 0.00829325723498473,
    "train_runtime": 3996.1422,
    "train_samples_per_second": 20.342,
    "train_steps_per_second": 2.542
}