{
    "NORMALIZABLES_f1": 0.9137055837563451,
    "NORMALIZABLES_number": 973,
    "NORMALIZABLES_precision": 0.9027081243731193,
    "NORMALIZABLES_recall": 0.9249743062692704,
    "NO_NORMALIZABLES_f1": 0.0,
    "NO_NORMALIZABLES_number": 10,
    "NO_NORMALIZABLES_precision": 0.0,
    "NO_NORMALIZABLES_recall": 0.0,
    "PROTEINAS_f1": 0.8807446189645143,
    "PROTEINAS_number": 840,
    "PROTEINAS_precision": 0.8612059158134243,
    "PROTEINAS_recall": 0.9011904761904762,
    "UNCLEAR_f1": 0.717948717948718,
    "UNCLEAR_number": 34,
    "UNCLEAR_precision": 0.6363636363636364,
    "UNCLEAR_recall": 0.8235294117647058,
    "epoch": 10.0,
    "eval_NORMALIZABLES_f1": 0.8985401459854014,
    "eval_NORMALIZABLES_number": 1348,
    "eval_NORMALIZABLES_precision": 0.8843390804597702,
    "eval_NORMALIZABLES_recall": 0.9132047477744807,
    "eval_NO_NORMALIZABLES_f1": 0.12903225806451615,
    "eval_NO_NORMALIZABLES_number": 18,
    "eval_NO_NORMALIZABLES_precision": 0.15384615384615385,
    "eval_NO_NORMALIZABLES_recall": 0.1111111111111111,
    "eval_PROTEINAS_f1": 0.8743718592964823,
    "eval_PROTEINAS_number": 887,
    "eval_PROTEINAS_precision": 0.8661504424778761,
    "eval_PROTEINAS_recall": 0.882750845546787,
    "eval_UNCLEAR_f1": 0.7727272727272727,
    "eval_UNCLEAR_number": 45,
    "eval_UNCLEAR_precision": 0.7906976744186046,
    "eval_UNCLEAR_recall": 0.7555555555555555,
    "eval_loss": 0.02489517629146576,
    "eval_overall_accuracy": 0.9955581955235021,
    "eval_overall_f1": 0.881720430107527,
    "eval_overall_precision": 0.8715986394557823,
    "eval_overall_recall": 0.8920800696257616,
    "eval_runtime": 6.0402,
    "eval_samples_per_second": 77.813,
    "eval_steps_per_second": 9.768,
    "overall_accuracy": 0.9962782554843628,
    "overall_f1": 0.8903566710700132,
    "overall_precision": 0.8739626556016598,
    "overall_recall": 0.9073774905761982,
    "total_flos": 2529166378212864.0,
    "train_loss": 0.0146293876092296,
    "train_runtime": 786.7403,
    "train_samples_per_second": 12.304,
    "train_steps_per_second": 1.538
}