{
    "epoch": 10.0,
    "eval_NORMALIZABLES_f1": 0.8985401459854014,
    "eval_NORMALIZABLES_number": 1348,
    "eval_NORMALIZABLES_precision": 0.8843390804597702,
    "eval_NORMALIZABLES_recall": 0.9132047477744807,
    "eval_NO_NORMALIZABLES_f1": 0.12903225806451615,
    "eval_NO_NORMALIZABLES_number": 18,
    "eval_NO_NORMALIZABLES_precision": 0.15384615384615385,
    "eval_NO_NORMALIZABLES_recall": 0.1111111111111111,
    "eval_PROTEINAS_f1": 0.8743718592964823,
    "eval_PROTEINAS_number": 887,
    "eval_PROTEINAS_precision": 0.8661504424778761,
    "eval_PROTEINAS_recall": 0.882750845546787,
    "eval_UNCLEAR_f1": 0.7727272727272727,
    "eval_UNCLEAR_number": 45,
    "eval_UNCLEAR_precision": 0.7906976744186046,
    "eval_UNCLEAR_recall": 0.7555555555555555,
    "eval_loss": 0.02489517629146576,
    "eval_overall_accuracy": 0.9955581955235021,
    "eval_overall_f1": 0.881720430107527,
    "eval_overall_precision": 0.8715986394557823,
    "eval_overall_recall": 0.8920800696257616,
    "eval_runtime": 6.0402,
    "eval_samples_per_second": 77.813,
    "eval_steps_per_second": 9.768
}