{
    "NORMALIZABLES_f1": 0.9137055837563451,
    "NORMALIZABLES_number": 973,
    "NORMALIZABLES_precision": 0.9027081243731193,
    "NORMALIZABLES_recall": 0.9249743062692704,
    "NO_NORMALIZABLES_f1": 0.0,
    "NO_NORMALIZABLES_number": 10,
    "NO_NORMALIZABLES_precision": 0.0,
    "NO_NORMALIZABLES_recall": 0.0,
    "PROTEINAS_f1": 0.8807446189645143,
    "PROTEINAS_number": 840,
    "PROTEINAS_precision": 0.8612059158134243,
    "PROTEINAS_recall": 0.9011904761904762,
    "UNCLEAR_f1": 0.717948717948718,
    "UNCLEAR_number": 34,
    "UNCLEAR_precision": 0.6363636363636364,
    "UNCLEAR_recall": 0.8235294117647058,
    "overall_accuracy": 0.9962782554843628,
    "overall_f1": 0.8903566710700132,
    "overall_precision": 0.8739626556016598,
    "overall_recall": 0.9073774905761982
}