{
    "FAMILIAR_f1": 0.5593220338983051,
    "FAMILIAR_number": 51,
    "FAMILIAR_precision": 0.4925373134328358,
    "FAMILIAR_recall": 0.6470588235294118,
    "OTROS_f1": 0.6689655172413793,
    "OTROS_number": 146,
    "OTROS_precision": 0.6736111111111112,
    "OTROS_recall": 0.6643835616438356,
    "PACIENTE_f1": 0.643103448275862,
    "PACIENTE_number": 588,
    "PACIENTE_precision": 0.6520979020979021,
    "PACIENTE_recall": 0.6343537414965986,
    "SANITARIO_f1": 0.9136212624584718,
    "SANITARIO_number": 291,
    "SANITARIO_precision": 0.8842443729903537,
    "SANITARIO_recall": 0.9450171821305842,
    "epoch": 10.0,
    "eval_FAMILIAR_f1": 0.6792452830188679,
    "eval_FAMILIAR_number": 45,
    "eval_FAMILIAR_precision": 0.5901639344262295,
    "eval_FAMILIAR_recall": 0.8,
    "eval_OTROS_f1": 0.6784452296819788,
    "eval_OTROS_number": 160,
    "eval_OTROS_precision": 0.7804878048780488,
    "eval_OTROS_recall": 0.6,
    "eval_PACIENTE_f1": 0.6657754010695187,
    "eval_PACIENTE_number": 351,
    "eval_PACIENTE_precision": 0.6272040302267002,
    "eval_PACIENTE_recall": 0.7094017094017094,
    "eval_SANITARIO_f1": 0.8791946308724834,
    "eval_SANITARIO_number": 283,
    "eval_SANITARIO_precision": 0.8370607028753994,
    "eval_SANITARIO_recall": 0.9257950530035336,
    "eval_loss": 0.016739271581172943,
    "eval_overall_accuracy": 0.996910508958482,
    "eval_overall_f1": 0.7420657818811309,
    "eval_overall_precision": 0.7192393736017897,
    "eval_overall_recall": 0.766388557806913,
    "eval_runtime": 11.1246,
    "eval_samples_per_second": 76.318,
    "eval_steps_per_second": 9.618,
    "overall_accuracy": 0.99599441318579,
    "overall_f1": 0.7170506912442396,
    "overall_precision": 0.7111517367458866,
    "overall_recall": 0.7230483271375465,
    "total_flos": 9415287968901120.0,
    "train_loss": 0.006846775356246501,
    "train_runtime": 1817.6713,
    "train_samples_per_second": 19.822,
    "train_steps_per_second": 2.481
}