{
    "ENFERMEDAD_f1": 0.7185017026106696,
    "ENFERMEDAD_number": 2548,
    "ENFERMEDAD_precision": 0.6935719503287071,
    "ENFERMEDAD_recall": 0.7452904238618524,
    "epoch": 10.0,
    "eval_ENFERMEDAD_f1": 0.7075675675675677,
    "eval_ENFERMEDAD_number": 1797,
    "eval_ENFERMEDAD_precision": 0.6878612716763006,
    "eval_ENFERMEDAD_recall": 0.7284362826933779,
    "eval_loss": 0.20076820254325867,
    "eval_overall_accuracy": 0.9658732633475384,
    "eval_overall_f1": 0.7075675675675677,
    "eval_overall_precision": 0.6878612716763006,
    "eval_overall_recall": 0.7284362826933779,
    "eval_runtime": 5.3328,
    "eval_samples_per_second": 52.881,
    "eval_steps_per_second": 6.751,
    "overall_accuracy": 0.9651234307352782,
    "overall_f1": 0.7185017026106696,
    "overall_precision": 0.6935719503287071,
    "overall_recall": 0.7452904238618524,
    "total_flos": 3020933667603456.0,
    "train_loss": 0.037749211048257764,
    "train_runtime": 1095.4974,
    "train_samples_per_second": 10.561,
    "train_steps_per_second": 1.324
}