{
    "epoch": 10.0,
    "eval_ENFERMEDAD_f1": 0.7075675675675677,
    "eval_ENFERMEDAD_number": 1797,
    "eval_ENFERMEDAD_precision": 0.6878612716763006,
    "eval_ENFERMEDAD_recall": 0.7284362826933779,
    "eval_loss": 0.20076820254325867,
    "eval_overall_accuracy": 0.9658732633475384,
    "eval_overall_f1": 0.7075675675675677,
    "eval_overall_precision": 0.6878612716763006,
    "eval_overall_recall": 0.7284362826933779,
    "eval_runtime": 5.3328,
    "eval_samples_per_second": 52.881,
    "eval_steps_per_second": 6.751
}