{
    "CALLE_f1": 0.9488703923900119,
    "CALLE_number": 413,
    "CALLE_precision": 0.9322429906542056,
    "CALLE_recall": 0.9661016949152542,
    "CENTRO_SALUD_f1": 0.5454545454545454,
    "CENTRO_SALUD_number": 6,
    "CENTRO_SALUD_precision": 0.6,
    "CENTRO_SALUD_recall": 0.5,
    "CORREO_ELECTRONICO_f1": 0.8929889298892989,
    "CORREO_ELECTRONICO_number": 249,
    "CORREO_ELECTRONICO_precision": 0.825938566552901,
    "CORREO_ELECTRONICO_recall": 0.9718875502008032,
    "EDAD_SUJETO_ASISTENCIA_f1": 0.9827915869980879,
    "EDAD_SUJETO_ASISTENCIA_number": 518,
    "EDAD_SUJETO_ASISTENCIA_precision": 0.9734848484848485,
    "EDAD_SUJETO_ASISTENCIA_recall": 0.9922779922779923,
    "FAMILIARES_SUJETO_ASISTENCIA_f1": 0.7251461988304092,
    "FAMILIARES_SUJETO_ASISTENCIA_number": 81,
    "FAMILIARES_SUJETO_ASISTENCIA_precision": 0.6888888888888889,
    "FAMILIARES_SUJETO_ASISTENCIA_recall": 0.7654320987654321,
    "FECHAS_f1": 0.9918300653594772,
    "FECHAS_number": 611,
    "FECHAS_precision": 0.9902120717781403,
    "FECHAS_recall": 0.9934533551554828,
    "HOSPITAL_f1": 0.935361216730038,
    "HOSPITAL_number": 130,
    "HOSPITAL_precision": 0.924812030075188,
    "HOSPITAL_recall": 0.9461538461538461,
    "ID_ASEGURAMIENTO_f1": 0.9974683544303797,
    "ID_ASEGURAMIENTO_number": 198,
    "ID_ASEGURAMIENTO_precision": 1.0,
    "ID_ASEGURAMIENTO_recall": 0.9949494949494949,
    "ID_CONTACTO_ASISTENCIAL_f1": 0.9500000000000001,
    "ID_CONTACTO_ASISTENCIAL_number": 39,
    "ID_CONTACTO_ASISTENCIAL_precision": 0.926829268292683,
    "ID_CONTACTO_ASISTENCIAL_recall": 0.9743589743589743,
    "ID_SUJETO_ASISTENCIA_f1": 0.9859649122807017,
    "ID_SUJETO_ASISTENCIA_number": 283,
    "ID_SUJETO_ASISTENCIA_precision": 0.9790940766550522,
    "ID_SUJETO_ASISTENCIA_recall": 0.9929328621908127,
    "ID_TITULACION_PERSONAL_SANITARIO_f1": 0.9915254237288135,
    "ID_TITULACION_PERSONAL_SANITARIO_number": 234,
    "ID_TITULACION_PERSONAL_SANITARIO_precision": 0.9831932773109243,
    "ID_TITULACION_PERSONAL_SANITARIO_recall": 1.0,
    "INSTITUCION_f1": 0.5034965034965035,
    "INSTITUCION_number": 67,
    "INSTITUCION_precision": 0.47368421052631576,
    "INSTITUCION_recall": 0.5373134328358209,
    "NOMBRE_PERSONAL_SANITARIO_f1": 0.9960159362549801,
    "NOMBRE_PERSONAL_SANITARIO_number": 501,
    "NOMBRE_PERSONAL_SANITARIO_precision": 0.9940357852882704,
    "NOMBRE_PERSONAL_SANITARIO_recall": 0.998003992015968,
    "NOMBRE_SUJETO_ASISTENCIA_f1": 0.999004975124378,
    "NOMBRE_SUJETO_ASISTENCIA_number": 502,
    "NOMBRE_SUJETO_ASISTENCIA_precision": 0.9980119284294234,
    "NOMBRE_SUJETO_ASISTENCIA_recall": 1.0,
    "NUMERO_FAX_f1": 0.923076923076923,
    "NUMERO_FAX_number": 7,
    "NUMERO_FAX_precision": 1.0,
    "NUMERO_FAX_recall": 0.8571428571428571,
    "NUMERO_TELEFONO_f1": 0.9019607843137256,
    "NUMERO_TELEFONO_number": 26,
    "NUMERO_TELEFONO_precision": 0.92,
    "NUMERO_TELEFONO_recall": 0.8846153846153846,
    "OTROS_SUJETO_ASISTENCIA_f1": 0.0,
    "OTROS_SUJETO_ASISTENCIA_number": 7,
    "OTROS_SUJETO_ASISTENCIA_precision": 0.0,
    "OTROS_SUJETO_ASISTENCIA_recall": 0.0,
    "PAIS_f1": 0.9753424657534248,
    "PAIS_number": 363,
    "PAIS_precision": 0.9700272479564033,
    "PAIS_recall": 0.9807162534435262,
    "PROFESION_f1": 0.5,
    "PROFESION_number": 9,
    "PROFESION_precision": 0.4,
    "PROFESION_recall": 0.6666666666666666,
    "SEXO_SUJETO_ASISTENCIA_f1": 0.9849462365591397,
    "SEXO_SUJETO_ASISTENCIA_number": 461,
    "SEXO_SUJETO_ASISTENCIA_precision": 0.976545842217484,
    "SEXO_SUJETO_ASISTENCIA_recall": 0.9934924078091106,
    "TERRITORIO_f1": 0.9631551634665283,
    "TERRITORIO_number": 956,
    "TERRITORIO_precision": 0.9557157569515963,
    "TERRITORIO_recall": 0.9707112970711297,
    "epoch": 9.848,
    "eval_CALLE_f1": 0.9101251422070534,
    "eval_CALLE_number": 434,
    "eval_CALLE_precision": 0.898876404494382,
    "eval_CALLE_recall": 0.9216589861751152,
    "eval_CENTRO_SALUD_f1": 0.0,
    "eval_CENTRO_SALUD_number": 2,
    "eval_CENTRO_SALUD_precision": 0.0,
    "eval_CENTRO_SALUD_recall": 0.0,
    "eval_CORREO_ELECTRONICO_f1": 0.8932038834951456,
    "eval_CORREO_ELECTRONICO_number": 235,
    "eval_CORREO_ELECTRONICO_precision": 0.8214285714285714,
    "eval_CORREO_ELECTRONICO_recall": 0.9787234042553191,
    "eval_EDAD_SUJETO_ASISTENCIA_f1": 0.9726027397260274,
    "eval_EDAD_SUJETO_ASISTENCIA_number": 521,
    "eval_EDAD_SUJETO_ASISTENCIA_precision": 0.9920159680638723,
    "eval_EDAD_SUJETO_ASISTENCIA_recall": 0.9539347408829175,
    "eval_FAMILIARES_SUJETO_ASISTENCIA_f1": 0.75,
    "eval_FAMILIARES_SUJETO_ASISTENCIA_number": 92,
    "eval_FAMILIARES_SUJETO_ASISTENCIA_precision": 0.75,
    "eval_FAMILIARES_SUJETO_ASISTENCIA_recall": 0.75,
    "eval_FECHAS_f1": 0.9742519137091161,
    "eval_FECHAS_number": 724,
    "eval_FECHAS_precision": 0.9817671809256662,
    "eval_FECHAS_recall": 0.9668508287292817,
    "eval_HOSPITAL_f1": 0.8794326241134751,
    "eval_HOSPITAL_number": 140,
    "eval_HOSPITAL_precision": 0.8732394366197183,
    "eval_HOSPITAL_recall": 0.8857142857142857,
    "eval_ID_ASEGURAMIENTO_f1": 0.984375,
    "eval_ID_ASEGURAMIENTO_number": 194,
    "eval_ID_ASEGURAMIENTO_precision": 0.9947368421052631,
    "eval_ID_ASEGURAMIENTO_recall": 0.9742268041237113,
    "eval_ID_CONTACTO_ASISTENCIAL_f1": 0.96875,
    "eval_ID_CONTACTO_ASISTENCIAL_number": 32,
    "eval_ID_CONTACTO_ASISTENCIAL_precision": 0.96875,
    "eval_ID_CONTACTO_ASISTENCIAL_recall": 0.96875,
    "eval_ID_SUJETO_ASISTENCIA_f1": 0.9452054794520548,
    "eval_ID_SUJETO_ASISTENCIA_number": 292,
    "eval_ID_SUJETO_ASISTENCIA_precision": 0.9452054794520548,
    "eval_ID_SUJETO_ASISTENCIA_recall": 0.9452054794520548,
    "eval_ID_TITULACION_PERSONAL_SANITARIO_f1": 0.9755011135857461,
    "eval_ID_TITULACION_PERSONAL_SANITARIO_number": 226,
    "eval_ID_TITULACION_PERSONAL_SANITARIO_precision": 0.9820627802690582,
    "eval_ID_TITULACION_PERSONAL_SANITARIO_recall": 0.9690265486725663,
    "eval_INSTITUCION_f1": 0.7388535031847134,
    "eval_INSTITUCION_number": 72,
    "eval_INSTITUCION_precision": 0.6823529411764706,
    "eval_INSTITUCION_recall": 0.8055555555555556,
    "eval_NOMBRE_PERSONAL_SANITARIO_f1": 0.9596774193548386,
    "eval_NOMBRE_PERSONAL_SANITARIO_number": 497,
    "eval_NOMBRE_PERSONAL_SANITARIO_precision": 0.9616161616161616,
    "eval_NOMBRE_PERSONAL_SANITARIO_recall": 0.9577464788732394,
    "eval_NOMBRE_SUJETO_ASISTENCIA_f1": 0.9758064516129032,
    "eval_NOMBRE_SUJETO_ASISTENCIA_number": 503,
    "eval_NOMBRE_SUJETO_ASISTENCIA_precision": 0.9897750511247444,
    "eval_NOMBRE_SUJETO_ASISTENCIA_recall": 0.9622266401590457,
    "eval_NUMERO_FAX_f1": 0.9090909090909091,
    "eval_NUMERO_FAX_number": 6,
    "eval_NUMERO_FAX_precision": 1.0,
    "eval_NUMERO_FAX_recall": 0.8333333333333334,
    "eval_NUMERO_TELEFONO_f1": 0.875,
    "eval_NUMERO_TELEFONO_number": 24,
    "eval_NUMERO_TELEFONO_precision": 0.875,
    "eval_NUMERO_TELEFONO_recall": 0.875,
    "eval_OTROS_SUJETO_ASISTENCIA_f1": 0.0,
    "eval_OTROS_SUJETO_ASISTENCIA_number": 6,
    "eval_OTROS_SUJETO_ASISTENCIA_precision": 0.0,
    "eval_OTROS_SUJETO_ASISTENCIA_recall": 0.0,
    "eval_PAIS_f1": 0.979591836734694,
    "eval_PAIS_number": 347,
    "eval_PAIS_precision": 0.9911504424778761,
    "eval_PAIS_recall": 0.968299711815562,
    "eval_PROFESION_f1": 0.4,
    "eval_PROFESION_number": 4,
    "eval_PROFESION_precision": 0.3333333333333333,
    "eval_PROFESION_recall": 0.5,
    "eval_SEXO_SUJETO_ASISTENCIA_f1": 0.9767441860465116,
    "eval_SEXO_SUJETO_ASISTENCIA_number": 455,
    "eval_SEXO_SUJETO_ASISTENCIA_precision": 0.984375,
    "eval_SEXO_SUJETO_ASISTENCIA_recall": 0.9692307692307692,
    "eval_TERRITORIO_f1": 0.9635336414997432,
    "eval_TERRITORIO_number": 975,
    "eval_TERRITORIO_precision": 0.9650205761316872,
    "eval_TERRITORIO_recall": 0.9620512820512821,
    "eval_loss": 0.04572778940200806,
    "eval_overall_accuracy": 0.9915349854142187,