{
    "CALLE_f1": 0.9488703923900119,
    "CALLE_number": 413,
    "CALLE_precision": 0.9322429906542056,
    "CALLE_recall": 0.9661016949152542,
    "CENTRO_SALUD_f1": 0.5454545454545454,
    "CENTRO_SALUD_number": 6,
    "CENTRO_SALUD_precision": 0.6,
    "CENTRO_SALUD_recall": 0.5,
    "CORREO_ELECTRONICO_f1": 0.8929889298892989,
    "CORREO_ELECTRONICO_number": 249,
    "CORREO_ELECTRONICO_precision": 0.825938566552901,
    "CORREO_ELECTRONICO_recall": 0.9718875502008032,
    "EDAD_SUJETO_ASISTENCIA_f1": 0.9827915869980879,
    "EDAD_SUJETO_ASISTENCIA_number": 518,
    "EDAD_SUJETO_ASISTENCIA_precision": 0.9734848484848485,
    "EDAD_SUJETO_ASISTENCIA_recall": 0.9922779922779923,
    "FAMILIARES_SUJETO_ASISTENCIA_f1": 0.7251461988304092,
    "FAMILIARES_SUJETO_ASISTENCIA_number": 81,
    "FAMILIARES_SUJETO_ASISTENCIA_precision": 0.6888888888888889,
    "FAMILIARES_SUJETO_ASISTENCIA_recall": 0.7654320987654321,
    "FECHAS_f1": 0.9918300653594772,
    "FECHAS_number": 611,
    "FECHAS_precision": 0.9902120717781403,
    "FECHAS_recall": 0.9934533551554828,
    "HOSPITAL_f1": 0.935361216730038,
    "HOSPITAL_number": 130,
    "HOSPITAL_precision": 0.924812030075188,
    "HOSPITAL_recall": 0.9461538461538461,
    "ID_ASEGURAMIENTO_f1": 0.9974683544303797,
    "ID_ASEGURAMIENTO_number": 198,
    "ID_ASEGURAMIENTO_precision": 1.0,
    "ID_ASEGURAMIENTO_recall": 0.9949494949494949,
    "ID_CONTACTO_ASISTENCIAL_f1": 0.9500000000000001,
    "ID_CONTACTO_ASISTENCIAL_number": 39,
    "ID_CONTACTO_ASISTENCIAL_precision": 0.926829268292683,
    "ID_CONTACTO_ASISTENCIAL_recall": 0.9743589743589743,
    "ID_SUJETO_ASISTENCIA_f1": 0.9859649122807017,
    "ID_SUJETO_ASISTENCIA_number": 283,
    "ID_SUJETO_ASISTENCIA_precision": 0.9790940766550522,
    "ID_SUJETO_ASISTENCIA_recall": 0.9929328621908127,
    "ID_TITULACION_PERSONAL_SANITARIO_f1": 0.9915254237288135,
    "ID_TITULACION_PERSONAL_SANITARIO_number": 234,
    "ID_TITULACION_PERSONAL_SANITARIO_precision": 0.9831932773109243,
    "ID_TITULACION_PERSONAL_SANITARIO_recall": 1.0,
    "INSTITUCION_f1": 0.5034965034965035,
    "INSTITUCION_number": 67,
    "INSTITUCION_precision": 0.47368421052631576,
    "INSTITUCION_recall": 0.5373134328358209,
    "NOMBRE_PERSONAL_SANITARIO_f1": 0.9960159362549801,
    "NOMBRE_PERSONAL_SANITARIO_number": 501,
    "NOMBRE_PERSONAL_SANITARIO_precision": 0.9940357852882704,
    "NOMBRE_PERSONAL_SANITARIO_recall": 0.998003992015968,
    "NOMBRE_SUJETO_ASISTENCIA_f1": 0.999004975124378,
    "NOMBRE_SUJETO_ASISTENCIA_number": 502,
    "NOMBRE_SUJETO_ASISTENCIA_precision": 0.9980119284294234,
    "NOMBRE_SUJETO_ASISTENCIA_recall": 1.0,
    "NUMERO_FAX_f1": 0.923076923076923,
    "NUMERO_FAX_number": 7,
    "NUMERO_FAX_precision": 1.0,
    "NUMERO_FAX_recall": 0.8571428571428571,
    "NUMERO_TELEFONO_f1": 0.9019607843137256,
    "NUMERO_TELEFONO_number": 26,
    "NUMERO_TELEFONO_precision": 0.92,
    "NUMERO_TELEFONO_recall": 0.8846153846153846,
    "OTROS_SUJETO_ASISTENCIA_f1": 0.0,
    "OTROS_SUJETO_ASISTENCIA_number": 7,
    "OTROS_SUJETO_ASISTENCIA_precision": 0.0,
    "OTROS_SUJETO_ASISTENCIA_recall": 0.0,
    "PAIS_f1": 0.9753424657534248,
    "PAIS_number": 363,
    "PAIS_precision": 0.9700272479564033,
    "PAIS_recall": 0.9807162534435262,
    "PROFESION_f1": 0.5,
    "PROFESION_number": 9,
    "PROFESION_precision": 0.4,
    "PROFESION_recall": 0.6666666666666666,
    "SEXO_SUJETO_ASISTENCIA_f1": 0.9849462365591397,
    "SEXO_SUJETO_ASISTENCIA_number": 461,
    "SEXO_SUJETO_ASISTENCIA_precision": 0.976545842217484,
    "SEXO_SUJETO_ASISTENCIA_recall": 0.9934924078091106,
    "TERRITORIO_f1": 0.9631551634665283,
    "TERRITORIO_number": 956,
    "TERRITORIO_precision": 0.9557157569515963,
    "TERRITORIO_recall": 0.9707112970711297,
    "overall_accuracy": 0.9966114924300618,
    "overall_f1": 0.9633187772925764,
    "overall_precision": 0.9526688547244775,
    "overall_recall": 0.9742095036212683
}