{
    "FAMILIAR_f1": 0.4791666666666667,
    "FAMILIAR_number": 51,
    "FAMILIAR_precision": 0.5111111111111111,
    "FAMILIAR_recall": 0.45098039215686275,
    "OTROS_f1": 0.6689895470383275,
    "OTROS_number": 146,
    "OTROS_precision": 0.6808510638297872,
    "OTROS_recall": 0.6575342465753424,
    "PACIENTE_f1": 0.6232876712328769,
    "PACIENTE_number": 590,
    "PACIENTE_precision": 0.629757785467128,
    "PACIENTE_recall": 0.6169491525423729,
    "SANITARIO_f1": 0.9121621621621622,
    "SANITARIO_number": 291,
    "SANITARIO_precision": 0.8970099667774086,
    "SANITARIO_recall": 0.9278350515463918,
    "epoch": 9.706827309236948,
    "eval_FAMILIAR_f1": 0.5542168674698796,
    "eval_FAMILIAR_number": 41,
    "eval_FAMILIAR_precision": 0.5476190476190477,
    "eval_FAMILIAR_recall": 0.5609756097560976,
    "eval_OTROS_f1": 0.7673469387755102,
    "eval_OTROS_number": 129,
    "eval_OTROS_precision": 0.8103448275862069,
    "eval_OTROS_recall": 0.7286821705426356,
    "eval_PACIENTE_f1": 0.6311239193083574,
    "eval_PACIENTE_number": 326,
    "eval_PACIENTE_precision": 0.595108695652174,
    "eval_PACIENTE_recall": 0.6717791411042945,
    "eval_SANITARIO_f1": 0.874251497005988,
    "eval_SANITARIO_number": 237,
    "eval_SANITARIO_precision": 0.8295454545454546,
    "eval_SANITARIO_recall": 0.9240506329113924,
    "eval_loss": 0.017945876345038414,
    "eval_overall_accuracy": 0.9963582277910488,
    "eval_overall_f1": 0.7288246881155614,
    "eval_overall_precision": 0.7025316455696202,
    "eval_overall_recall": 0.757162346521146,
    "eval_runtime": 11.255,
    "eval_samples_per_second": 22.035,
    "eval_steps_per_second": 5.509,
    "overall_accuracy": 0.9952205824694572,
    "overall_f1": 0.702753149790014,
    "overall_precision": 0.7070422535211267,
    "overall_recall": 0.6985157699443414,
    "total_flos": 1.0003810617875808e+16,
    "train_loss": 0.02225157214749244,
    "train_runtime": 1794.1338,
    "train_samples_per_second": 5.546,
    "train_steps_per_second": 0.173
}