{
    "FAMILIAR_f1": 0.4791666666666667,
    "FAMILIAR_number": 51,
    "FAMILIAR_precision": 0.5111111111111111,
    "FAMILIAR_recall": 0.45098039215686275,
    "OTROS_f1": 0.6689895470383275,
    "OTROS_number": 146,
    "OTROS_precision": 0.6808510638297872,
    "OTROS_recall": 0.6575342465753424,
    "PACIENTE_f1": 0.6232876712328769,
    "PACIENTE_number": 590,
    "PACIENTE_precision": 0.629757785467128,
    "PACIENTE_recall": 0.6169491525423729,
    "SANITARIO_f1": 0.9121621621621622,
    "SANITARIO_number": 291,
    "SANITARIO_precision": 0.8970099667774086,
    "SANITARIO_recall": 0.9278350515463918,
    "overall_accuracy": 0.9952205824694572,
    "overall_f1": 0.702753149790014,
    "overall_precision": 0.7070422535211267,
    "overall_recall": 0.6985157699443414
}