{
    "epoch": 9.706827309236948,
    "total_flos": 1.0003810617875808e+16,
    "train_loss": 0.02225157214749244,
    "train_runtime": 1794.1338,
    "train_samples_per_second": 5.546,
    "train_steps_per_second": 0.173
}