{
    "FARMACO_f1": 0.9055745164960182,
    "FARMACO_number": 1717,
    "FARMACO_precision": 0.8849360755975542,
    "FARMACO_recall": 0.9271986022131625,
    "epoch": 10.0,
    "eval_FARMACO_f1": 0.888248479026577,
    "eval_FARMACO_number": 3060,
    "eval_FARMACO_precision": 0.8706842435655995,
    "eval_FARMACO_recall": 0.9065359477124183,
    "eval_loss": 0.015344616025686264,
    "eval_overall_accuracy": 0.9979952849766739,
    "eval_overall_f1": 0.888248479026577,
    "eval_overall_precision": 0.8706842435655995,
    "eval_overall_recall": 0.9065359477124183,
    "eval_runtime": 15.0268,
    "eval_samples_per_second": 69.476,
    "eval_steps_per_second": 8.718,
    "overall_accuracy": 0.9982650583406991,
    "overall_f1": 0.9055745164960182,
    "overall_precision": 0.8849360755975542,
    "overall_recall": 0.9271986022131625,
    "total_flos": 3679026272204544.0,
    "train_loss": 0.0037849560076517338,
    "train_runtime": 887.2388,
    "train_samples_per_second": 15.971,
    "train_steps_per_second": 2.006
}