{
    "FARMACO_f1": 0.9055745164960182,
    "FARMACO_number": 1717,
    "FARMACO_precision": 0.8849360755975542,
    "FARMACO_recall": 0.9271986022131625,
    "overall_accuracy": 0.9982650583406991,
    "overall_f1": 0.9055745164960182,
    "overall_precision": 0.8849360755975542,
    "overall_recall": 0.9271986022131625
}