{
    "ACTIVIDAD_f1": 0.3829787234042553,
    "ACTIVIDAD_number": 28,
    "ACTIVIDAD_precision": 0.47368421052631576,
    "ACTIVIDAD_recall": 0.32142857142857145,
    "PROFESION_f1": 0.814867762687634,
    "PROFESION_number": 695,
    "PROFESION_precision": 0.8096590909090909,
    "PROFESION_recall": 0.8201438848920863,
    "SITUACION_LABORAL_f1": 0.6136986301369862,
    "SITUACION_LABORAL_number": 356,
    "SITUACION_LABORAL_precision": 0.5989304812834224,
    "SITUACION_LABORAL_recall": 0.6292134831460674,
    "overall_accuracy": 0.9960596270564434,
    "overall_f1": 0.7380514705882353,
    "overall_precision": 0.731996353691887,
    "overall_recall": 0.7442075996292864
}