{
    "epoch": 9.923694779116467,
    "total_flos": 1.003105633827144e+16,
    "train_loss": 0.009328487912012684,
    "train_runtime": 2089.6359,
    "train_samples_per_second": 4.752,
    "train_steps_per_second": 0.593
}