{
    "epoch": 10.0,
    "eval_NORMALIZABLES_f1": 0.9029082774049217,
    "eval_NORMALIZABLES_number": 1104,
    "eval_NORMALIZABLES_precision": 0.8921308576480991,
    "eval_NORMALIZABLES_recall": 0.9139492753623188,
    "eval_NO_NORMALIZABLES_f1": 0.0,
    "eval_NO_NORMALIZABLES_number": 16,
    "eval_NO_NORMALIZABLES_precision": 0.0,
    "eval_NO_NORMALIZABLES_recall": 0.0,
    "eval_PROTEINAS_f1": 0.8658536585365854,
    "eval_PROTEINAS_number": 736,
    "eval_PROTEINAS_precision": 0.8635135135135135,
    "eval_PROTEINAS_recall": 0.8682065217391305,
    "eval_UNCLEAR_f1": 0.8817204301075268,
    "eval_UNCLEAR_number": 44,
    "eval_UNCLEAR_precision": 0.8367346938775511,
    "eval_UNCLEAR_recall": 0.9318181818181818,
    "eval_loss": 0.037763919681310654,
    "eval_overall_accuracy": 0.9940403938998458,
    "eval_overall_f1": 0.8835992675908972,
    "eval_overall_precision": 0.8783151326053042,
    "eval_overall_recall": 0.8889473684210526,
    "eval_runtime": 7.7217,
    "eval_samples_per_second": 490.436,
    "eval_steps_per_second": 30.693
}