{
    "NORMALIZABLES_f1": 0.9148167268972638,
    "NORMALIZABLES_number": 961,
    "NORMALIZABLES_precision": 0.9077868852459017,
    "NORMALIZABLES_recall": 0.9219562955254943,
    "NO_NORMALIZABLES_f1": 0.0,
    "NO_NORMALIZABLES_number": 10,
    "NO_NORMALIZABLES_precision": 0.0,
    "NO_NORMALIZABLES_recall": 0.0,
    "PROTEINAS_f1": 0.8426573426573426,
    "PROTEINAS_number": 835,
    "PROTEINAS_precision": 0.8206583427922814,
    "PROTEINAS_recall": 0.8658682634730539,
    "UNCLEAR_f1": 0.8484848484848485,
    "UNCLEAR_number": 34,
    "UNCLEAR_precision": 0.875,
    "UNCLEAR_recall": 0.8235294117647058,
    "overall_accuracy": 0.9946056302084708,
    "overall_f1": 0.8775127311712679,
    "overall_precision": 0.8656795346377578,
    "overall_recall": 0.8896739130434783
}