{
    "ACTIVIDAD_f1": 0.35294117647058826,
    "ACTIVIDAD_number": 28,
    "ACTIVIDAD_precision": 0.391304347826087,
    "ACTIVIDAD_recall": 0.32142857142857145,
    "PROFESION_f1": 0.8430107526881719,
    "PROFESION_number": 695,
    "PROFESION_precision": 0.84,
    "PROFESION_recall": 0.8460431654676259,
    "SITUACION_LABORAL_f1": 0.6443514644351465,
    "SITUACION_LABORAL_number": 356,
    "SITUACION_LABORAL_precision": 0.6398891966759003,
    "SITUACION_LABORAL_recall": 0.648876404494382,
    "epoch": 9.923694779116467,
    "eval_ACTIVIDAD_f1": 0.1904761904761905,
    "eval_ACTIVIDAD_number": 18,
    "eval_ACTIVIDAD_precision": 0.16666666666666666,
    "eval_ACTIVIDAD_recall": 0.2222222222222222,
    "eval_PROFESION_f1": 0.8348170128585558,
    "eval_PROFESION_number": 492,
    "eval_PROFESION_precision": 0.8131021194605009,
    "eval_PROFESION_recall": 0.8577235772357723,
    "eval_SITUACION_LABORAL_f1": 0.630272952853598,
    "eval_SITUACION_LABORAL_number": 175,
    "eval_SITUACION_LABORAL_precision": 0.5570175438596491,
    "eval_SITUACION_LABORAL_recall": 0.7257142857142858,
    "eval_loss": 0.015758130699396133,
    "eval_overall_accuracy": 0.9969005293140382,
    "eval_overall_f1": 0.7596153846153847,
    "eval_overall_precision": 0.7172503242542153,
    "eval_overall_recall": 0.8072992700729927,
    "eval_runtime": 12.3982,
    "eval_samples_per_second": 20.164,
    "eval_steps_per_second": 5.081,
    "overall_accuracy": 0.9961458839766009,
    "overall_f1": 0.7656033287101248,
    "overall_precision": 0.7638376383763837,
    "overall_recall": 0.7673772011121409,
    "total_flos": 1.003105633827144e+16,
    "train_loss": 0.010673739917335971,
    "train_runtime": 2019.9388,
    "train_samples_per_second": 4.916,
    "train_steps_per_second": 0.614
}