{
    "ACTIVIDAD_f1": 0.35294117647058826,
    "ACTIVIDAD_number": 28,
    "ACTIVIDAD_precision": 0.391304347826087,
    "ACTIVIDAD_recall": 0.32142857142857145,
    "PROFESION_f1": 0.8430107526881719,
    "PROFESION_number": 695,
    "PROFESION_precision": 0.84,
    "PROFESION_recall": 0.8460431654676259,
    "SITUACION_LABORAL_f1": 0.6443514644351465,
    "SITUACION_LABORAL_number": 356,
    "SITUACION_LABORAL_precision": 0.6398891966759003,
    "SITUACION_LABORAL_recall": 0.648876404494382,
    "overall_accuracy": 0.9961458839766009,
    "overall_f1": 0.7656033287101248,
    "overall_precision": 0.7638376383763837,
    "overall_recall": 0.7673772011121409
}