{
    "epoch": 9.923694779116467,
    "total_flos": 1.003105633827144e+16,
    "train_loss": 0.010673739917335971,
    "train_runtime": 2019.9388,
    "train_samples_per_second": 4.916,
    "train_steps_per_second": 0.614
}