{
    "epoch": 9.746666666666666,
    "total_flos": 2712594530204496.0,
    "train_loss": 0.055813361502982474,
    "train_runtime": 675.0854,
    "train_samples_per_second": 8.873,
    "train_steps_per_second": 0.548
}