{
    "ENFERMEDAD_f1": 0.675108628181254,
    "ENFERMEDAD_number": 7757,
    "ENFERMEDAD_precision": 0.6510235843409553,
    "ENFERMEDAD_recall": 0.7010442181255641,
    "epoch": 10.0,
    "eval_ENFERMEDAD_f1": 0.6685755189692196,
    "eval_ENFERMEDAD_number": 12663,
    "eval_ENFERMEDAD_precision": 0.6392651296829971,
    "eval_ENFERMEDAD_recall": 0.7007028350311932,
    "eval_loss": 0.2718312442302704,
    "eval_overall_accuracy": 0.9562163622384307,
    "eval_overall_f1": 0.6685755189692196,
    "eval_overall_precision": 0.6392651296829971,
    "eval_overall_recall": 0.7007028350311932,
    "eval_runtime": 19.2144,
    "eval_samples_per_second": 73.591,
    "eval_steps_per_second": 9.212,
    "overall_accuracy": 0.9580183326265314,
    "overall_f1": 0.675108628181254,
    "overall_precision": 0.6510235843409553,
    "overall_recall": 0.7010442181255641,
    "total_flos": 5017866589745856.0,
    "train_loss": 0.0353160496074629,
    "train_runtime": 1385.656,
    "train_samples_per_second": 13.871,
    "train_steps_per_second": 1.739
}