{
    "epoch": 10.0,
    "eval_ENFERMEDAD_f1": 0.6685755189692196,
    "eval_ENFERMEDAD_number": 12663,
    "eval_ENFERMEDAD_precision": 0.6392651296829971,
    "eval_ENFERMEDAD_recall": 0.7007028350311932,
    "eval_loss": 0.2718312442302704,
    "eval_overall_accuracy": 0.9562163622384307,
    "eval_overall_f1": 0.6685755189692196,
    "eval_overall_precision": 0.6392651296829971,
    "eval_overall_recall": 0.7007028350311932,
    "eval_runtime": 19.2144,
    "eval_samples_per_second": 73.591,
    "eval_steps_per_second": 9.212
}