{
    "ENFERMEDAD_f1": 0.7475201197828936,
    "ENFERMEDAD_number": 2550,
    "ENFERMEDAD_precision": 0.7150017901897601,
    "ENFERMEDAD_recall": 0.7831372549019607,
    "epoch": 10.0,
    "eval_ENFERMEDAD_f1": 0.7442143727161998,
    "eval_ENFERMEDAD_number": 1559,
    "eval_ENFERMEDAD_precision": 0.7084057971014492,
    "eval_ENFERMEDAD_recall": 0.7838357921744709,
    "eval_loss": 0.1706068217754364,
    "eval_overall_accuracy": 0.9705925023212628,
    "eval_overall_f1": 0.7442143727161998,
    "eval_overall_precision": 0.7084057971014492,
    "eval_overall_recall": 0.7838357921744709,
    "eval_runtime": 3.5305,
    "eval_samples_per_second": 42.487,
    "eval_steps_per_second": 10.763,
    "overall_accuracy": 0.9700700017073587,
    "overall_f1": 0.7475201197828936,
    "overall_precision": 0.7150017901897601,
    "overall_recall": 0.7831372549019607,
    "total_flos": 2782933889020992.0,
    "train_loss": 0.03356092031796773,
    "train_runtime": 732.3768,
    "train_samples_per_second": 8.193,
    "train_steps_per_second": 1.024
}