{
    "ENFERMEDAD_f1": 0.7056436739210624,
    "ENFERMEDAD_number": 7840,
    "ENFERMEDAD_precision": 0.6811061001661524,
    "ENFERMEDAD_recall": 0.732015306122449,
    "epoch": 10.0,
    "eval_ENFERMEDAD_f1": 0.6997832099872916,
    "eval_ENFERMEDAD_number": 12859,
    "eval_ENFERMEDAD_precision": 0.6736955739474632,
    "eval_ENFERMEDAD_recall": 0.7279726261762189,
    "eval_loss": 0.29599058628082275,
    "eval_overall_accuracy": 0.9560697388662597,
    "eval_overall_f1": 0.6997832099872916,
    "eval_overall_precision": 0.6736955739474632,
    "eval_overall_recall": 0.7279726261762189,
    "eval_runtime": 31.4276,
    "eval_samples_per_second": 41.588,
    "eval_steps_per_second": 5.218,
    "overall_accuracy": 0.9587437963742753,
    "overall_f1": 0.7056436739210624,
    "overall_precision": 0.6811061001661524,
    "overall_recall": 0.732015306122449,
    "total_flos": 1.6092921499535616e+16,
    "train_loss": 0.0357601517150479,
    "train_runtime": 2101.4364,
    "train_samples_per_second": 8.251,
    "train_steps_per_second": 1.033
}