{
    "epoch": 10.0,
    "eval_ENFERMEDAD_f1": 0.6997832099872916,
    "eval_ENFERMEDAD_number": 12859,
    "eval_ENFERMEDAD_precision": 0.6736955739474632,
    "eval_ENFERMEDAD_recall": 0.7279726261762189,
    "eval_loss": 0.29599058628082275,
    "eval_overall_accuracy": 0.9560697388662597,
    "eval_overall_f1": 0.6997832099872916,
    "eval_overall_precision": 0.6736955739474632,
    "eval_overall_recall": 0.7279726261762189,
    "eval_runtime": 31.4276,
    "eval_samples_per_second": 41.588,
    "eval_steps_per_second": 5.218
}