{
    "epoch": 10.0,
    "total_flos": 1.6092921499535616e+16,
    "train_loss": 0.0357601517150479,
    "train_runtime": 2101.4364,
    "train_samples_per_second": 8.251,
    "train_steps_per_second": 1.033
}