{
    "MORFOLOGIA_NEOPLASIA_f1": 0.8265154583502093,
    "MORFOLOGIA_NEOPLASIA_number": 3562,
    "MORFOLOGIA_NEOPLASIA_precision": 0.7960988296488947,
    "MORFOLOGIA_NEOPLASIA_recall": 0.8593486805165638,
    "epoch": 10.0,
    "eval_MORFOLOGIA_NEOPLASIA_f1": 0.8360128617363345,
    "eval_MORFOLOGIA_NEOPLASIA_number": 5901,
    "eval_MORFOLOGIA_NEOPLASIA_precision": 0.8140655105973025,
    "eval_MORFOLOGIA_NEOPLASIA_recall": 0.8591764107778342,
    "eval_loss": 0.05231339856982231,
    "eval_overall_accuracy": 0.9911315240083507,
    "eval_overall_f1": 0.8360128617363345,
    "eval_overall_precision": 0.8140655105973025,
    "eval_overall_recall": 0.8591764107778342,
    "eval_runtime": 19.3428,
    "eval_samples_per_second": 25.849,
    "eval_steps_per_second": 6.462,
    "overall_accuracy": 0.9912878787878788,
    "overall_f1": 0.8265154583502093,
    "overall_precision": 0.7960988296488947,
    "overall_recall": 0.8593486805165638,
    "total_flos": 4650369101642880.0,
    "train_loss": 0.01546588937441508,
    "train_runtime": 1068.4313,
    "train_samples_per_second": 4.689,
    "train_steps_per_second": 0.59
}