{
    "MORFOLOGIA_NEOPLASIA_f1": 0.8265154583502093,
    "MORFOLOGIA_NEOPLASIA_number": 3562,
    "MORFOLOGIA_NEOPLASIA_precision": 0.7960988296488947,
    "MORFOLOGIA_NEOPLASIA_recall": 0.8593486805165638,
    "overall_accuracy": 0.9912878787878788,
    "overall_f1": 0.8265154583502093,
    "overall_precision": 0.7960988296488947,
    "overall_recall": 0.8593486805165638
}