{
    "NORMALIZABLES_f1": 0.9228441754916793,
    "NORMALIZABLES_number": 973,
    "NORMALIZABLES_precision": 0.905940594059406,
    "NORMALIZABLES_recall": 0.9403905447070915,
    "NO_NORMALIZABLES_f1": 0.0,
    "NO_NORMALIZABLES_number": 10,
    "NO_NORMALIZABLES_precision": 0.0,
    "NO_NORMALIZABLES_recall": 0.0,
    "PROTEINAS_f1": 0.8648954211418881,
    "PROTEINAS_number": 859,
    "PROTEINAS_precision": 0.8406593406593407,
    "PROTEINAS_recall": 0.8905704307334109,
    "UNCLEAR_f1": 0.7761194029850745,
    "UNCLEAR_number": 34,
    "UNCLEAR_precision": 0.7878787878787878,
    "UNCLEAR_recall": 0.7647058823529411,
    "epoch": 9.848,
    "eval_NORMALIZABLES_f1": 0.9136343708899605,
    "eval_NORMALIZABLES_number": 1121,
    "eval_NORMALIZABLES_precision": 0.8982758620689655,
    "eval_NORMALIZABLES_recall": 0.9295272078501338,
    "eval_NO_NORMALIZABLES_f1": 0.08695652173913043,
    "eval_NO_NORMALIZABLES_number": 16,
    "eval_NO_NORMALIZABLES_precision": 0.14285714285714285,
    "eval_NO_NORMALIZABLES_recall": 0.0625,
    "eval_PROTEINAS_f1": 0.8902116402116402,
    "eval_PROTEINAS_number": 745,
    "eval_PROTEINAS_precision": 0.877444589308996,
    "eval_PROTEINAS_recall": 0.9033557046979865,
    "eval_UNCLEAR_f1": 0.7777777777777778,
    "eval_UNCLEAR_number": 44,
    "eval_UNCLEAR_precision": 0.7608695652173914,
    "eval_UNCLEAR_recall": 0.7954545454545454,
    "eval_loss": 0.0221821628510952,
    "eval_overall_accuracy": 0.9954751929437706,
    "eval_overall_f1": 0.8965693804403482,
    "eval_overall_precision": 0.8843434343434343,
    "eval_overall_recall": 0.9091381100726895,
    "eval_runtime": 7.2474,
    "eval_samples_per_second": 34.495,
    "eval_steps_per_second": 8.693,
    "overall_accuracy": 0.9957750310284441,
    "overall_f1": 0.8890046899426786,
    "overall_precision": 0.8695208970438328,
    "overall_recall": 0.9093816631130064,
    "total_flos": 2312689863955968.0,
    "train_loss": 0.02168926260163707,
    "train_runtime": 788.3855,
    "train_samples_per_second": 6.342,
    "train_steps_per_second": 0.786
}