{
    "epoch": 9.848,
    "eval_NORMALIZABLES_f1": 0.9136343708899605,
    "eval_NORMALIZABLES_number": 1121,
    "eval_NORMALIZABLES_precision": 0.8982758620689655,
    "eval_NORMALIZABLES_recall": 0.9295272078501338,
    "eval_NO_NORMALIZABLES_f1": 0.08695652173913043,
    "eval_NO_NORMALIZABLES_number": 16,
    "eval_NO_NORMALIZABLES_precision": 0.14285714285714285,
    "eval_NO_NORMALIZABLES_recall": 0.0625,
    "eval_PROTEINAS_f1": 0.8902116402116402,
    "eval_PROTEINAS_number": 745,
    "eval_PROTEINAS_precision": 0.877444589308996,
    "eval_PROTEINAS_recall": 0.9033557046979865,
    "eval_UNCLEAR_f1": 0.7777777777777778,
    "eval_UNCLEAR_number": 44,
    "eval_UNCLEAR_precision": 0.7608695652173914,
    "eval_UNCLEAR_recall": 0.7954545454545454,
    "eval_loss": 0.0221821628510952,
    "eval_overall_accuracy": 0.9954751929437706,
    "eval_overall_f1": 0.8965693804403482,
    "eval_overall_precision": 0.8843434343434343,
    "eval_overall_recall": 0.9091381100726895,
    "eval_runtime": 7.2474,
    "eval_samples_per_second": 34.495,
    "eval_steps_per_second": 8.693
}