{
    "NORMALIZABLES_f1": 0.9228441754916793,
    "NORMALIZABLES_number": 973,
    "NORMALIZABLES_precision": 0.905940594059406,
    "NORMALIZABLES_recall": 0.9403905447070915,
    "NO_NORMALIZABLES_f1": 0.0,
    "NO_NORMALIZABLES_number": 10,
    "NO_NORMALIZABLES_precision": 0.0,
    "NO_NORMALIZABLES_recall": 0.0,
    "PROTEINAS_f1": 0.8648954211418881,
    "PROTEINAS_number": 859,
    "PROTEINAS_precision": 0.8406593406593407,
    "PROTEINAS_recall": 0.8905704307334109,
    "UNCLEAR_f1": 0.7761194029850745,
    "UNCLEAR_number": 34,
    "UNCLEAR_precision": 0.7878787878787878,
    "UNCLEAR_recall": 0.7647058823529411,
    "overall_accuracy": 0.9957750310284441,
    "overall_f1": 0.8890046899426786,
    "overall_precision": 0.8695208970438328,
    "overall_recall": 0.9093816631130064
}